[{
  "url": "https://www.bing.com/images/create/portrait-photo-of-a-female-cat-dressed-in-modern-i/1-65802adbc38240a0b548d5bd25b61bad?id=yUkXvjUU%2fvkYHGPnyHzGRA%3d%3d&view=detailv2&idpp=genimg&idpbck=1&form=BICREC",
  "urlHash": "8e4a0dcd51b4f3b6532678686907021b",
  "download": "https://api.apify.com/v2/key-value-stores/yNNpd5MHwJ7s2ccIv/records/8e4a0dcd51b4f3b6532678686907021b.zip"
},
{
  "url": "https://www.bing.com/images/create/portrait-photo-of-a-female-cat-dressed-in-modern-i/1-65802adbc38240a0b548d5bd25b61bad?id=mON5h7q83mlrF8sxTpNH2w%3d%3d&view=detailv2&idpp=genimg&idpbck=1&form=BICREC",
  "urlHash": "e8ebe256cdc650f18f311dde21026be2",
  "download": "https://api.apify.com/v2/key-value-stores/yNNpd5MHwJ7s2ccIv/records/e8ebe256cdc650f18f311dde21026be2.zip"
},
{
  "url": "https://www.bing.com/images/create/portrait-photo-of-a-female-cat-dressed-in-modern-i/1-65802adbc38240a0b548d5bd25b61bad?id=ToXxcZZZSV4tkmZiJUFE3Q%3d%3d&view=detailv2&idpp=genimg&idpbck=1&form=BICREC",
  "urlHash": "ce06439ccc1df0af950616c012f32cda",
  "download": "https://api.apify.com/v2/key-value-stores/yNNpd5MHwJ7s2ccIv/records/ce06439ccc1df0af950616c012f32cda.zip"
},
{
  "url": "https://www.bing.com/images/create/portrait-photo-of-a-female-cat-dressed-in-modern-i/1-65802adbc38240a0b548d5bd25b61bad?id=W%2bfmWbnsberiEsJhEWGlVA%3d%3d&view=detailv2&idpp=genimg&idpbck=1&form=BICREC",
  "urlHash": "99dec71687962ee8cd75e204fb656c45",
  "download": "https://api.apify.com/v2/key-value-stores/yNNpd5MHwJ7s2ccIv/records/99dec71687962ee8cd75e204fb656c45.zip"
},
{
  "url": "https://www.bing.com/images/create/portrait-photo-of-a-female-cat-dressed-in-modern-i/1-65802ab9ac764dd6a30375ef8aceee8c?id=jl16vWgZBNJs7cHSYjDzqg%3d%3d&view=detailv2&idpp=genimg&idpbck=1&form=BICREC",
  "urlHash": "6461d22665e930d2942a700b46e61443",
  "download": "https://api.apify.com/v2/key-value-stores/yNNpd5MHwJ7s2ccIv/records/6461d22665e930d2942a700b46e61443.zip"
},
{
  "url": "https://www.bing.com/images/create/portrait-photo-of-a-female-cat-dressed-in-modern-i/1-65802ab9ac764dd6a30375ef8aceee8c?id=jFFs2BvYUVGFpNweOfVKaw%3d%3d&view=detailv2&idpp=genimg&idpbck=1&form=BICREC",
  "urlHash": "f4865e34f792f43948fd1b10e9380643",
  "download": "https://api.apify.com/v2/key-value-stores/yNNpd5MHwJ7s2ccIv/records/f4865e34f792f43948fd1b10e9380643.zip"
},
{
  "url": "https://www.bing.com/images/create/portrait-photo-of-a-female-cat-dressed-in-modern-i/1-65802a9609824946bbafbe402dce17f6?id=PZTmKhciUDC4TUQg2sItnQ%3d%3d&view=detailv2&idpp=genimg&idpbck=1&form=BICREC",
  "urlHash": "846fadf29d1b32c65fee2b0470b8a3f0",
  "download": "https://api.apify.com/v2/key-value-stores/yNNpd5MHwJ7s2ccIv/records/846fadf29d1b32c65fee2b0470b8a3f0.zip"
},
{
  "url": "https://www.bing.com/images/create/portrait-photo-of-a-female-cat-dressed-in-modern-i/1-65802a9609824946bbafbe402dce17f6?id=SilqBS%2fzcUsxKIWf4AVjWQ%3d%3d&view=detailv2&idpp=genimg&idpbck=1&form=BICREC",
  "urlHash": "b7118464b5675cea13168681d29c1a30",
  "download": "https://api.apify.com/v2/key-value-stores/yNNpd5MHwJ7s2ccIv/records/b7118464b5675cea13168681d29c1a30.zip"
},
{
  "url": "https://www.bing.com/images/create/portrait-photo-of-a-female-cat-dressed-in-modern-i/1-65802a9609824946bbafbe402dce17f6?id=OQcW41s4YTpdYXbM1n4QrQ%3d%3d&view=detailv2&idpp=genimg&idpbck=1&form=BICREC",
  "urlHash": "077efd8741e33ed27b270b6254238206",
  "download": "https://api.apify.com/v2/key-value-stores/yNNpd5MHwJ7s2ccIv/records/077efd8741e33ed27b270b6254238206.zip"
},
{
  "url": "https://www.bing.com/images/create/portrait-photo-of-a-female-cat-dressed-in-modern-i/1-65802ab9ac764dd6a30375ef8aceee8c?id=oyqZY8bFZWCsgaz6%2fPG1Jg%3d%3d&view=detailv2&idpp=genimg&idpbck=1&form=BICREC",
  "urlHash": "33ebded11d4da78e04bcdb47666821f1",
  "download": "https://api.apify.com/v2/key-value-stores/yNNpd5MHwJ7s2ccIv/records/33ebded11d4da78e04bcdb47666821f1.zip"
},
{
  "url": "https://www.bing.com/images/create/portrait-photo-of-a-female-cat-dressed-in-modern-i/1-65802ab9ac764dd6a30375ef8aceee8c?id=K1g7MSS8sGbF%2fnM98JdHTw%3d%3d&view=detailv2&idpp=genimg&idpbck=1&form=BICREC",
  "urlHash": "cba1bb0fc71f8109e2896af53180edbc",
  "download": "https://api.apify.com/v2/key-value-stores/yNNpd5MHwJ7s2ccIv/records/cba1bb0fc71f8109e2896af53180edbc.zip"
},
{
  "url": "https://www.bing.com/images/create/portrait-photo-of-a-female-cat-dressed-in-modern-i/1-65802a9609824946bbafbe402dce17f6?id=ZXLWSWUtuMMsKkZ13qs4tw%3d%3d&view=detailv2&idpp=genimg&idpbck=1&form=BICREC",
  "urlHash": "1a317ce64ccf202592e849a47e9cc8cb",
  "download": "https://api.apify.com/v2/key-value-stores/yNNpd5MHwJ7s2ccIv/records/1a317ce64ccf202592e849a47e9cc8cb.zip"
},
{
  "url": "https://www.bing.com/images/create/portrait-photo-of-a-female-cat-dressed-in-modern-i/1-65802a6afb0c4a6ba161a41797fbce61?id=PFM9h%2brPBwvUhhPLhtheQw%3d%3d&view=detailv2&idpp=genimg&idpbck=1&form=BICREC",
  "urlHash": "5b59459daa299a515e2f9ecd46d59361",
  "download": "https://api.apify.com/v2/key-value-stores/yNNpd5MHwJ7s2ccIv/records/5b59459daa299a515e2f9ecd46d59361.zip"
},
{
  "url": "https://www.bing.com/images/create/portrait-photo-of-a-female-cat-dressed-in-modern-i/1-65802a6afb0c4a6ba161a41797fbce61?id=A%2b7RHAFaNZDiTUQmlJ2AoA%3d%3d&view=detailv2&idpp=genimg&idpbck=1&form=BICREC",
  "urlHash": "5dd74587cebd0c008e9a12f7c1d12996",
  "download": "https://api.apify.com/v2/key-value-stores/yNNpd5MHwJ7s2ccIv/records/5dd74587cebd0c008e9a12f7c1d12996.zip"
},
{
  "url": "https://www.bing.com/images/create/portrait-photo-of-a-female-cat-dressed-in-modern-i/1-65802a6afb0c4a6ba161a41797fbce61?id=FfEuAg8zD%2fCTthaz5%2fv7NA%3d%3d&view=detailv2&idpp=genimg&idpbck=1&form=BICREC",
  "urlHash": "6fa6a3d59b9f870ec762367067e6d858",
  "download": "https://api.apify.com/v2/key-value-stores/yNNpd5MHwJ7s2ccIv/records/6fa6a3d59b9f870ec762367067e6d858.zip"
},
{
  "url": "https://www.bing.com/images/create/portrait-photo-of-a-female-cat-dressed-in-modern-i/1-65802bf16b62430ba27c9e3a13864329?id=JJbF7971AX%2bi89Bbn%2bZojA%3d%3d&view=detailv2&idpp=genimg&idpbck=1&form=BICREC",
  "urlHash": "08daff68a03865e026426dbdef9e1460",
  "download": "https://api.apify.com/v2/key-value-stores/yNNpd5MHwJ7s2ccIv/records/08daff68a03865e026426dbdef9e1460.zip"
},
{
  "url": "https://www.bing.com/images/create/portrait-photo-of-a-female-cat-dressed-in-modern-i/1-65802bf16b62430ba27c9e3a13864329?id=uYyuqvHCxvyoq7myeM8Lig%3d%3d&view=detailv2&idpp=genimg&idpbck=1&form=BICREC",
  "urlHash": "944415afa76279dda04cd87db2e9d0c5",
  "download": "https://api.apify.com/v2/key-value-stores/yNNpd5MHwJ7s2ccIv/records/944415afa76279dda04cd87db2e9d0c5.zip"
},
{
  "url": "https://www.bing.com/images/create/portrait-photo-of-a-female-cat-dressed-in-modern-i/1-65802a6afb0c4a6ba161a41797fbce61?id=DW0YOQVxsITqzAjPv6i%2bsQ%3d%3d&view=detailv2&idpp=genimg&idpbck=1&form=BICREC",
  "urlHash": "47a8085147f0c8c9a7b355df04332964",
  "download": "https://api.apify.com/v2/key-value-stores/yNNpd5MHwJ7s2ccIv/records/47a8085147f0c8c9a7b355df04332964.zip"
},
{
  "url": "https://www.bing.com/images/create/portrait-photo-of-a-female-cat-dressed-in-modern-i/1-65802bf16b62430ba27c9e3a13864329?id=bNa9klrfL3F7Go6wvR72xw%3d%3d&view=detailv2&idpp=genimg&idpbck=1&form=BICREC",
  "urlHash": "482c3706dc912005ea3af222abc13127",
  "download": "https://api.apify.com/v2/key-value-stores/yNNpd5MHwJ7s2ccIv/records/482c3706dc912005ea3af222abc13127.zip"
},
{
  "url": "https://www.bing.com/images/create/portrait-photo-of-a-female-cat-dressed-in-modern-i/1-65802bf16b62430ba27c9e3a13864329?id=2Lj73W5dWhAWPd%2bptG%2b%2bxg%3d%3d&view=detailv2&idpp=genimg&idpbck=1&form=BICREC",
  "urlHash": "7df678983534d1b3323993cdb4c36fc6",
  "download": "https://api.apify.com/v2/key-value-stores/yNNpd5MHwJ7s2ccIv/records/7df678983534d1b3323993cdb4c36fc6.zip"
},
{
  "url": "https://www.bing.com/images/create/portrait-photo-of-a-female-cat-dressed-in-modern-i/1-65802bd8daab4fc587096a9150a2961e?id=n5Ac%2bXd0wHw51gnGZ3s1zg%3d%3d&view=detailv2&idpp=genimg&idpbck=1&form=BICREC",
  "urlHash": "2e356dfdc9ae6022d652163af9887e19",
  "download": "https://api.apify.com/v2/key-value-stores/yNNpd5MHwJ7s2ccIv/records/2e356dfdc9ae6022d652163af9887e19.zip"
},
{
  "url": "https://www.bing.com/images/create/portrait-photo-of-a-female-cat-dressed-in-modern-i/1-65802bc1017d4601af22ff4a13518530?id=6SArrrV3SLUt6Bq7dohefQ%3d%3d&view=detailv2&idpp=genimg&idpbck=1&form=BICREC",
  "urlHash": "f7be9b888ca797ea5ea831b1cee9f0bb",
  "download": "https://api.apify.com/v2/key-value-stores/yNNpd5MHwJ7s2ccIv/records/f7be9b888ca797ea5ea831b1cee9f0bb.zip"
},
{
  "url": "https://www.bing.com/images/create/portrait-photo-of-a-female-cat-dressed-in-modern-i/1-65802ba7dbb3407a9489200bbe73704c?id=%2bjAaXaLdLdmZfD2YL%2biQKw%3d%3d&view=detailv2&idpp=genimg&idpbck=1&form=BICREC",
  "urlHash": "a34a6d9538dfa09134b34e28443b2940",
  "download": "https://api.apify.com/v2/key-value-stores/yNNpd5MHwJ7s2ccIv/records/a34a6d9538dfa09134b34e28443b2940.zip"
},
{
  "url": "https://www.bing.com/images/create/portrait-photo-of-a-female-cat-dressed-in-modern-i/1-65802bc1017d4601af22ff4a13518530?id=RLbGASbC3jGNDRF9RlxhVw%3d%3d&view=detailv2&idpp=genimg&idpbck=1&form=BICREC",
  "urlHash": "40635119229a998a522d84444f97ebd7",
  "download": "https://api.apify.com/v2/key-value-stores/yNNpd5MHwJ7s2ccIv/records/40635119229a998a522d84444f97ebd7.zip"
},
{
  "url": "https://www.bing.com/images/create/portrait-photo-of-a-female-cat-dressed-in-modern-i/1-65802bc1017d4601af22ff4a13518530?id=GnrjAQNYk3c5HoRJw5zIWA%3d%3d&view=detailv2&idpp=genimg&idpbck=1&form=BICREC",
  "urlHash": "4bef9275996e5d46cde021d5d68a254a",
  "download": "https://api.apify.com/v2/key-value-stores/yNNpd5MHwJ7s2ccIv/records/4bef9275996e5d46cde021d5d68a254a.zip"
},
{
  "url": "https://www.bing.com/images/create/portrait-photo-of-a-female-cat-dressed-in-modern-i/1-65802ba7dbb3407a9489200bbe73704c?id=Wr5mlDdxP%2bzKIUfqxLPC9g%3d%3d&view=detailv2&idpp=genimg&idpbck=1&form=BICREC",
  "urlHash": "3bfd364a3b6f7fa185c858cc9d26dcae",
  "download": "https://api.apify.com/v2/key-value-stores/yNNpd5MHwJ7s2ccIv/records/3bfd364a3b6f7fa185c858cc9d26dcae.zip"
},
{
  "url": "https://www.bing.com/images/create/portrait-photo-of-a-female-cat-dressed-in-modern-i/1-65802bc1017d4601af22ff4a13518530?id=kS16%2bjl91tNOJ2TnBv4Bmg%3d%3d&view=detailv2&idpp=genimg&idpbck=1&form=BICREC",
  "urlHash": "0ac3b868bd36557cd9318d751c84710b",
  "download": "https://api.apify.com/v2/key-value-stores/yNNpd5MHwJ7s2ccIv/records/0ac3b868bd36557cd9318d751c84710b.zip"
},
{
  "url": "https://www.bing.com/images/create/portrait-photo-of-a-female-cat-dressed-in-modern-i/1-65802ba7dbb3407a9489200bbe73704c?id=44eQV%2bk1Ut0Y0nBKZYFZ7Q%3d%3d&view=detailv2&idpp=genimg&idpbck=1&form=BICREC",
  "urlHash": "bb6a99ff19ccfaac898feb13c53760f2",
  "download": "https://api.apify.com/v2/key-value-stores/yNNpd5MHwJ7s2ccIv/records/bb6a99ff19ccfaac898feb13c53760f2.zip"
},
{
  "url": "https://www.bing.com/images/create/portrait-photo-of-a-female-cat-dressed-in-modern-i/1-65802ba7dbb3407a9489200bbe73704c?id=BJBSgXzbkpXOGnVdseqLfQ%3d%3d&view=detailv2&idpp=genimg&idpbck=1&form=BICREC",
  "urlHash": "53cad4ab10799dcbb5c8017aeda369ba",
  "download": "https://api.apify.com/v2/key-value-stores/yNNpd5MHwJ7s2ccIv/records/53cad4ab10799dcbb5c8017aeda369ba.zip"
},
{
  "url": "https://www.bing.com/images/create/portrait-photo-of-a-female-cat-dressed-in-modern-i/1-65802b8b604c422184b695c3bcf8ed07?id=XIIl9VDuv72FQKnn0xeWDw%3d%3d&view=detailv2&idpp=genimg&idpbck=1&form=BICREC",
  "urlHash": "4c1f373c5feb5188f0a189f5c1312d0d",
  "download": "https://api.apify.com/v2/key-value-stores/yNNpd5MHwJ7s2ccIv/records/4c1f373c5feb5188f0a189f5c1312d0d.zip"
},
{
  "url": "https://www.bing.com/images/create/portrait-photo-of-a-female-cat-dressed-in-modern-i/1-65802bd8daab4fc587096a9150a2961e?id=f%2fRCLFHS5NTvu9L6O1tf6Q%3d%3d&view=detailv2&idpp=genimg&idpbck=1&form=BICREC",
  "urlHash": "1e31df05042d434f11f974f39c83a251",
  "download": "https://api.apify.com/v2/key-value-stores/yNNpd5MHwJ7s2ccIv/records/1e31df05042d434f11f974f39c83a251.zip"
},
{
  "url": "https://www.bing.com/images/create/portrait-photo-of-a-female-cat-dressed-in-modern-i/1-65802b8b604c422184b695c3bcf8ed07?id=sphoXHpQPDFxKeuskixuhg%3d%3d&view=detailv2&idpp=genimg&idpbck=1&form=BICREC",
  "urlHash": "3166d4e743bf3cf6969341b7209f3863",
  "download": "https://api.apify.com/v2/key-value-stores/yNNpd5MHwJ7s2ccIv/records/3166d4e743bf3cf6969341b7209f3863.zip"
},
{
  "url": "https://www.bing.com/images/create/portrait-photo-of-a-female-cat-dressed-in-modern-i/1-65802bd8daab4fc587096a9150a2961e?id=ylH276EqSXMNhhi6p5zOaw%3d%3d&view=detailv2&idpp=genimg&idpbck=1&form=BICREC",
  "urlHash": "b07b86fcc7e4785fcd9e6a389abe8634",
  "download": "https://api.apify.com/v2/key-value-stores/yNNpd5MHwJ7s2ccIv/records/b07b86fcc7e4785fcd9e6a389abe8634.zip"
},
{
  "url": "https://www.bing.com/images/create/portrait-photo-of-a-female-cat-dressed-in-modern-i/1-65802bd8daab4fc587096a9150a2961e?id=mMxtLcjyCsSMBf2VPyaDzg%3d%3d&view=detailv2&idpp=genimg&idpbck=1&form=BICREC",
  "urlHash": "6165d1a058fece5b0869afd51ecba2e7",
  "download": "https://api.apify.com/v2/key-value-stores/yNNpd5MHwJ7s2ccIv/records/6165d1a058fece5b0869afd51ecba2e7.zip"
},
{
  "url": "https://www.bing.com/images/create/portrait-photo-of-a-female-cat-dressed-in-modern-i/1-65802b8b604c422184b695c3bcf8ed07?id=nKZ%2f0GdnZcFX5BhahLdfmA%3d%3d&view=detailv2&idpp=genimg&idpbck=1&form=BICREC",
  "urlHash": "296fcc2c7a2e38457ea58c9c002c812f",
  "download": "https://api.apify.com/v2/key-value-stores/yNNpd5MHwJ7s2ccIv/records/296fcc2c7a2e38457ea58c9c002c812f.zip"
},
{
  "url": "https://www.bing.com/images/create/portrait-photo-of-a-female-cat-dressed-in-modern-i/1-65802b63a4c34712b960f06df3c16370?id=YpTeoQvT6%2fskcwnh5ZHaTg%3d%3d&view=detailv2&idpp=genimg&idpbck=1&form=BICREC",
  "urlHash": "3ebaca23459b69ed05dc351595a4c7b8",
  "download": "https://api.apify.com/v2/key-value-stores/yNNpd5MHwJ7s2ccIv/records/3ebaca23459b69ed05dc351595a4c7b8.zip"
},
{
  "url": "https://www.bing.com/images/create/portrait-photo-of-a-female-cat-dressed-in-modern-i/1-65802b63a4c34712b960f06df3c16370?id=Q7NpUxVfpLR2EcCLPKBJbg%3d%3d&view=detailv2&idpp=genimg&idpbck=1&form=BICREC",
  "urlHash": "bc8379b0abd57be03eaa5a26ab30b7c6",
  "download": "https://api.apify.com/v2/key-value-stores/yNNpd5MHwJ7s2ccIv/records/bc8379b0abd57be03eaa5a26ab30b7c6.zip"
},
{
  "url": "https://www.bing.com/images/create/portrait-photo-of-a-female-cat-dressed-in-modern-i/1-65802b8b604c422184b695c3bcf8ed07?id=Zkc5mUDlsUV5lULTcNbLMQ%3d%3d&view=detailv2&idpp=genimg&idpbck=1&form=BICREC",
  "urlHash": "240cdaffb766c6faf4396b243e851505",
  "download": "https://api.apify.com/v2/key-value-stores/yNNpd5MHwJ7s2ccIv/records/240cdaffb766c6faf4396b243e851505.zip"
},
{
  "url": "https://www.bing.com/images/create/portrait-photo-of-a-female-cat-dressed-in-modern-i/1-65802b63a4c34712b960f06df3c16370?id=jU0aNkDzywLMGxVlTw8yXg%3d%3d&view=detailv2&idpp=genimg&idpbck=1&form=BICREC",
  "urlHash": "b51aa0fa60c5f16ab99cd86000ac9549",
  "download": "https://api.apify.com/v2/key-value-stores/yNNpd5MHwJ7s2ccIv/records/b51aa0fa60c5f16ab99cd86000ac9549.zip"
},
{
  "url": "https://www.bing.com/images/create/portrait-photo-of-a-female-cat-dressed-in-modern-i/1-65802b63a4c34712b960f06df3c16370?id=T4JbtwShmAy119sBxQ1fiQ%3d%3d&view=detailv2&idpp=genimg&idpbck=1&form=BICREC",
  "urlHash": "5421a326efdaf32909ce65b85e7df498",
  "download": "https://api.apify.com/v2/key-value-stores/yNNpd5MHwJ7s2ccIv/records/5421a326efdaf32909ce65b85e7df498.zip"
},
{
  "url": "https://www.bing.com/images/create/portrait-photo-of-a-female-cat-dressed-in-modern-i/1-65802b4824b5489497c1489e05f08935?id=v5POhvf5zBVXNCV8JHo%2bVQ%3d%3d&view=detailv2&idpp=genimg&idpbck=1&form=BICREC",
  "urlHash": "8c37e93ee5735f43a0093d27da2fb964",
  "download": "https://api.apify.com/v2/key-value-stores/yNNpd5MHwJ7s2ccIv/records/8c37e93ee5735f43a0093d27da2fb964.zip"
},
{
  "url": "https://www.bing.com/images/create/portrait-photo-of-a-female-cat-dressed-in-modern-i/1-65802b4824b5489497c1489e05f08935?id=GGXQ7DTVuETCdpSZ%2bWBQ4w%3d%3d&view=detailv2&idpp=genimg&idpbck=1&form=BICREC",
  "urlHash": "c6db2425d84261742abca68e5f4a12ef",
  "download": "https://api.apify.com/v2/key-value-stores/yNNpd5MHwJ7s2ccIv/records/c6db2425d84261742abca68e5f4a12ef.zip"
},
{
  "url": "https://www.bing.com/images/create/portrait-photo-of-a-female-cat-dressed-in-modern-i/1-65802b4824b5489497c1489e05f08935?id=9FFxSlAfqTGJQwWT1aPAyw%3d%3d&view=detailv2&idpp=genimg&idpbck=1&form=BICREC",
  "urlHash": "dd67d5ce686093befc6b70f3633a22fc",
  "download": "https://api.apify.com/v2/key-value-stores/yNNpd5MHwJ7s2ccIv/records/dd67d5ce686093befc6b70f3633a22fc.zip"
},
{
  "url": "https://www.bing.com/images/create/portrait-photo-of-a-female-cat-dressed-in-modern-i/1-65802b4824b5489497c1489e05f08935?id=F06wBLv%2b%2fXxrZ79NkEEcnw%3d%3d&view=detailv2&idpp=genimg&idpbck=1&form=BICREC",
  "urlHash": "bdcc819ca890bd9cf4c7ebedc5329312",
  "download": "https://api.apify.com/v2/key-value-stores/yNNpd5MHwJ7s2ccIv/records/bdcc819ca890bd9cf4c7ebedc5329312.zip"
},
{
  "url": "https://www.bing.com/images/create/portrait-photo-of-a-female-cat-dressed-in-modern-i/1-65802b2550e64bf7afced21540c421ad?id=8mhDhqwQiCstwu5MwZKAcA%3d%3d&view=detailv2&idpp=genimg&idpbck=1&form=BICREC",
  "urlHash": "183c81acb6f4cb4379450c1d41fb601a",
  "download": "https://api.apify.com/v2/key-value-stores/yNNpd5MHwJ7s2ccIv/records/183c81acb6f4cb4379450c1d41fb601a.zip"
},
{
  "url": "https://www.bing.com/images/create/portrait-photo-of-a-female-cat-dressed-in-modern-i/1-65802b2550e64bf7afced21540c421ad?id=%2bFP8yaRkRggEPBfHqDNK5A%3d%3d&view=detailv2&idpp=genimg&idpbck=1&form=BICREC",
  "urlHash": "013897d2981c0531ef51e85901374f69",
  "download": "https://api.apify.com/v2/key-value-stores/yNNpd5MHwJ7s2ccIv/records/013897d2981c0531ef51e85901374f69.zip"
},
{
  "url": "https://www.bing.com/images/create/portrait-photo-of-a-female-cat-dressed-in-modern-i/1-65802b2550e64bf7afced21540c421ad?id=5Zk0218Ut690TGgvecqhaw%3d%3d&view=detailv2&idpp=genimg&idpbck=1&form=BICREC",
  "urlHash": "6fb3c98e2cf036e7ab06e56fae58dfd2",
  "download": "https://api.apify.com/v2/key-value-stores/yNNpd5MHwJ7s2ccIv/records/6fb3c98e2cf036e7ab06e56fae58dfd2.zip"
},
{
  "url": "https://www.bing.com/images/create/portrait-photo-of-a-female-cat-dressed-in-modern-i/1-65802b2550e64bf7afced21540c421ad?id=%2fGY%2f85rGp%2bBwUb9MJIKgzA%3d%3d&view=detailv2&idpp=genimg&idpbck=1&form=BICREC",
  "urlHash": "673e1c9a155344f5d21c8806bf6c35ff",
  "download": "https://api.apify.com/v2/key-value-stores/yNNpd5MHwJ7s2ccIv/records/673e1c9a155344f5d21c8806bf6c35ff.zip"
},
{
  "url": "https://www.bing.com/images/create/portrait-photo-of-a-female-cat-dressed-in-modern-i/1-65802af8baec48eab329d2e3ad256c0b?id=qhfEkIyc%2f7FXsohtlykksQ%3d%3d&view=detailv2&idpp=genimg&idpbck=1&form=BICREC",
  "urlHash": "34ccfd0119a6aa1bbc6d21465eb9a3ae",
  "download": "https://api.apify.com/v2/key-value-stores/yNNpd5MHwJ7s2ccIv/records/34ccfd0119a6aa1bbc6d21465eb9a3ae.zip"
},
{
  "url": "https://www.bing.com/images/create/portrait-photo-of-a-female-cat-dressed-in-modern-i/1-65802af8baec48eab329d2e3ad256c0b?id=Yvj503FqolVG1teHAQ9eew%3d%3d&view=detailv2&idpp=genimg&idpbck=1&form=BICREC",
  "urlHash": "6f530802392102841c509b36c1057eb5",
  "download": "https://api.apify.com/v2/key-value-stores/yNNpd5MHwJ7s2ccIv/records/6f530802392102841c509b36c1057eb5.zip"
},
{
  "url": "https://www.bing.com/images/create/portrait-photo-of-a-female-cat-dressed-in-modern-i/1-65802af8baec48eab329d2e3ad256c0b?id=P%2btvakwDtIh%2fFzh0MLJeZg%3d%3d&view=detailv2&idpp=genimg&idpbck=1&form=BICREC",
  "urlHash": "06a8ee9bb3cc88fb869d65a06d6f20b2",
  "download": "https://api.apify.com/v2/key-value-stores/yNNpd5MHwJ7s2ccIv/records/06a8ee9bb3cc88fb869d65a06d6f20b2.zip"
},
{
  "url": "https://www.bing.com/images/create/portrait-photo-of-a-female-cat-dressed-in-modern-i/1-65802af8baec48eab329d2e3ad256c0b?id=mZsgj4%2b1NeDYHDhueN%2b0oQ%3d%3d&view=detailv2&idpp=genimg&idpbck=1&form=BICREC",
  "urlHash": "6b97b630c3f88498fb41a14a18a3a361",
  "download": "https://api.apify.com/v2/key-value-stores/yNNpd5MHwJ7s2ccIv/records/6b97b630c3f88498fb41a14a18a3a361.zip"
},
{
  "url": "https://www.bing.com/images/create/portrait-photo-of-a-female-cat-dressed-in-modern-i/1-65802a44f0154bf785d8975b4beaefb2?id=k443l%2frzjtD6MtbpNbiF6A%3d%3d&view=detailv2&idpp=genimg&idpbck=1&form=BICREC",
  "urlHash": "f14fa50328882ce7b5d871f382586dab",
  "download": "https://api.apify.com/v2/key-value-stores/yNNpd5MHwJ7s2ccIv/records/f14fa50328882ce7b5d871f382586dab.zip"
},
{
  "url": "https://www.bing.com/images/create/portrait-photo-of-a-female-cat-dressed-in-modern-i/1-65802a44f0154bf785d8975b4beaefb2?id=by9X%2bcaL5HmzzTAqkH08og%3d%3d&view=detailv2&idpp=genimg&idpbck=1&form=BICREC",
  "urlHash": "9a5cab99965058380e63f300da4a5724",
  "download": "https://api.apify.com/v2/key-value-stores/yNNpd5MHwJ7s2ccIv/records/9a5cab99965058380e63f300da4a5724.zip"
},
{
  "url": "https://www.bing.com/images/create/portrait-photo-of-a-female-cat-dressed-in-modern-i/1-65802a44f0154bf785d8975b4beaefb2?id=TFnEX88c11aN7nTn5focFQ%3d%3d&view=detailv2&idpp=genimg&idpbck=1&form=BICREC",
  "urlHash": "ea0be556839a9230ba4a86d717e4df61",
  "download": "https://api.apify.com/v2/key-value-stores/yNNpd5MHwJ7s2ccIv/records/ea0be556839a9230ba4a86d717e4df61.zip"
},
{
  "url": "https://www.bing.com/images/create/portrait-photo-of-a-female-cat-dressed-in-modern-i/1-65802a27a36f4c38ba48016c48a7f4e7?id=fgSCpgHKd2fXn1HGolIhSg%3d%3d&view=detailv2&idpp=genimg&idpbck=1&form=BICREC",
  "urlHash": "86f7d3f2029503cd3208fe8ef32c8c39",
  "download": "https://api.apify.com/v2/key-value-stores/yNNpd5MHwJ7s2ccIv/records/86f7d3f2029503cd3208fe8ef32c8c39.zip"
},
{
  "url": "https://www.bing.com/images/create/portrait-photo-of-a-female-cat-dressed-in-modern-i/1-65802a27a36f4c38ba48016c48a7f4e7?id=rncT%2fw1OSYKcck81VhMiGA%3d%3d&view=detailv2&idpp=genimg&idpbck=1&form=BICREC",
  "urlHash": "b543795d913f7de2e2b6f146ba28e426",
  "download": "https://api.apify.com/v2/key-value-stores/yNNpd5MHwJ7s2ccIv/records/b543795d913f7de2e2b6f146ba28e426.zip"
},
{
  "url": "https://www.bing.com/images/create/portrait-photo-of-a-female-cat-dressed-in-modern-i/1-65802a44f0154bf785d8975b4beaefb2?id=6h3BRP%2fZhE%2fUXGUh6PubLA%3d%3d&view=detailv2&idpp=genimg&idpbck=1&form=BICREC",
  "urlHash": "76fcffd2e667e22ea4c27e006b26b818",
  "download": "https://api.apify.com/v2/key-value-stores/yNNpd5MHwJ7s2ccIv/records/76fcffd2e667e22ea4c27e006b26b818.zip"
},
{
  "url": "https://www.bing.com/images/create/portrait-photo-of-a-female-cat-dressed-in-modern-i/1-65802a27a36f4c38ba48016c48a7f4e7?id=KyDSimc8lI3%2fWnaOP8dDtg%3d%3d&view=detailv2&idpp=genimg&idpbck=1&form=BICREC",
  "urlHash": "af33e25ed42467c36e45de3d059a9c41",
  "download": "https://api.apify.com/v2/key-value-stores/yNNpd5MHwJ7s2ccIv/records/af33e25ed42467c36e45de3d059a9c41.zip"
},
{
  "url": "https://www.bing.com/images/create/portrait-photo-of-a-female-cat-dressed-in-modern-i/1-65802920494e4621bef31800dcac8648?id=XU26vbcCCuJ1fDiL8uys7g%3d%3d&view=detailv2&idpp=genimg&idpbck=1&form=BICREC",
  "urlHash": "f2980caa7c58bd687cb1651170299000",
  "download": "https://api.apify.com/v2/key-value-stores/yNNpd5MHwJ7s2ccIv/records/f2980caa7c58bd687cb1651170299000.zip"
},
{
  "url": "https://www.bing.com/images/create/portrait-photo-of-a-female-cat-dressed-in-modern-i/1-65802a27a36f4c38ba48016c48a7f4e7?id=oYd6vLYiJ%2bAgilrGpU%2fsbQ%3d%3d&view=detailv2&idpp=genimg&idpbck=1&form=BICREC",
  "urlHash": "8ce531f39691886a7447c65ba1005f36",
  "download": "https://api.apify.com/v2/key-value-stores/yNNpd5MHwJ7s2ccIv/records/8ce531f39691886a7447c65ba1005f36.zip"
},
{
  "url": "https://www.bing.com/images/create/portrait-photo-of-a-female-cat-dressed-in-modern-i/1-65802920494e4621bef31800dcac8648?id=zbB3SHxRa44NfBh71rccZQ%3d%3d&view=detailv2&idpp=genimg&idpbck=1&form=BICREC",
  "urlHash": "1721080b0637cbba8887ee5a3df3c029",
  "download": "https://api.apify.com/v2/key-value-stores/yNNpd5MHwJ7s2ccIv/records/1721080b0637cbba8887ee5a3df3c029.zip"
},
{
  "url": "https://www.bing.com/images/create/portrait-photo-of-a-female-cat-dressed-in-modern-i/1-65802920494e4621bef31800dcac8648?id=ylEinqAdpf6wZI6JITMSJA%3d%3d&view=detailv2&idpp=genimg&idpbck=1&form=BICREC",
  "urlHash": "482622502530c4ad8a4550d38a2d4412",
  "download": "https://api.apify.com/v2/key-value-stores/yNNpd5MHwJ7s2ccIv/records/482622502530c4ad8a4550d38a2d4412.zip"
},
{
  "url": "https://www.bing.com/images/create/portrait-photo-of-a-female-cat-dressed-in-modern-i/1-65802920494e4621bef31800dcac8648?id=adXSasB%2fcf4mlCM0vwHE9g%3d%3d&view=detailv2&idpp=genimg&idpbck=1&form=BICREC",
  "urlHash": "4d64554ee89e66c8005311407f273448",
  "download": "https://api.apify.com/v2/key-value-stores/yNNpd5MHwJ7s2ccIv/records/4d64554ee89e66c8005311407f273448.zip"
},
{
  "url": "https://www.bing.com/images/create/portrait-photo-of-a-female-cat-dressed-in-modern-i/1-658028ed7613452689cdb6b330497c3d?id=yOPNNUgaSsETT4MIsNljDQ%3d%3d&view=detailv2&idpp=genimg&idpbck=1&form=BICREC",
  "urlHash": "745fc857aae3c7e45e5fa3f9499816be",
  "download": "https://api.apify.com/v2/key-value-stores/yNNpd5MHwJ7s2ccIv/records/745fc857aae3c7e45e5fa3f9499816be.zip"
},
{
  "url": "https://www.bing.com/images/create/portrait-photo-of-a-female-cat-dressed-in-modern-i/1-658028ed7613452689cdb6b330497c3d?id=xtLbYN0v%2bkZP3jmAm7Geuw%3d%3d&view=detailv2&idpp=genimg&idpbck=1&form=BICREC",
  "urlHash": "3d03b5a1ab4810b03db2d0155ac807c5",
  "download": "https://api.apify.com/v2/key-value-stores/yNNpd5MHwJ7s2ccIv/records/3d03b5a1ab4810b03db2d0155ac807c5.zip"
},
{
  "url": "https://www.bing.com/images/create/portrait-photo-of-a-female-cat-dressed-in-modern-i/1-658028ed7613452689cdb6b330497c3d?id=OgDhB1kFeURHJI0h9Fta5w%3d%3d&view=detailv2&idpp=genimg&idpbck=1&form=BICREC",
  "urlHash": "d607827a766a152571b22eb452db7b76",
  "download": "https://api.apify.com/v2/key-value-stores/yNNpd5MHwJ7s2ccIv/records/d607827a766a152571b22eb452db7b76.zip"
},
{
  "url": "https://www.bing.com/images/create/portrait-photo-of-a-female-cat-dressed-in-modern-i/1-658028c46d35415dac9e7d800de0d28f?id=gIBJFIr4mDE2Te1GKteB5A%3d%3d&view=detailv2&idpp=genimg&idpbck=1&form=BICREC",
  "urlHash": "45eae6887ee1761dba83af0e9cf163e7",
  "download": "https://api.apify.com/v2/key-value-stores/yNNpd5MHwJ7s2ccIv/records/45eae6887ee1761dba83af0e9cf163e7.zip"
},
{
  "url": "https://www.bing.com/images/create/portrait-photo-of-a-female-cat-dressed-in-modern-i/1-658028ed7613452689cdb6b330497c3d?id=OtSmaqyJe%2fsyS1SFzpYjfw%3d%3d&view=detailv2&idpp=genimg&idpbck=1&form=BICREC",
  "urlHash": "07569b1dd5f868cfbdeb800b0fb0e324",
  "download": "https://api.apify.com/v2/key-value-stores/yNNpd5MHwJ7s2ccIv/records/07569b1dd5f868cfbdeb800b0fb0e324.zip"
},
{
  "url": "https://www.bing.com/images/create/portrait-photo-of-a-female-cat-dressed-in-modern-i/1-658028c46d35415dac9e7d800de0d28f?id=ZsB6H7ONo4yLzAqGw9ZtQw%3d%3d&view=detailv2&idpp=genimg&idpbck=1&form=BICREC",
  "urlHash": "2faa742d7635c38acfaf5f22179fa631",
  "download": "https://api.apify.com/v2/key-value-stores/yNNpd5MHwJ7s2ccIv/records/2faa742d7635c38acfaf5f22179fa631.zip"
},
{
  "url": "https://www.bing.com/images/create/portrait-photo-of-a-female-cat-dressed-in-modern-i/1-658028c46d35415dac9e7d800de0d28f?id=xlAybdY5%2bWnlwjDQQbebmQ%3d%3d&view=detailv2&idpp=genimg&idpbck=1&form=BICREC",
  "urlHash": "6f0f86a3ebd05c9542be06ab406e60db",
  "download": "https://api.apify.com/v2/key-value-stores/yNNpd5MHwJ7s2ccIv/records/6f0f86a3ebd05c9542be06ab406e60db.zip"
},
{
  "url": "https://www.bing.com/images/create/portrait-photo-of-a-female-cat-dressed-in-modern-i/1-658028c46d35415dac9e7d800de0d28f?id=11gYf93Qkgv1LZebWd0lKA%3d%3d&view=detailv2&idpp=genimg&idpbck=1&form=BICREC",
  "urlHash": "f98ba5779704d0e6aa93fda96a4fd0dc",
  "download": "https://api.apify.com/v2/key-value-stores/yNNpd5MHwJ7s2ccIv/records/f98ba5779704d0e6aa93fda96a4fd0dc.zip"
},
{
  "url": "https://www.bing.com/images/create/portrait-photo-of-a-female-cat-dressed-in-modern-i/1-6580289c89ca4159be66b7baf1cc76c7?id=4nH3V8hGIt1WNspyF97mSA%3d%3d&view=detailv2&idpp=genimg&idpbck=1&form=BICREC",
  "urlHash": "4358ca662733927747810d1194ee0905",
  "download": "https://api.apify.com/v2/key-value-stores/yNNpd5MHwJ7s2ccIv/records/4358ca662733927747810d1194ee0905.zip"
},
{
  "url": "https://www.bing.com/images/create/portrait-photo-of-a-female-cat-dressed-in-modern-i/1-6580289c89ca4159be66b7baf1cc76c7?id=u15Jv4Cv04CxhpoH7RLqHg%3d%3d&view=detailv2&idpp=genimg&idpbck=1&form=BICREC",
  "urlHash": "18c83841ac512e1058c8f8a407378dee",
  "download": "https://api.apify.com/v2/key-value-stores/yNNpd5MHwJ7s2ccIv/records/18c83841ac512e1058c8f8a407378dee.zip"
},
{
  "url": "https://www.bing.com/images/create/portrait-photo-of-a-female-cat-dressed-in-modern-i/1-6580289c89ca4159be66b7baf1cc76c7?id=Kw5eNQRDqSWEeF6jw0I2Ww%3d%3d&view=detailv2&idpp=genimg&idpbck=1&form=BICREC",
  "urlHash": "813519b0749d41daf56bbc29067ba3f8",
  "download": "https://api.apify.com/v2/key-value-stores/yNNpd5MHwJ7s2ccIv/records/813519b0749d41daf56bbc29067ba3f8.zip"
},
{
  "url": "https://www.bing.com/images/create/portrait-photo-of-a-female-cat-dressed-in-modern-i/1-6580287fb38f4c4db752f0d5e5cd6010?id=UTU0R8M6Y%2f0tyxC0HeF57A%3d%3d&view=detailv2&idpp=genimg&idpbck=1&form=BICREC",
  "urlHash": "f5c3160f5895dcf5d927a45bcbfc76c8",
  "download": "https://api.apify.com/v2/key-value-stores/yNNpd5MHwJ7s2ccIv/records/f5c3160f5895dcf5d927a45bcbfc76c8.zip"
},
{
  "url": "https://www.bing.com/images/create/portrait-photo-of-a-female-cat-dressed-in-modern-i/1-6580287fb38f4c4db752f0d5e5cd6010?id=nPs2FPUNT5%2f7M6Bm3I42Ng%3d%3d&view=detailv2&idpp=genimg&idpbck=1&form=BICREC",
  "urlHash": "17a0d2bb2a3bd82a6237ab671e85c35a",
  "download": "https://api.apify.com/v2/key-value-stores/yNNpd5MHwJ7s2ccIv/records/17a0d2bb2a3bd82a6237ab671e85c35a.zip"
},
{
  "url": "https://www.bing.com/images/create/portrait-photo-of-a-female-cat-dressed-in-modern-i/1-6580289c89ca4159be66b7baf1cc76c7?id=6Qvb%2bdEKDcX0Q1zc6635Pg%3d%3d&view=detailv2&idpp=genimg&idpbck=1&form=BICREC",
  "urlHash": "cc403558cf65591cfef794b549397aab",
  "download": "https://api.apify.com/v2/key-value-stores/yNNpd5MHwJ7s2ccIv/records/cc403558cf65591cfef794b549397aab.zip"
},
{
  "url": "https://www.bing.com/images/create/portrait-photo-of-a-female-cat-dressed-in-modern-i/1-6580287fb38f4c4db752f0d5e5cd6010?id=wRzigVlgTXdQbztSh6v1iA%3d%3d&view=detailv2&idpp=genimg&idpbck=1&form=BICREC",
  "urlHash": "ed6617f9b0cb4a65b584ee1e4732301d",
  "download": "https://api.apify.com/v2/key-value-stores/yNNpd5MHwJ7s2ccIv/records/ed6617f9b0cb4a65b584ee1e4732301d.zip"
},
{
  "url": "https://www.bing.com/images/create/portrait-photo-of-a-female-cat-dressed-in-modern-i/1-6580287fb38f4c4db752f0d5e5cd6010?id=CzqAS9ii2R0trXlv7a5A1g%3d%3d&view=detailv2&idpp=genimg&idpbck=1&form=BICREC",
  "urlHash": "bf64098d0589d1d31bd9d298d4a45646",
  "download": "https://api.apify.com/v2/key-value-stores/yNNpd5MHwJ7s2ccIv/records/bf64098d0589d1d31bd9d298d4a45646.zip"
},
{
  "url": "https://www.bing.com/images/create/portrait-photo-of-a-female-cat-dressed-in-modern-i/1-6580285e539c49d6bff112d5c716f5ef?id=s4yAlevsqriGb6wcs9P%2bHA%3d%3d&view=detailv2&idpp=genimg&idpbck=1&form=BICREC",
  "urlHash": "a018571f192b571063aae6a344882e91",
  "download": "https://api.apify.com/v2/key-value-stores/yNNpd5MHwJ7s2ccIv/records/a018571f192b571063aae6a344882e91.zip"
},
{
  "url": "https://www.bing.com/images/create/portrait-photo-of-a-female-cat-dressed-in-modern-i/1-6580285e539c49d6bff112d5c716f5ef?id=uY7K%2b2QVhgNpMck3ykNVGQ%3d%3d&view=detailv2&idpp=genimg&idpbck=1&form=BICREC",
  "urlHash": "4252bf7332f102577b6bc7e052ece60f",
  "download": "https://api.apify.com/v2/key-value-stores/yNNpd5MHwJ7s2ccIv/records/4252bf7332f102577b6bc7e052ece60f.zip"
},
{
  "url": "https://www.bing.com/images/create/portrait-photo-of-a-female-cat-dressed-in-modern-i/1-6580285e539c49d6bff112d5c716f5ef?id=2nmBBb2V4RLMc14hTXZlqQ%3d%3d&view=detailv2&idpp=genimg&idpbck=1&form=BICREC",
  "urlHash": "c0249d8c1638168e3f1300ec35205599",
  "download": "https://api.apify.com/v2/key-value-stores/yNNpd5MHwJ7s2ccIv/records/c0249d8c1638168e3f1300ec35205599.zip"
},
{
  "url": "https://www.bing.com/images/create/portrait-photo-of-a-female-dog-dressed-in-modern-i/1-657bfae885054534a105e9c44c7b6793?id=81GZ4wY5AYmJGK3qtLROUQ%3d%3d&view=detailv2&idpp=genimg&idpbck=1&form=BICREC",
  "urlHash": "17dee94b40ae094d4d50f543474cd254",
  "download": "https://api.apify.com/v2/key-value-stores/yNNpd5MHwJ7s2ccIv/records/17dee94b40ae094d4d50f543474cd254.zip"
},
{
  "url": "https://www.bing.com/images/create/portrait-photo-of-a-female-dog-dressed-in-modern-i/1-657bfae885054534a105e9c44c7b6793?id=N8KQzfcpXOGTjsK7hd4l2Q%3d%3d&view=detailv2&idpp=genimg&idpbck=1&form=BICREC",
  "urlHash": "d6a9358dce55455e6094b64c31ce99d8",
  "download": "https://api.apify.com/v2/key-value-stores/yNNpd5MHwJ7s2ccIv/records/d6a9358dce55455e6094b64c31ce99d8.zip"
},
{
  "url": "https://www.bing.com/images/create/portrait-photo-of-a-female-dog-dressed-in-modern-i/1-657bfae885054534a105e9c44c7b6793?id=pYJ0%2bCdAQtGt9qKqRT0V2Q%3d%3d&view=detailv2&idpp=genimg&idpbck=1&form=BICREC",
  "urlHash": "dd53fda9796c7f224097b17686769e1e",
  "download": "https://api.apify.com/v2/key-value-stores/yNNpd5MHwJ7s2ccIv/records/dd53fda9796c7f224097b17686769e1e.zip"
},
{
  "url": "https://www.bing.com/images/create/portrait-photo-of-a-female-cat-dressed-in-modern-i/1-6580285e539c49d6bff112d5c716f5ef?id=Q3CETScoo1rBaQSuaT5j%2fQ%3d%3d&view=detailv2&idpp=genimg&idpbck=1&form=BICREC",
  "urlHash": "0807d2c7f766a0b2e5ef2d4ecf4da921",
  "download": "https://api.apify.com/v2/key-value-stores/yNNpd5MHwJ7s2ccIv/records/0807d2c7f766a0b2e5ef2d4ecf4da921.zip"
},
{
  "url": "https://www.bing.com/images/create/portrait-photo-of-a-female-dog-dressed-in-modern-i/1-657bfacbbd2b4baaacb0a7622a687f9c?id=l9MDqy3s6CzUo3%2buZgr7Ag%3d%3d&view=detailv2&idpp=genimg&idpbck=1&form=BICREC",
  "urlHash": "7bee4bca4450473a6599372df88a68cc",
  "download": "https://api.apify.com/v2/key-value-stores/yNNpd5MHwJ7s2ccIv/records/7bee4bca4450473a6599372df88a68cc.zip"
},
{
  "url": "https://www.bing.com/images/create/portrait-photo-of-a-female-dog-dressed-in-modern-i/1-657bfacbbd2b4baaacb0a7622a687f9c?id=dUgvSBCioUTT%2fSaX0sJzlA%3d%3d&view=detailv2&idpp=genimg&idpbck=1&form=BICREC",
  "urlHash": "f05a36f2e02a31ca007c7067bfd08295",
  "download": "https://api.apify.com/v2/key-value-stores/yNNpd5MHwJ7s2ccIv/records/f05a36f2e02a31ca007c7067bfd08295.zip"
},
{
  "url": "https://www.bing.com/images/create/portrait-photo-of-a-female-dog-dressed-in-modern-i/1-657bfacbbd2b4baaacb0a7622a687f9c?id=ls%2bjYqzulexxCBd7er7uuQ%3d%3d&view=detailv2&idpp=genimg&idpbck=1&form=BICREC",
  "urlHash": "cf22eb23b5add776ecba2d242c4d0946",
  "download": "https://api.apify.com/v2/key-value-stores/yNNpd5MHwJ7s2ccIv/records/cf22eb23b5add776ecba2d242c4d0946.zip"
},
{
  "url": "https://www.bing.com/images/create/portrait-photo-of-a-female-dog-dressed-in-modern-i/1-657bfae885054534a105e9c44c7b6793?id=90r4BGBMk7ZBYqZO%2bHusKA%3d%3d&view=detailv2&idpp=genimg&idpbck=1&form=BICREC",
  "urlHash": "bab6a0f81c0fbc4ffe13788dfb1aef58",
  "download": "https://api.apify.com/v2/key-value-stores/yNNpd5MHwJ7s2ccIv/records/bab6a0f81c0fbc4ffe13788dfb1aef58.zip"
},
{
  "url": "https://www.bing.com/images/create/portrait-photo-of-a-female-dog-dressed-in-modern-i/1-657bfab051a749249624c11f452109d7?id=PxyOQZ72LC5UtujH%2b07Hbw%3d%3d&view=detailv2&idpp=genimg&idpbck=1&form=BICREC",
  "urlHash": "9dfb0864b916d5af48be4a9fcccfd8a3",
  "download": "https://api.apify.com/v2/key-value-stores/yNNpd5MHwJ7s2ccIv/records/9dfb0864b916d5af48be4a9fcccfd8a3.zip"
},
{
  "url": "https://www.bing.com/images/create/portrait-photo-of-a-female-dog-dressed-in-modern-i/1-657bfab051a749249624c11f452109d7?id=G8VcyuiidAnz2XrEGjuHmA%3d%3d&view=detailv2&idpp=genimg&idpbck=1&form=BICREC",
  "urlHash": "3260ace44da12e3fad042f11768747fc",
  "download": "https://api.apify.com/v2/key-value-stores/yNNpd5MHwJ7s2ccIv/records/3260ace44da12e3fad042f11768747fc.zip"
},
{
  "url": "https://www.bing.com/images/create/portrait-photo-of-a-female-dog-dressed-in-modern-i/1-657bfacbbd2b4baaacb0a7622a687f9c?id=NBi3hvk1dxhWJc5u93DO3A%3d%3d&view=detailv2&idpp=genimg&idpbck=1&form=BICREC",
  "urlHash": "f19f260204b45345579fd5cd30a34de0",
  "download": "https://api.apify.com/v2/key-value-stores/yNNpd5MHwJ7s2ccIv/records/f19f260204b45345579fd5cd30a34de0.zip"
},
{
  "url": "https://www.bing.com/images/create/portrait-photo-of-a-female-dog-dressed-in-modern-i/1-657bfab051a749249624c11f452109d7?id=65NgerFpxL%2bK0yRBjJAJXg%3d%3d&view=detailv2&idpp=genimg&idpbck=1&form=BICREC",
  "urlHash": "3499d4a0589ea2728a45a5604cc2406b",
  "download": "https://api.apify.com/v2/key-value-stores/yNNpd5MHwJ7s2ccIv/records/3499d4a0589ea2728a45a5604cc2406b.zip"
},
{
  "url": "https://www.bing.com/images/create/portrait-photo-of-a-female-dog-dressed-in-modern-i/1-657bfab051a749249624c11f452109d7?id=sB6ABkGpz%2fwvORT6t9knrA%3d%3d&view=detailv2&idpp=genimg&idpbck=1&form=BICREC",
  "urlHash": "ddcdf235124b27812758c610795727db",
  "download": "https://api.apify.com/v2/key-value-stores/yNNpd5MHwJ7s2ccIv/records/ddcdf235124b27812758c610795727db.zip"
},
{
  "url": "https://www.bing.com/images/create/portrait-photo-of-a-female-dog-dressed-in-modern-i/1-657bfa93d4fa4d5989f3297f53c3326a?id=0befZq03V8ED9ubYZOwj2g%3d%3d&view=detailv2&idpp=genimg&idpbck=1&form=BICREC",
  "urlHash": "052301c5a98ee5f77efb5b6bba96e513",
  "download": "https://api.apify.com/v2/key-value-stores/yNNpd5MHwJ7s2ccIv/records/052301c5a98ee5f77efb5b6bba96e513.zip"
},
{
  "url": "https://www.bing.com/images/create/portrait-photo-of-a-female-dog-dressed-in-modern-i/1-657bfa93d4fa4d5989f3297f53c3326a?id=JaaTwjXsbJSyGKWQwMPoEw%3d%3d&view=detailv2&idpp=genimg&idpbck=1&form=BICREC",
  "urlHash": "74c2c7dffc6999c548854f93af1beada",
  "download": "https://api.apify.com/v2/key-value-stores/yNNpd5MHwJ7s2ccIv/records/74c2c7dffc6999c548854f93af1beada.zip"
},
{
  "url": "https://www.bing.com/images/create/portrait-photo-of-a-female-dog-dressed-in-modern-i/1-657bfa93d4fa4d5989f3297f53c3326a?id=mUIWWSLNt%2bB2zLjy4p5oQw%3d%3d&view=detailv2&idpp=genimg&idpbck=1&form=BICREC",
  "urlHash": "077fd87adc9e962b28a0d4e7a3c63b8b",
  "download": "https://api.apify.com/v2/key-value-stores/yNNpd5MHwJ7s2ccIv/records/077fd87adc9e962b28a0d4e7a3c63b8b.zip"
},
{
  "url": "https://www.bing.com/images/create/portrait-photo-of-a-female-dog-dressed-in-modern-i/1-657bfa93d4fa4d5989f3297f53c3326a?id=JkTDl%2b%2f28FyLbdHc%2fOcErw%3d%3d&view=detailv2&idpp=genimg&idpbck=1&form=BICREC",
  "urlHash": "21ecdf2e93ebc17430626d5fd59a7939",
  "download": "https://api.apify.com/v2/key-value-stores/yNNpd5MHwJ7s2ccIv/records/21ecdf2e93ebc17430626d5fd59a7939.zip"
},
{
  "url": "https://www.bing.com/images/create/portrait-photo-of-a-female-dog-dressed-in-modern-i/1-657bfd3e60984b809c55bae0f3194d4a?id=VyhChYDJiwcyZhr88m4VMA%3d%3d&view=detailv2&idpp=genimg&idpbck=1&form=BICREC",
  "urlHash": "15dfcf6c715fbb5dc86cd5083df1c642",
  "download": "https://api.apify.com/v2/key-value-stores/yNNpd5MHwJ7s2ccIv/records/15dfcf6c715fbb5dc86cd5083df1c642.zip"
},
{
  "url": "https://www.bing.com/images/create/portrait-photo-of-a-female-dog-dressed-in-modern-i/1-657bfd3e60984b809c55bae0f3194d4a?id=wwAQy55sV0JMryXELVmFUQ%3d%3d&view=detailv2&idpp=genimg&idpbck=1&form=BICREC",
  "urlHash": "fb352ad18e3e4b5767002e0fe53e50c3",
  "download": "https://api.apify.com/v2/key-value-stores/yNNpd5MHwJ7s2ccIv/records/fb352ad18e3e4b5767002e0fe53e50c3.zip"
},
{
  "url": "https://www.bing.com/images/create/portrait-photo-of-a-female-dog-dressed-in-modern-i/1-657bfd3e60984b809c55bae0f3194d4a?id=uMhYZ6P6CqFCkdBdkGSlCg%3d%3d&view=detailv2&idpp=genimg&idpbck=1&form=BICREC",
  "urlHash": "52032a5263c93b1ee7073aad91c04f5f",
  "download": "https://api.apify.com/v2/key-value-stores/yNNpd5MHwJ7s2ccIv/records/52032a5263c93b1ee7073aad91c04f5f.zip"
},
{
  "url": "https://www.bing.com/images/create/portrait-photo-of-a-female-dog-dressed-in-modern-i/1-657bfd14fadd4f47883a56428ec477bd?id=KdEvxWdzo0ogMSpKnKy3fA%3d%3d&view=detailv2&idpp=genimg&idpbck=1&form=BICREC",
  "urlHash": "38aa7ca51b090cfea3daa802d21a1414",
  "download": "https://api.apify.com/v2/key-value-stores/yNNpd5MHwJ7s2ccIv/records/38aa7ca51b090cfea3daa802d21a1414.zip"
},
{
  "url": "https://www.bing.com/images/create/portrait-photo-of-a-female-dog-dressed-in-modern-i/1-657bfd14fadd4f47883a56428ec477bd?id=GLVUndLapiBGrTost6pYQQ%3d%3d&view=detailv2&idpp=genimg&idpbck=1&form=BICREC",
  "urlHash": "d3e366c7bdfb010daf3a6270ce97babb",
  "download": "https://api.apify.com/v2/key-value-stores/yNNpd5MHwJ7s2ccIv/records/d3e366c7bdfb010daf3a6270ce97babb.zip"
},
{
  "url": "https://www.bing.com/images/create/portrait-photo-of-a-female-dog-dressed-in-modern-i/1-657bfd3e60984b809c55bae0f3194d4a?id=mPCrOBkCq%2fwlldzqAw0SUQ%3d%3d&view=detailv2&idpp=genimg&idpbck=1&form=BICREC",
  "urlHash": "b564f7ebe29b50b72b86c63f9c34982f",
  "download": "https://api.apify.com/v2/key-value-stores/yNNpd5MHwJ7s2ccIv/records/b564f7ebe29b50b72b86c63f9c34982f.zip"
},
{
  "url": "https://www.bing.com/images/create/portrait-photo-of-a-female-dog-dressed-in-modern-i/1-657bfd14fadd4f47883a56428ec477bd?id=OncRrec4a5n2V8ElyaV2Cg%3d%3d&view=detailv2&idpp=genimg&idpbck=1&form=BICREC",
  "urlHash": "f0da7faa7998a32e3c37c95dc2184bac",
  "download": "https://api.apify.com/v2/key-value-stores/yNNpd5MHwJ7s2ccIv/records/f0da7faa7998a32e3c37c95dc2184bac.zip"
},
{
  "url": "https://www.bing.com/images/create/portrait-photo-of-a-female-dog-dressed-in-modern-i/1-657bfcfbbb06449e9feb84430b2f2b1c?id=jlVK4vyvARNumNue1qaDUA%3d%3d&view=detailv2&idpp=genimg&idpbck=1&form=BICREC",
  "urlHash": "3b00df5278476ada348423cc5129a5c2",
  "download": "https://api.apify.com/v2/key-value-stores/yNNpd5MHwJ7s2ccIv/records/3b00df5278476ada348423cc5129a5c2.zip"
},
{
  "url": "https://www.bing.com/images/create/portrait-photo-of-a-female-dog-dressed-in-modern-i/1-657bfd14fadd4f47883a56428ec477bd?id=aT4qXotWO%2b9wksMhLoCPjw%3d%3d&view=detailv2&idpp=genimg&idpbck=1&form=BICREC",
  "urlHash": "713dd0890a45782821e96e19538efdf9",
  "download": "https://api.apify.com/v2/key-value-stores/yNNpd5MHwJ7s2ccIv/records/713dd0890a45782821e96e19538efdf9.zip"
},
{
  "url": "https://www.bing.com/images/create/portrait-photo-of-a-female-dog-dressed-in-modern-i/1-657bfcfbbb06449e9feb84430b2f2b1c?id=uIJB%2bUmGARDNvLyNDukUyA%3d%3d&view=detailv2&idpp=genimg&idpbck=1&form=BICREC",
  "urlHash": "79511c99142c67c8e588648b6248983b",
  "download": "https://api.apify.com/v2/key-value-stores/yNNpd5MHwJ7s2ccIv/records/79511c99142c67c8e588648b6248983b.zip"
},
{
  "url": "https://www.bing.com/images/create/portrait-photo-of-a-female-dog-dressed-in-modern-i/1-657bfcfbbb06449e9feb84430b2f2b1c?id=PoEtEwe6gv%2bjTjR2zOzpDA%3d%3d&view=detailv2&idpp=genimg&idpbck=1&form=BICREC",
  "urlHash": "c3b06d2be78b6df956f550fbdcff502f",
  "download": "https://api.apify.com/v2/key-value-stores/yNNpd5MHwJ7s2ccIv/records/c3b06d2be78b6df956f550fbdcff502f.zip"
},
{
  "url": "https://www.bing.com/images/create/portrait-photo-of-a-female-dog-dressed-in-modern-i/1-657bfcd65088412387af59f389d29451?id=L7RxDVU2Hj515ZxUD77vAA%3d%3d&view=detailv2&idpp=genimg&idpbck=1&form=BICREC",
  "urlHash": "2e15741c4c6091c0d64a2b0f024bf439",
  "download": "https://api.apify.com/v2/key-value-stores/yNNpd5MHwJ7s2ccIv/records/2e15741c4c6091c0d64a2b0f024bf439.zip"
},
{
  "url": "https://www.bing.com/images/create/portrait-photo-of-a-female-dog-dressed-in-modern-i/1-657bfcd65088412387af59f389d29451?id=4i6QubUmzAiTLb5Oi4luOQ%3d%3d&view=detailv2&idpp=genimg&idpbck=1&form=BICREC",
  "urlHash": "9229e3e5c7faedac91a30f30bd272e5b",
  "download": "https://api.apify.com/v2/key-value-stores/yNNpd5MHwJ7s2ccIv/records/9229e3e5c7faedac91a30f30bd272e5b.zip"
},
{
  "url": "https://www.bing.com/images/create/portrait-photo-of-a-female-dog-dressed-in-modern-i/1-657bfcd65088412387af59f389d29451?id=BazRx8kWUZuRnze1eAKjbQ%3d%3d&view=detailv2&idpp=genimg&idpbck=1&form=BICREC",
  "urlHash": "2b7c5f1dbb62ade0f904f829cb223ed0",
  "download": "https://api.apify.com/v2/key-value-stores/yNNpd5MHwJ7s2ccIv/records/2b7c5f1dbb62ade0f904f829cb223ed0.zip"
},
{
  "url": "https://www.bing.com/images/create/portrait-photo-of-a-female-dog-dressed-in-modern-i/1-657bfcfbbb06449e9feb84430b2f2b1c?id=XZribcouI2Ci4QbA43Dn2A%3d%3d&view=detailv2&idpp=genimg&idpbck=1&form=BICREC",
  "urlHash": "df11cdbceac1d0293f21723eccaf4902",
  "download": "https://api.apify.com/v2/key-value-stores/yNNpd5MHwJ7s2ccIv/records/df11cdbceac1d0293f21723eccaf4902.zip"
},
{
  "url": "https://www.bing.com/images/create/portrait-photo-of-a-female-dog-dressed-in-modern-i/1-657bfcd65088412387af59f389d29451?id=T6miGHMm6AKMvg%2fVUYn0Gg%3d%3d&view=detailv2&idpp=genimg&idpbck=1&form=BICREC",
  "urlHash": "c76f5649b4deef579975c147b7d335a6",
  "download": "https://api.apify.com/v2/key-value-stores/yNNpd5MHwJ7s2ccIv/records/c76f5649b4deef579975c147b7d335a6.zip"
},
{
  "url": "https://www.bing.com/images/create/portrait-photo-of-a-female-dog-dressed-in-modern-i/1-657bfbbbcb254c49b6a00a0ba65a1400?id=z%2bgnmZclCbDQwSAadn9%2bEQ%3d%3d&view=detailv2&idpp=genimg&idpbck=1&form=BICREC",
  "urlHash": "af6007b68a286cde9986ed8f27aec64c",
  "download": "https://api.apify.com/v2/key-value-stores/yNNpd5MHwJ7s2ccIv/records/af6007b68a286cde9986ed8f27aec64c.zip"
},
{
  "url": "https://www.bing.com/images/create/portrait-photo-of-a-female-dog-dressed-in-modern-i/1-657bfbbbcb254c49b6a00a0ba65a1400?id=AXaaLhU7iQZzzEcsQtqH1g%3d%3d&view=detailv2&idpp=genimg&idpbck=1&form=BICREC",
  "urlHash": "bd5a8243a41e293295d42b20f1c8725b",
  "download": "https://api.apify.com/v2/key-value-stores/yNNpd5MHwJ7s2ccIv/records/bd5a8243a41e293295d42b20f1c8725b.zip"
},
{
  "url": "https://www.bing.com/images/create/portrait-photo-of-a-female-dog-dressed-in-modern-i/1-657bfbbbcb254c49b6a00a0ba65a1400?id=PhiVXQUp2zYxJIhmCAz%2bRA%3d%3d&view=detailv2&idpp=genimg&idpbck=1&form=BICREC",
  "urlHash": "f3913b5125de7cf27df57e16c91cfa10",
  "download": "https://api.apify.com/v2/key-value-stores/yNNpd5MHwJ7s2ccIv/records/f3913b5125de7cf27df57e16c91cfa10.zip"
},
{
  "url": "https://www.bing.com/images/create/portrait-photo-of-a-female-dog-dressed-in-modern-i/1-657bfb83bb0e4a14ae47f165a6d79ab5?id=%2fqdOC221m0urP7I9NE6RBQ%3d%3d&view=detailv2&idpp=genimg&idpbck=1&form=BICREC",
  "urlHash": "add2bf2e80f68b4bf75a6c14de425fa1",
  "download": "https://api.apify.com/v2/key-value-stores/yNNpd5MHwJ7s2ccIv/records/add2bf2e80f68b4bf75a6c14de425fa1.zip"
},
{
  "url": "https://www.bing.com/images/create/portrait-photo-of-a-female-dog-dressed-in-modern-i/1-657bfbbbcb254c49b6a00a0ba65a1400?id=Zzc34A6snW8zHscwBgz5mQ%3d%3d&view=detailv2&idpp=genimg&idpbck=1&form=BICREC",
  "urlHash": "88cd9ce1d7952ce12164b0a30d5b6c1b",
  "download": "https://api.apify.com/v2/key-value-stores/yNNpd5MHwJ7s2ccIv/records/88cd9ce1d7952ce12164b0a30d5b6c1b.zip"
},
{
  "url": "https://www.bing.com/images/create/portrait-photo-of-a-female-dog-dressed-in-modern-i/1-657bfb83bb0e4a14ae47f165a6d79ab5?id=%2fKYtDJpUYWSGGuIAPSw7zQ%3d%3d&view=detailv2&idpp=genimg&idpbck=1&form=BICREC",
  "urlHash": "7d60a5ba67dc93fd29d12fc9df302bb4",
  "download": "https://api.apify.com/v2/key-value-stores/yNNpd5MHwJ7s2ccIv/records/7d60a5ba67dc93fd29d12fc9df302bb4.zip"
},
{
  "url": "https://www.bing.com/images/create/portrait-photo-of-a-female-dog-dressed-in-modern-i/1-657bfb83bb0e4a14ae47f165a6d79ab5?id=JuohtSorBKctWIglq842IA%3d%3d&view=detailv2&idpp=genimg&idpbck=1&form=BICREC",
  "urlHash": "37fec889edd8c75c86bc115f7534257b",
  "download": "https://api.apify.com/v2/key-value-stores/yNNpd5MHwJ7s2ccIv/records/37fec889edd8c75c86bc115f7534257b.zip"
},
{
  "url": "https://www.bing.com/images/create/portrait-photo-of-a-female-dog-dressed-in-modern-i/1-657bfb83bb0e4a14ae47f165a6d79ab5?id=RIgEeAA2b%2bvnKyBdLDUPFg%3d%3d&view=detailv2&idpp=genimg&idpbck=1&form=BICREC",
  "urlHash": "3419fb4e0b72245543ba905cf56daf17",
  "download": "https://api.apify.com/v2/key-value-stores/yNNpd5MHwJ7s2ccIv/records/3419fb4e0b72245543ba905cf56daf17.zip"
},
{
  "url": "https://www.bing.com/images/create/portrait-photo-of-a-female-dog-dressed-in-modern-i/1-657bfb6aea6b42a695a0c953bbb04bf8?id=N%2bZWNZ%2fCu2FWruEnlYV8IQ%3d%3d&view=detailv2&idpp=genimg&idpbck=1&form=BICREC",
  "urlHash": "463f0a13db15ffb4d6c38f68db84d0de",
  "download": "https://api.apify.com/v2/key-value-stores/yNNpd5MHwJ7s2ccIv/records/463f0a13db15ffb4d6c38f68db84d0de.zip"
},
{
  "url": "https://www.bing.com/images/create/portrait-photo-of-a-female-dog-dressed-in-modern-i/1-657bfb6aea6b42a695a0c953bbb04bf8?id=RGdHxjffRYFqQ0c9SBcEyQ%3d%3d&view=detailv2&idpp=genimg&idpbck=1&form=BICREC",
  "urlHash": "1c1a99d391cc6ac80f09b8e3c4bb0567",
  "download": "https://api.apify.com/v2/key-value-stores/yNNpd5MHwJ7s2ccIv/records/1c1a99d391cc6ac80f09b8e3c4bb0567.zip"
},
{
  "url": "https://www.bing.com/images/create/portrait-photo-of-a-female-dog-dressed-in-modern-i/1-657bfb6aea6b42a695a0c953bbb04bf8?id=0hmZrtChcL7XHdm5zBStSA%3d%3d&view=detailv2&idpp=genimg&idpbck=1&form=BICREC",
  "urlHash": "42a037ea5de21e93cba7a3178f651d94",
  "download": "https://api.apify.com/v2/key-value-stores/yNNpd5MHwJ7s2ccIv/records/42a037ea5de21e93cba7a3178f651d94.zip"
},
{
  "url": "https://www.bing.com/images/create/portrait-photo-of-a-female-dog-dressed-in-modern-i/1-657bfb6aea6b42a695a0c953bbb04bf8?id=TAp9X7j9MzxlS9rgwaMubg%3d%3d&view=detailv2&idpp=genimg&idpbck=1&form=BICREC",
  "urlHash": "67f7be1e91e23b89963e6bc1b5209365",
  "download": "https://api.apify.com/v2/key-value-stores/yNNpd5MHwJ7s2ccIv/records/67f7be1e91e23b89963e6bc1b5209365.zip"
},
{
  "url": "https://www.bing.com/images/create/portrait-photo-of-a-female-dog-dressed-in-modern-i/1-657bfb39088f4c8c9bc79ee02e38afc3?id=Z74%2bqwmIxxWXjZzf5nAtCw%3d%3d&view=detailv2&idpp=genimg&idpbck=1&form=BICREC",
  "urlHash": "feb2e6e03f5df0c0a8ea3e796eae6f7d",
  "download": "https://api.apify.com/v2/key-value-stores/yNNpd5MHwJ7s2ccIv/records/feb2e6e03f5df0c0a8ea3e796eae6f7d.zip"
},
{
  "url": "https://www.bing.com/images/create/portrait-photo-of-a-female-dog-dressed-in-modern-i/1-657bfb39088f4c8c9bc79ee02e38afc3?id=HiG5CVXmD%2fFEyFGxmnnN2w%3d%3d&view=detailv2&idpp=genimg&idpbck=1&form=BICREC",
  "urlHash": "b9a135b31238eab61f048b9ea6ff5fc1",
  "download": "https://api.apify.com/v2/key-value-stores/yNNpd5MHwJ7s2ccIv/records/b9a135b31238eab61f048b9ea6ff5fc1.zip"
},
{
  "url": "https://www.bing.com/images/create/portrait-photo-of-a-female-dog-dressed-in-modern-i/1-657bfb39088f4c8c9bc79ee02e38afc3?id=Z5wK4cAmxp53TOEdXVThQg%3d%3d&view=detailv2&idpp=genimg&idpbck=1&form=BICREC",
  "urlHash": "a6936baa950be0f7bfaa2749021bee88",
  "download": "https://api.apify.com/v2/key-value-stores/yNNpd5MHwJ7s2ccIv/records/a6936baa950be0f7bfaa2749021bee88.zip"
},
{
  "url": "https://www.bing.com/images/create/portrait-photo-of-a-female-dog-dressed-in-modern-i/1-657bfb39088f4c8c9bc79ee02e38afc3?id=gXoyGslb5BnoF7Sogqs7lg%3d%3d&view=detailv2&idpp=genimg&idpbck=1&form=BICREC",
  "urlHash": "480f42cdbe3e0ee6bd8379cf0c7f4f05",
  "download": "https://api.apify.com/v2/key-value-stores/yNNpd5MHwJ7s2ccIv/records/480f42cdbe3e0ee6bd8379cf0c7f4f05.zip"
},
{
  "url": "https://www.bing.com/images/create/portrait-photo-of-a-female-dog-dressed-in-modern-i/1-657bfa48796d44deac8781a51d1fafee?id=7uqruJzQU6TAEXAW5%2fhNaw%3d%3d&view=detailv2&idpp=genimg&idpbck=1&form=BICREC",
  "urlHash": "d6f98d53f0727f8d537d2fe4afcc7886",
  "download": "https://api.apify.com/v2/key-value-stores/yNNpd5MHwJ7s2ccIv/records/d6f98d53f0727f8d537d2fe4afcc7886.zip"
},
{
  "url": "https://www.bing.com/images/create/portrait-photo-of-a-female-dog-dressed-in-modern-i/1-657bfa48796d44deac8781a51d1fafee?id=W8S9EwMTzCtvkMFbsjSANw%3d%3d&view=detailv2&idpp=genimg&idpbck=1&form=BICREC",
  "urlHash": "d04d1584d7b34a44d79032a9c0dc1b6c",
  "download": "https://api.apify.com/v2/key-value-stores/yNNpd5MHwJ7s2ccIv/records/d04d1584d7b34a44d79032a9c0dc1b6c.zip"
},
{
  "url": "https://www.bing.com/images/create/portrait-photo-of-a-female-dog-dressed-in-modern-i/1-657bfa48796d44deac8781a51d1fafee?id=6ATy9lx8M6qiTaCHwetGDw%3d%3d&view=detailv2&idpp=genimg&idpbck=1&form=BICREC",
  "urlHash": "8f958c23065f1c9ee9903a5f875baa36",
  "download": "https://api.apify.com/v2/key-value-stores/yNNpd5MHwJ7s2ccIv/records/8f958c23065f1c9ee9903a5f875baa36.zip"
},
{
  "url": "https://www.bing.com/images/create/portrait-photo-of-a-female-dog-dressed-in-modern-i/1-657bfa2de5c84b8f9da795ee1048dbc2?id=kecF2213JagA%2fCkgMJ0YEw%3d%3d&view=detailv2&idpp=genimg&idpbck=1&form=BICREC",
  "urlHash": "3d8acf6dd8680d43351e36156cfbf2fc",
  "download": "https://api.apify.com/v2/key-value-stores/yNNpd5MHwJ7s2ccIv/records/3d8acf6dd8680d43351e36156cfbf2fc.zip"
},
{
  "url": "https://www.bing.com/images/create/portrait-photo-of-a-female-dog-dressed-in-modern-i/1-657bfa48796d44deac8781a51d1fafee?id=HRZ9c2kMkett71jCWLz1YQ%3d%3d&view=detailv2&idpp=genimg&idpbck=1&form=BICREC",
  "urlHash": "8d9d0d5bd17fcad00be87018bc2bf66e",
  "download": "https://api.apify.com/v2/key-value-stores/yNNpd5MHwJ7s2ccIv/records/8d9d0d5bd17fcad00be87018bc2bf66e.zip"
},
{
  "url": "https://www.bing.com/images/create/portrait-photo-of-a-female-dog-dressed-in-modern-i/1-657bfa2de5c84b8f9da795ee1048dbc2?id=HmtOm2rLnF4%2fF9O9waBTpw%3d%3d&view=detailv2&idpp=genimg&idpbck=1&form=BICREC",
  "urlHash": "21b7efd73fdf9b597bbe108d175ce234",
  "download": "https://api.apify.com/v2/key-value-stores/yNNpd5MHwJ7s2ccIv/records/21b7efd73fdf9b597bbe108d175ce234.zip"
},
{
  "url": "https://www.bing.com/images/create/portrait-photo-of-a-female-dog-dressed-in-modern-i/1-657bfa2de5c84b8f9da795ee1048dbc2?id=4PEE29OlaZWYDRyp%2bRo6Ng%3d%3d&view=detailv2&idpp=genimg&idpbck=1&form=BICREC",
  "urlHash": "cbc71b0d3e1d9c9bcefc26a551908a07",
  "download": "https://api.apify.com/v2/key-value-stores/yNNpd5MHwJ7s2ccIv/records/cbc71b0d3e1d9c9bcefc26a551908a07.zip"
},
{
  "url": "https://www.bing.com/images/create/portrait-photo-of-a-female-dog-dressed-in-modern-i/1-657bfa2de5c84b8f9da795ee1048dbc2?id=yBsfOBwrFhg6uxIW0SZ9CQ%3d%3d&view=detailv2&idpp=genimg&idpbck=1&form=BICREC",
  "urlHash": "5f4dec6577875651aea0721757cae803",
  "download": "https://api.apify.com/v2/key-value-stores/yNNpd5MHwJ7s2ccIv/records/5f4dec6577875651aea0721757cae803.zip"
},
{
  "url": "https://www.bing.com/images/create/portrait-photo-of-a-female-dog-dressed-in-modern-i/1-657bfa13f5c0483ebf6f924dc0c2b803?id=fM8iqmBiNRq9tnzsXYtNyg%3d%3d&view=detailv2&idpp=genimg&idpbck=1&form=BICREC",
  "urlHash": "f154bfb12a33b258fe728e0573e96f26",
  "download": "https://api.apify.com/v2/key-value-stores/yNNpd5MHwJ7s2ccIv/records/f154bfb12a33b258fe728e0573e96f26.zip"
},
{
  "url": "https://www.bing.com/images/create/portrait-photo-of-a-female-dog-dressed-in-modern-i/1-657bfa13f5c0483ebf6f924dc0c2b803?id=9OKoM0xtIIvbo%2bxH6TWhCg%3d%3d&view=detailv2&idpp=genimg&idpbck=1&form=BICREC",
  "urlHash": "a8096bb8e3ed0a9ed66f51d190098fc2",
  "download": "https://api.apify.com/v2/key-value-stores/yNNpd5MHwJ7s2ccIv/records/a8096bb8e3ed0a9ed66f51d190098fc2.zip"
},
{
  "url": "https://www.bing.com/images/create/portrait-photo-of-a-female-dog-dressed-in-modern-i/1-657bfa13f5c0483ebf6f924dc0c2b803?id=Vl7bNHJjHlvbput0UQ0TEQ%3d%3d&view=detailv2&idpp=genimg&idpbck=1&form=BICREC",
  "urlHash": "b9d64dfd6a101fa70b6f85b68bee2747",
  "download": "https://api.apify.com/v2/key-value-stores/yNNpd5MHwJ7s2ccIv/records/b9d64dfd6a101fa70b6f85b68bee2747.zip"
},
{
  "url": "https://www.bing.com/images/create/portrait-photo-of-a-female-dog-dressed-in-modern-i/1-657bfa13f5c0483ebf6f924dc0c2b803?id=t8NvzapjP0TqztBtF0q89w%3d%3d&view=detailv2&idpp=genimg&idpbck=1&form=BICREC",
  "urlHash": "6640f5fa32c1ead8aac2a84853ccdd7a",
  "download": "https://api.apify.com/v2/key-value-stores/yNNpd5MHwJ7s2ccIv/records/6640f5fa32c1ead8aac2a84853ccdd7a.zip"
},
{
  "url": "https://www.bing.com/images/create/portrait-photo-of-a-female-dog-dressed-in-modern-i/1-657bf9444918425db55b2276374c0053?id=RxRgELKZdgQS7tFrTeNdPQ%3d%3d&view=detailv2&idpp=genimg&idpbck=1&form=BICREC",
  "urlHash": "a2e1bd6bd77cfcb24c88ece34699f8b0",
  "download": "https://api.apify.com/v2/key-value-stores/yNNpd5MHwJ7s2ccIv/records/a2e1bd6bd77cfcb24c88ece34699f8b0.zip"
},
{
  "url": "https://www.bing.com/images/create/portrait-photo-of-a-female-dog-dressed-in-modern-i/1-657bf9444918425db55b2276374c0053?id=BONY9f1%2bV5fDcYpjrR6NTA%3d%3d&view=detailv2&idpp=genimg&idpbck=1&form=BICREC",
  "urlHash": "02b66a60e8a0e557a336de279ffc7c51",
  "download": "https://api.apify.com/v2/key-value-stores/yNNpd5MHwJ7s2ccIv/records/02b66a60e8a0e557a336de279ffc7c51.zip"
},
{
  "url": "https://www.bing.com/images/create/portrait-photo-of-a-female-dog-dressed-in-modern-i/1-657bf9444918425db55b2276374c0053?id=%2b0dti6fa3sUwxZ0VOY%2boRA%3d%3d&view=detailv2&idpp=genimg&idpbck=1&form=BICREC",
  "urlHash": "fdc72d1fdb582e05d62d5e17af355f16",
  "download": "https://api.apify.com/v2/key-value-stores/yNNpd5MHwJ7s2ccIv/records/fdc72d1fdb582e05d62d5e17af355f16.zip"
},
{
  "url": "https://www.bing.com/images/create/portrait-photo-of-a-female-dog-dressed-in-modern-i/1-657bf9444918425db55b2276374c0053?id=fvltx42Fa2t1gdMuTt6N7A%3d%3d&view=detailv2&idpp=genimg&idpbck=1&form=BICREC",
  "urlHash": "c0c92666b638e48e71c89e28a0a41a31",
  "download": "https://api.apify.com/v2/key-value-stores/yNNpd5MHwJ7s2ccIv/records/c0c92666b638e48e71c89e28a0a41a31.zip"
},
{
  "url": "https://www.bing.com/images/create/portrait-photo-of-a-female-dog-dressed-in-modern-i/1-657bfc8b175e4c49b68d787842e6a6e5?id=nyCLi0TuInlANvxleAxgiw%3d%3d&view=detailv2&idpp=genimg&idpbck=1&form=BICREC",
  "urlHash": "b96a5fcd6f1d229bfa7cb700b61b76de",
  "download": "https://api.apify.com/v2/key-value-stores/yNNpd5MHwJ7s2ccIv/records/b96a5fcd6f1d229bfa7cb700b61b76de.zip"
},
{
  "url": "https://www.bing.com/images/create/portrait-photo-of-a-female-dog-dressed-in-modern-i/1-657bfc8b175e4c49b68d787842e6a6e5?id=1QwgX3v80uIPFbIOUx5xVg%3d%3d&view=detailv2&idpp=genimg&idpbck=1&form=BICREC",
  "urlHash": "38f74c520925dea6031e7a6cc255905a",
  "download": "https://api.apify.com/v2/key-value-stores/yNNpd5MHwJ7s2ccIv/records/38f74c520925dea6031e7a6cc255905a.zip"
},
{
  "url": "https://www.bing.com/images/create/portrait-photo-of-a-female-dog-dressed-in-modern-i/1-657bfc8b175e4c49b68d787842e6a6e5?id=uGLnKFrz7JLbytkhEXec5A%3d%3d&view=detailv2&idpp=genimg&idpbck=1&form=BICREC",
  "urlHash": "e9ceeff83133f622144a6f82b8f49796",
  "download": "https://api.apify.com/v2/key-value-stores/yNNpd5MHwJ7s2ccIv/records/e9ceeff83133f622144a6f82b8f49796.zip"
},
{
  "url": "https://www.bing.com/images/create/portrait-photo-of-a-female-dog-dressed-in-modern-i/1-657bfc68a5cd4225ac6910f042f645b6?id=PyHZvb%2bRqkiFnfppXRbAXA%3d%3d&view=detailv2&idpp=genimg&idpbck=1&form=BICREC",
  "urlHash": "cb6185bf9e8fbc4c9afbc8c8d007405f",
  "download": "https://api.apify.com/v2/key-value-stores/yNNpd5MHwJ7s2ccIv/records/cb6185bf9e8fbc4c9afbc8c8d007405f.zip"
},
{
  "url": "https://www.bing.com/images/create/portrait-photo-of-a-female-dog-dressed-in-modern-i/1-657bfc8b175e4c49b68d787842e6a6e5?id=dluchj9jDWE0vKv1RDhOXw%3d%3d&view=detailv2&idpp=genimg&idpbck=1&form=BICREC",
  "urlHash": "8474e16bae779a54fd3327586e80e9b5",
  "download": "https://api.apify.com/v2/key-value-stores/yNNpd5MHwJ7s2ccIv/records/8474e16bae779a54fd3327586e80e9b5.zip"
},
{
  "url": "https://www.bing.com/images/create/portrait-photo-of-a-female-dog-dressed-in-modern-i/1-657bfc68a5cd4225ac6910f042f645b6?id=XfcHZ2R17Ri6TpeAMIZTxg%3d%3d&view=detailv2&idpp=genimg&idpbck=1&form=BICREC",
  "urlHash": "52362bc00bb36f0662750ba5737d7a67",
  "download": "https://api.apify.com/v2/key-value-stores/yNNpd5MHwJ7s2ccIv/records/52362bc00bb36f0662750ba5737d7a67.zip"
},
{
  "url": "https://www.bing.com/images/create/portrait-photo-of-a-female-dog-dressed-in-modern-i/1-657bfc68a5cd4225ac6910f042f645b6?id=oSa6JL3B3X0rosSwKJhKEQ%3d%3d&view=detailv2&idpp=genimg&idpbck=1&form=BICREC",
  "urlHash": "adc96779fe5a3b85ef5f27b68f142cac",
  "download": "https://api.apify.com/v2/key-value-stores/yNNpd5MHwJ7s2ccIv/records/adc96779fe5a3b85ef5f27b68f142cac.zip"
},
{
  "url": "https://www.bing.com/images/create/portrait-photo-of-a-female-dog-dressed-in-modern-i/1-657bfc68a5cd4225ac6910f042f645b6?id=S27aBuBx4dsBZyuuG2%2f6Qg%3d%3d&view=detailv2&idpp=genimg&idpbck=1&form=BICREC",
  "urlHash": "686db06da7caf8cb8d44de1a4ae743bc",
  "download": "https://api.apify.com/v2/key-value-stores/yNNpd5MHwJ7s2ccIv/records/686db06da7caf8cb8d44de1a4ae743bc.zip"
},
{
  "url": "https://www.bing.com/images/create/portrait-photo-of-a-female-dog-dressed-in-modern-i/1-657bfc527ddb471a81393b2b98166ae7?id=WxLAL2XT2yEVfzfhZmvcQA%3d%3d&view=detailv2&idpp=genimg&idpbck=1&form=BICREC",
  "urlHash": "6c090fcc57be22b8456233d391143dd7",
  "download": "https://api.apify.com/v2/key-value-stores/yNNpd5MHwJ7s2ccIv/records/6c090fcc57be22b8456233d391143dd7.zip"
},
{
  "url": "https://www.bing.com/images/create/portrait-photo-of-a-female-dog-dressed-in-modern-i/1-657bfc527ddb471a81393b2b98166ae7?id=RPKlzH2eLhu%2bgE6SZ8ewcg%3d%3d&view=detailv2&idpp=genimg&idpbck=1&form=BICREC",
  "urlHash": "d6b2b32a185b29922fbb2fb9e10a98b3",
  "download": "https://api.apify.com/v2/key-value-stores/yNNpd5MHwJ7s2ccIv/records/d6b2b32a185b29922fbb2fb9e10a98b3.zip"
},
{
  "url": "https://www.bing.com/images/create/portrait-photo-of-a-female-dog-dressed-in-modern-i/1-657bfc527ddb471a81393b2b98166ae7?id=Ngv3axoTPLy20GyziQzcaA%3d%3d&view=detailv2&idpp=genimg&idpbck=1&form=BICREC",
  "urlHash": "9ea10a1f552ba61f206a48b9be7ee747",
  "download": "https://api.apify.com/v2/key-value-stores/yNNpd5MHwJ7s2ccIv/records/9ea10a1f552ba61f206a48b9be7ee747.zip"
},
{
  "url": "https://www.bing.com/images/create/portrait-photo-of-a-female-dog-dressed-in-modern-i/1-657bfc1161a2435d9556d4a6c7c6c05d?id=VR2xM8uw75V2dC%2b8hLcUPQ%3d%3d&view=detailv2&idpp=genimg&idpbck=1&form=BICREC",
  "urlHash": "fd516adf8e9d876beee71ba184e557b8",
  "download": "https://api.apify.com/v2/key-value-stores/yNNpd5MHwJ7s2ccIv/records/fd516adf8e9d876beee71ba184e557b8.zip"
},
{
  "url": "https://www.bing.com/images/create/portrait-photo-of-a-female-dog-dressed-in-modern-i/1-657bfc527ddb471a81393b2b98166ae7?id=lxs09hFC95kox%2bud2nKrkA%3d%3d&view=detailv2&idpp=genimg&idpbck=1&form=BICREC",
  "urlHash": "a75963fba884ec39906ed0cf7b4d6645",
  "download": "https://api.apify.com/v2/key-value-stores/yNNpd5MHwJ7s2ccIv/records/a75963fba884ec39906ed0cf7b4d6645.zip"
},
{
  "url": "https://www.bing.com/images/create/portrait-photo-of-a-female-dog-dressed-in-modern-i/1-657bfc1161a2435d9556d4a6c7c6c05d?id=%2fLboEbvfglFjf7zG04LDCg%3d%3d&view=detailv2&idpp=genimg&idpbck=1&form=BICREC",
  "urlHash": "ff4a96719f63211c83541a5ef08d3720",
  "download": "https://api.apify.com/v2/key-value-stores/yNNpd5MHwJ7s2ccIv/records/ff4a96719f63211c83541a5ef08d3720.zip"
},
{
  "url": "https://www.bing.com/images/create/portrait-photo-of-a-female-dog-dressed-in-modern-i/1-657bfc1161a2435d9556d4a6c7c6c05d?id=CtH%2bHxwyh8XlRryab5cOyQ%3d%3d&view=detailv2&idpp=genimg&idpbck=1&form=BICREC",
  "urlHash": "6af716ad30c6397fdc49c15c81201662",
  "download": "https://api.apify.com/v2/key-value-stores/yNNpd5MHwJ7s2ccIv/records/6af716ad30c6397fdc49c15c81201662.zip"
},
{
  "url": "https://www.bing.com/images/create/portrait-photo-of-a-female-dog-dressed-in-modern-i/1-657bfc1161a2435d9556d4a6c7c6c05d?id=7mhNDM6lzogoSjRP6U4Reg%3d%3d&view=detailv2&idpp=genimg&idpbck=1&form=BICREC",
  "urlHash": "54321c9c48e8b35f752e059340a20e66",
  "download": "https://api.apify.com/v2/key-value-stores/yNNpd5MHwJ7s2ccIv/records/54321c9c48e8b35f752e059340a20e66.zip"
}]