[{
  "url": "https://www.bing.com/images/create/portrait-photo-of-a-female-cat-dressed-in-modern-i/1-658118b5c6ad4229a4b2f380f81671d7?id=pHM2YpT6sccjoVxERQ%2b%2fqQ%3d%3d&view=detailv2&idpp=genimg&idpbck=1&form=BICREC",
  "urlHash": "1834e1b907e4036d5c3c749abf47dca2",
  "download": "https://api.apify.com/v2/key-value-stores/oPMSr7B84dbpjbcg3/records/1834e1b907e4036d5c3c749abf47dca2.zip"
},
{
  "url": "https://www.bing.com/images/create/portrait-photo-of-a-female-cat-dressed-in-modern-i/1-658118b5c6ad4229a4b2f380f81671d7?id=QhUGbroA3N7YhYiX7BI4Dg%3d%3d&view=detailv2&idpp=genimg&idpbck=1&form=BICREC",
  "urlHash": "d31452507672cde20725af331ea7616d",
  "download": "https://api.apify.com/v2/key-value-stores/oPMSr7B84dbpjbcg3/records/d31452507672cde20725af331ea7616d.zip"
},
{
  "url": "https://www.bing.com/images/create/portrait-photo-of-a-female-cat-dressed-in-modern-i/1-658118b5c6ad4229a4b2f380f81671d7?id=WL6vijoXPVSiaiOdz7Dd0g%3d%3d&view=detailv2&idpp=genimg&idpbck=1&form=BICREC",
  "urlHash": "1c3cc02a76c96f1c3e3c6648141f0818",
  "download": "https://api.apify.com/v2/key-value-stores/oPMSr7B84dbpjbcg3/records/1c3cc02a76c96f1c3e3c6648141f0818.zip"
},
{
  "url": "https://www.bing.com/images/create/portrait-photo-of-a-female-cat-dressed-in-modern-i/1-6581189185704b1e9e5b893b02c96883?id=J8ZLZpvjQRkOKt9HT4xTZg%3d%3d&view=detailv2&idpp=genimg&idpbck=1&form=BICREC",
  "urlHash": "ae533e5d5c4c391ccb6e227453a3d89e",
  "download": "https://api.apify.com/v2/key-value-stores/oPMSr7B84dbpjbcg3/records/ae533e5d5c4c391ccb6e227453a3d89e.zip"
},
{
  "url": "https://www.bing.com/images/create/portrait-photo-of-a-female-cat-dressed-in-modern-i/1-658118b5c6ad4229a4b2f380f81671d7?id=UlKoe5Myr5R3RKT3cQRQEg%3d%3d&view=detailv2&idpp=genimg&idpbck=1&form=BICREC",
  "urlHash": "a5b497ead96f000a5633c2a8721dfce2",
  "download": "https://api.apify.com/v2/key-value-stores/oPMSr7B84dbpjbcg3/records/a5b497ead96f000a5633c2a8721dfce2.zip"
},
{
  "url": "https://www.bing.com/images/create/portrait-photo-of-a-female-cat-dressed-in-modern-i/1-6581189185704b1e9e5b893b02c96883?id=sfWomFBTpu3j8%2fFv1odQsg%3d%3d&view=detailv2&idpp=genimg&idpbck=1&form=BICREC",
  "urlHash": "de7bf72670640156e24b1fdb49a9450b",
  "download": "https://api.apify.com/v2/key-value-stores/oPMSr7B84dbpjbcg3/records/de7bf72670640156e24b1fdb49a9450b.zip"
},
{
  "url": "https://www.bing.com/images/create/portrait-photo-of-a-female-cat-dressed-in-modern-i/1-6581186cabe14dd3bc827f412eb3502e?id=UenUrKOjkv%2bPxdCC%2fgW9Nw%3d%3d&view=detailv2&idpp=genimg&idpbck=1&form=BICREC",
  "urlHash": "3c6da2c4e28de88a787e6a776c8fcbf8",
  "download": "https://api.apify.com/v2/key-value-stores/oPMSr7B84dbpjbcg3/records/3c6da2c4e28de88a787e6a776c8fcbf8.zip"
},
{
  "url": "https://www.bing.com/images/create/portrait-photo-of-a-female-cat-dressed-in-modern-i/1-6581189185704b1e9e5b893b02c96883?id=NT27%2b8t%2fQe3Soe1ULYiszw%3d%3d&view=detailv2&idpp=genimg&idpbck=1&form=BICREC",
  "urlHash": "38abe06b16398b59346cbf1e27c8e2fe",
  "download": "https://api.apify.com/v2/key-value-stores/oPMSr7B84dbpjbcg3/records/38abe06b16398b59346cbf1e27c8e2fe.zip"
},
{
  "url": "https://www.bing.com/images/create/portrait-photo-of-a-female-cat-dressed-in-modern-i/1-6581186cabe14dd3bc827f412eb3502e?id=GQ6TRq8DTZ2mZxwewNaTxA%3d%3d&view=detailv2&idpp=genimg&idpbck=1&form=BICREC",
  "urlHash": "efae6e3d829e03cbfc49f0ab2edbce40",
  "download": "https://api.apify.com/v2/key-value-stores/oPMSr7B84dbpjbcg3/records/efae6e3d829e03cbfc49f0ab2edbce40.zip"
},
{
  "url": "https://www.bing.com/images/create/portrait-photo-of-a-female-cat-dressed-in-modern-i/1-6581189185704b1e9e5b893b02c96883?id=AgRoCd%2fRtnbImXdEgfVstQ%3d%3d&view=detailv2&idpp=genimg&idpbck=1&form=BICREC",
  "urlHash": "f055822cecf56508cf9181f81e748dad",
  "download": "https://api.apify.com/v2/key-value-stores/oPMSr7B84dbpjbcg3/records/f055822cecf56508cf9181f81e748dad.zip"
},
{
  "url": "https://www.bing.com/images/create/portrait-photo-of-a-female-cat-dressed-in-modern-i/1-6581186cabe14dd3bc827f412eb3502e?id=AFUmlXo43mYbUJr6svvaNw%3d%3d&view=detailv2&idpp=genimg&idpbck=1&form=BICREC",
  "urlHash": "cb66e82feeb43b799f703949148109c0",
  "download": "https://api.apify.com/v2/key-value-stores/oPMSr7B84dbpjbcg3/records/cb66e82feeb43b799f703949148109c0.zip"
},
{
  "url": "https://www.bing.com/images/create/portrait-photo-of-a-female-cat-dressed-in-modern-i/1-6581186cabe14dd3bc827f412eb3502e?id=4I8dHvyMrAzcob73UWt97w%3d%3d&view=detailv2&idpp=genimg&idpbck=1&form=BICREC",
  "urlHash": "449a5e204f4447c3c2dcf4a99638e915",
  "download": "https://api.apify.com/v2/key-value-stores/oPMSr7B84dbpjbcg3/records/449a5e204f4447c3c2dcf4a99638e915.zip"
},
{
  "url": "https://www.bing.com/images/create/portrait-photo-of-a-female-cat-dressed-in-modern-i/1-658110a4a6c8423c858199132118a0da?id=If5rPI16j%2bxlwYuahN%2blWw%3d%3d&view=detailv2&idpp=genimg&idpbck=1&form=BICREC",
  "urlHash": "788d544ef99277349d7b398412613695",
  "download": "https://api.apify.com/v2/key-value-stores/oPMSr7B84dbpjbcg3/records/788d544ef99277349d7b398412613695.zip"
},
{
  "url": "https://www.bing.com/images/create/portrait-photo-of-a-female-cat-dressed-in-modern-i/1-6581171a14904aeb8a7230da2f1f349e?id=1JQjTTk3R4hG3O0DaQN3eQ%3d%3d&view=detailv2&idpp=genimg&idpbck=1&form=BICREC",
  "urlHash": "c08067e7fd24b494f61523ace3b77f89",
  "download": "https://api.apify.com/v2/key-value-stores/oPMSr7B84dbpjbcg3/records/c08067e7fd24b494f61523ace3b77f89.zip"
},
{
  "url": "https://www.bing.com/images/create/portrait-photo-of-a-female-cat-dressed-in-modern-i/1-6581171a14904aeb8a7230da2f1f349e?id=NPHsIXGEar8yXd3kvbQyWQ%3d%3d&view=detailv2&idpp=genimg&idpbck=1&form=BICREC",
  "urlHash": "6f63bba944ae0f08bd83d5e4ccaffbf5",
  "download": "https://api.apify.com/v2/key-value-stores/oPMSr7B84dbpjbcg3/records/6f63bba944ae0f08bd83d5e4ccaffbf5.zip"
},
{
  "url": "https://www.bing.com/images/create/portrait-photo-of-a-female-cat-dressed-in-modern-i/1-6581171a14904aeb8a7230da2f1f349e?id=jf0ZVzSl8Jl7L0s%2b4Wrnfg%3d%3d&view=detailv2&idpp=genimg&idpbck=1&form=BICREC",
  "urlHash": "d9bb008c4472ef694d880ae61bb4ece3",
  "download": "https://api.apify.com/v2/key-value-stores/oPMSr7B84dbpjbcg3/records/d9bb008c4472ef694d880ae61bb4ece3.zip"
},
{
  "url": "https://www.bing.com/images/create/portrait-photo-of-a-female-cat-dressed-in-modern-i/1-6581171a14904aeb8a7230da2f1f349e?id=7chgjYJJMtprJs33yry26w%3d%3d&view=detailv2&idpp=genimg&idpbck=1&form=BICREC",
  "urlHash": "6d19620970eb1ac5fc56024d234fe11b",
  "download": "https://api.apify.com/v2/key-value-stores/oPMSr7B84dbpjbcg3/records/6d19620970eb1ac5fc56024d234fe11b.zip"
},
{
  "url": "https://www.bing.com/images/create/portrait-photo-of-a-female-cat-dressed-in-modern-i/1-658110a4a6c8423c858199132118a0da?id=tNeixEracJo0K6XrQhsiFQ%3d%3d&view=detailv2&idpp=genimg&idpbck=1&form=BICREC",
  "urlHash": "b0db82bab61f2614e69adfe3178d1c19",
  "download": "https://api.apify.com/v2/key-value-stores/oPMSr7B84dbpjbcg3/records/b0db82bab61f2614e69adfe3178d1c19.zip"
},
{
  "url": "https://www.bing.com/images/create/portrait-photo-of-a-female-cat-dressed-in-modern-i/1-658110a4a6c8423c858199132118a0da?id=lRHkdQmgoQfg7pvDktPWbQ%3d%3d&view=detailv2&idpp=genimg&idpbck=1&form=BICREC",
  "urlHash": "88405311b4f7b2de0fe8515499261736",
  "download": "https://api.apify.com/v2/key-value-stores/oPMSr7B84dbpjbcg3/records/88405311b4f7b2de0fe8515499261736.zip"
},
{
  "url": "https://www.bing.com/images/create/portrait-photo-of-a-female-cat-dressed-in-modern-i/1-6581104f2e494ace8ede5b780525c448?id=dsvrvV8HYVP7GjtgbMcdoA%3d%3d&view=detailv2&idpp=genimg&idpbck=1&form=BICREC",
  "urlHash": "1721932461e2639811db92dbc0c2d432",
  "download": "https://api.apify.com/v2/key-value-stores/oPMSr7B84dbpjbcg3/records/1721932461e2639811db92dbc0c2d432.zip"
},
{
  "url": "https://www.bing.com/images/create/portrait-photo-of-a-female-cat-dressed-in-modern-i/1-658110a4a6c8423c858199132118a0da?id=QYU4YHEje11Y3QpLuK5Z%2bw%3d%3d&view=detailv2&idpp=genimg&idpbck=1&form=BICREC",
  "urlHash": "1b0c350d38532ccec6bae05d2e2926f4",
  "download": "https://api.apify.com/v2/key-value-stores/oPMSr7B84dbpjbcg3/records/1b0c350d38532ccec6bae05d2e2926f4.zip"
},
{
  "url": "https://www.bing.com/images/create/portrait-photo-of-a-female-cat-dressed-in-modern-i/1-6581104f2e494ace8ede5b780525c448?id=Cfrch%2bpcFwxuh2QwmMbHZQ%3d%3d&view=detailv2&idpp=genimg&idpbck=1&form=BICREC",
  "urlHash": "df857e8f3a6e255c137d6f8c8ce4f6e3",
  "download": "https://api.apify.com/v2/key-value-stores/oPMSr7B84dbpjbcg3/records/df857e8f3a6e255c137d6f8c8ce4f6e3.zip"
},
{
  "url": "https://www.bing.com/images/create/portrait-photo-of-a-female-cat-dressed-in-modern-i/1-6581104f2e494ace8ede5b780525c448?id=p1%2bifh%2fNtpMQzuVAWkNb0Q%3d%3d&view=detailv2&idpp=genimg&idpbck=1&form=BICREC",
  "urlHash": "68893878b7dbdea3a4a3b73f5700f98a",
  "download": "https://api.apify.com/v2/key-value-stores/oPMSr7B84dbpjbcg3/records/68893878b7dbdea3a4a3b73f5700f98a.zip"
},
{
  "url": "https://www.bing.com/images/create/portrait-photo-of-a-female-cat-dressed-in-modern-i/1-6581104f2e494ace8ede5b780525c448?id=Wedr05czUWRPcMnx%2b8tCnA%3d%3d&view=detailv2&idpp=genimg&idpbck=1&form=BICREC",
  "urlHash": "510244503c50f8c1f1eb328f29562339",
  "download": "https://api.apify.com/v2/key-value-stores/oPMSr7B84dbpjbcg3/records/510244503c50f8c1f1eb328f29562339.zip"
},
{
  "url": "https://www.bing.com/images/create/portrait-photo-of-a-female-cat-dressed-in-modern-i/1-65810c92a6094b219f7f57e10609f4dd?id=%2bXGeR1RuiRVM%2bGON3nP2ZQ%3d%3d&view=detailv2&idpp=genimg&idpbck=1&form=BICREC",
  "urlHash": "bff9dba3fa593430105c446ff3b226e7",
  "download": "https://api.apify.com/v2/key-value-stores/oPMSr7B84dbpjbcg3/records/bff9dba3fa593430105c446ff3b226e7.zip"
},
{
  "url": "https://www.bing.com/images/create/portrait-photo-of-a-female-cat-dressed-in-modern-i/1-65810c92a6094b219f7f57e10609f4dd?id=ymnfw5qxAO8%2f1Q1jfJVqfw%3d%3d&view=detailv2&idpp=genimg&idpbck=1&form=BICREC",
  "urlHash": "ff565894b1ba45926f47e9fd59419300",
  "download": "https://api.apify.com/v2/key-value-stores/oPMSr7B84dbpjbcg3/records/ff565894b1ba45926f47e9fd59419300.zip"
},
{
  "url": "https://www.bing.com/images/create/portrait-photo-of-a-female-cat-dressed-in-modern-i/1-65810c92a6094b219f7f57e10609f4dd?id=hNLg2JFTBf6UYPhrQDUMKw%3d%3d&view=detailv2&idpp=genimg&idpbck=1&form=BICREC",
  "urlHash": "bdca1bd8716384a5cf2dcd5df0d1d7ad",
  "download": "https://api.apify.com/v2/key-value-stores/oPMSr7B84dbpjbcg3/records/bdca1bd8716384a5cf2dcd5df0d1d7ad.zip"
},
{
  "url": "https://www.bing.com/images/create/portrait-photo-of-a-female-cat-dressed-in-modern-i/1-65810c5bbb964bf7b07ec7386118a7c9?id=SSxOZjQhALCqiygudo0iCA%3d%3d&view=detailv2&idpp=genimg&idpbck=1&form=BICREC",
  "urlHash": "6f4bea616465c2e7ade41e54c9c83e27",
  "download": "https://api.apify.com/v2/key-value-stores/oPMSr7B84dbpjbcg3/records/6f4bea616465c2e7ade41e54c9c83e27.zip"
},
{
  "url": "https://www.bing.com/images/create/portrait-photo-of-a-female-cat-dressed-in-modern-i/1-65810c92a6094b219f7f57e10609f4dd?id=i03ny3IhRXFsfch2xRgblQ%3d%3d&view=detailv2&idpp=genimg&idpbck=1&form=BICREC",
  "urlHash": "fc81149820c2e7c03b3419b4f9a183fe",
  "download": "https://api.apify.com/v2/key-value-stores/oPMSr7B84dbpjbcg3/records/fc81149820c2e7c03b3419b4f9a183fe.zip"
},
{
  "url": "https://www.bing.com/images/create/portrait-photo-of-a-female-cat-dressed-in-modern-i/1-65810c5bbb964bf7b07ec7386118a7c9?id=599CSYzFFV1EBisKXM%2b7hQ%3d%3d&view=detailv2&idpp=genimg&idpbck=1&form=BICREC",
  "urlHash": "e0b1463c6b9553f25f77ff929b296d48",
  "download": "https://api.apify.com/v2/key-value-stores/oPMSr7B84dbpjbcg3/records/e0b1463c6b9553f25f77ff929b296d48.zip"
},
{
  "url": "https://www.bing.com/images/create/portrait-photo-of-a-female-cat-dressed-in-modern-i/1-65810c5bbb964bf7b07ec7386118a7c9?id=XtguasvB7wAjA4fkt0k%2fUQ%3d%3d&view=detailv2&idpp=genimg&idpbck=1&form=BICREC",
  "urlHash": "ad3cf08c7d45d43fec50f3a5fa9fcb80",
  "download": "https://api.apify.com/v2/key-value-stores/oPMSr7B84dbpjbcg3/records/ad3cf08c7d45d43fec50f3a5fa9fcb80.zip"
},
{
  "url": "https://www.bing.com/images/create/portrait-photo-of-a-female-cat-dressed-in-modern-i/1-65810c5bbb964bf7b07ec7386118a7c9?id=Pez5LU27jnnVd7wC7O6X0w%3d%3d&view=detailv2&idpp=genimg&idpbck=1&form=BICREC",
  "urlHash": "c1672e365be930fe239ab5b1e06eaf56",
  "download": "https://api.apify.com/v2/key-value-stores/oPMSr7B84dbpjbcg3/records/c1672e365be930fe239ab5b1e06eaf56.zip"
},
{
  "url": "https://www.bing.com/images/create/portrait-photo-of-a-female-cat-dressed-in-modern-i/1-65810c18d93e4c4c971241b57835a91b?id=LX8WHRFJuMYPA1T7orlLZg%3d%3d&view=detailv2&idpp=genimg&idpbck=1&form=BICREC",
  "urlHash": "72736a8e084374e5fa963db797e6e0ff",
  "download": "https://api.apify.com/v2/key-value-stores/oPMSr7B84dbpjbcg3/records/72736a8e084374e5fa963db797e6e0ff.zip"
},
{
  "url": "https://www.bing.com/images/create/portrait-photo-of-a-female-cat-dressed-in-modern-i/1-65810c18d93e4c4c971241b57835a91b?id=cJS5Ahgcubh0INU6iwzBOg%3d%3d&view=detailv2&idpp=genimg&idpbck=1&form=BICREC",
  "urlHash": "a3c9c1bcad9e37fb9a28a18480836dcd",
  "download": "https://api.apify.com/v2/key-value-stores/oPMSr7B84dbpjbcg3/records/a3c9c1bcad9e37fb9a28a18480836dcd.zip"
},
{
  "url": "https://www.bing.com/images/create/portrait-photo-of-a-female-cat-dressed-in-modern-i/1-65810c18d93e4c4c971241b57835a91b?id=eZn8F%2fInpZ2hiloN%2bZ1vmg%3d%3d&view=detailv2&idpp=genimg&idpbck=1&form=BICREC",
  "urlHash": "42b3793e273a6c68caec71e2875eb151",
  "download": "https://api.apify.com/v2/key-value-stores/oPMSr7B84dbpjbcg3/records/42b3793e273a6c68caec71e2875eb151.zip"
},
{
  "url": "https://www.bing.com/images/create/portrait-photo-of-a-female-cat-dressed-in-modern-i/1-65810c18d93e4c4c971241b57835a91b?id=0VbXLiW2vndOViOrnrmFBA%3d%3d&view=detailv2&idpp=genimg&idpbck=1&form=BICREC",
  "urlHash": "ccf9a8dbd8633a8acd26e446de662a8f",
  "download": "https://api.apify.com/v2/key-value-stores/oPMSr7B84dbpjbcg3/records/ccf9a8dbd8633a8acd26e446de662a8f.zip"
},
{
  "url": "https://www.bing.com/images/create/portrait-photo-of-a-female-dog-dressed-in-modern-i/1-657c19b470dc4c5fb6bd888a93029266?id=0baebPRInKaryOCnh2daEQ%3d%3d&view=detailv2&idpp=genimg&idpbck=1&form=BICREC",
  "urlHash": "a6edcb600e8b7a2a2f228c6c7c85495b",
  "download": "https://api.apify.com/v2/key-value-stores/oPMSr7B84dbpjbcg3/records/a6edcb600e8b7a2a2f228c6c7c85495b.zip"
},
{
  "url": "https://www.bing.com/images/create/portrait-photo-of-a-female-dog-dressed-in-modern-i/1-657c19b470dc4c5fb6bd888a93029266?id=my6XuFm4q5jMTCp0Cb%2bdcA%3d%3d&view=detailv2&idpp=genimg&idpbck=1&form=BICREC",
  "urlHash": "af64ca662823a96fc9e2aae63849f25a",
  "download": "https://api.apify.com/v2/key-value-stores/oPMSr7B84dbpjbcg3/records/af64ca662823a96fc9e2aae63849f25a.zip"
},
{
  "url": "https://www.bing.com/images/create/portrait-photo-of-a-female-dog-dressed-in-modern-i/1-657c19b470dc4c5fb6bd888a93029266?id=blEeDD%2bMB5sHuDn2OQIzWA%3d%3d&view=detailv2&idpp=genimg&idpbck=1&form=BICREC",
  "urlHash": "686510cd90c2a256f8a962dc133a9a02",
  "download": "https://api.apify.com/v2/key-value-stores/oPMSr7B84dbpjbcg3/records/686510cd90c2a256f8a962dc133a9a02.zip"
},
{
  "url": "https://www.bing.com/images/create/portrait-photo-of-a-female-dog-dressed-in-modern-i/1-657c19b470dc4c5fb6bd888a93029266?id=w7%2fEfKo9jC5N%2bMtqSUCzHA%3d%3d&view=detailv2&idpp=genimg&idpbck=1&form=BICREC",
  "urlHash": "354a47c0d99c66982db77960f7ddcc33",
  "download": "https://api.apify.com/v2/key-value-stores/oPMSr7B84dbpjbcg3/records/354a47c0d99c66982db77960f7ddcc33.zip"
},
{
  "url": "https://www.bing.com/images/create/portrait-photo-of-a-female-dog-dressed-in-modern-i/1-657c1993f99748da9db84d68f8d74099?id=NsmoYWMyphP97ciqsBtEvg%3d%3d&view=detailv2&idpp=genimg&idpbck=1&form=BICREC",
  "urlHash": "01980d3f48c95dde0ec31587449f0178",
  "download": "https://api.apify.com/v2/key-value-stores/oPMSr7B84dbpjbcg3/records/01980d3f48c95dde0ec31587449f0178.zip"
},
{
  "url": "https://www.bing.com/images/create/portrait-photo-of-a-female-dog-dressed-in-modern-i/1-657c1993f99748da9db84d68f8d74099?id=5k%2fSt9%2fU21%2fqpUx8Xmu2dA%3d%3d&view=detailv2&idpp=genimg&idpbck=1&form=BICREC",
  "urlHash": "75f986473e95d6b189b09d7b49cb2b46",
  "download": "https://api.apify.com/v2/key-value-stores/oPMSr7B84dbpjbcg3/records/75f986473e95d6b189b09d7b49cb2b46.zip"
},
{
  "url": "https://www.bing.com/images/create/portrait-photo-of-a-female-dog-dressed-in-modern-i/1-657c1993f99748da9db84d68f8d74099?id=dn0oGYhQwyvJ%2b0bSu2aqfw%3d%3d&view=detailv2&idpp=genimg&idpbck=1&form=BICREC",
  "urlHash": "311bd7942bf1f42ac74810e0019d6e86",
  "download": "https://api.apify.com/v2/key-value-stores/oPMSr7B84dbpjbcg3/records/311bd7942bf1f42ac74810e0019d6e86.zip"
},
{
  "url": "https://www.bing.com/images/create/portrait-photo-of-a-female-dog-dressed-in-modern-i/1-657c1993f99748da9db84d68f8d74099?id=ylShbBeh4%2fP%2berMHyvutQw%3d%3d&view=detailv2&idpp=genimg&idpbck=1&form=BICREC",
  "urlHash": "2e865407506b47fb3156c85f8a488df0",
  "download": "https://api.apify.com/v2/key-value-stores/oPMSr7B84dbpjbcg3/records/2e865407506b47fb3156c85f8a488df0.zip"
},
{
  "url": "https://www.bing.com/images/create/portrait-photo-of-a-female-dog-dressed-in-modern-i/1-657c197d6ed946daac65d30455ad653e?id=2LrCsrBL7rPs%2fB5hDk0AIA%3d%3d&view=detailv2&idpp=genimg&idpbck=1&form=BICREC",
  "urlHash": "d8ee2c7c15755f0b7dd7731a826058b9",
  "download": "https://api.apify.com/v2/key-value-stores/oPMSr7B84dbpjbcg3/records/d8ee2c7c15755f0b7dd7731a826058b9.zip"
},
{
  "url": "https://www.bing.com/images/create/portrait-photo-of-a-female-dog-dressed-in-modern-i/1-657c197d6ed946daac65d30455ad653e?id=AJFa7%2bNY5hkkiS4hAoQy%2bA%3d%3d&view=detailv2&idpp=genimg&idpbck=1&form=BICREC",
  "urlHash": "679a68918d4ba6dfefe720ad93f4d60e",
  "download": "https://api.apify.com/v2/key-value-stores/oPMSr7B84dbpjbcg3/records/679a68918d4ba6dfefe720ad93f4d60e.zip"
},
{
  "url": "https://www.bing.com/images/create/portrait-photo-of-a-female-dog-dressed-in-modern-i/1-657c197d6ed946daac65d30455ad653e?id=PPHZXxVsZz9Szn8sGiUZcQ%3d%3d&view=detailv2&idpp=genimg&idpbck=1&form=BICREC",
  "urlHash": "7c1443120f22c4355d42883f218f105d",
  "download": "https://api.apify.com/v2/key-value-stores/oPMSr7B84dbpjbcg3/records/7c1443120f22c4355d42883f218f105d.zip"
},
{
  "url": "https://www.bing.com/images/create/portrait-photo-of-a-female-dog-dressed-in-modern-i/1-657c195cfeca4290b31bc9805d06d519?id=fwaWVj7R5AaMlkkMLh9caA%3d%3d&view=detailv2&idpp=genimg&idpbck=1&form=BICREC",
  "urlHash": "ee714bdb534eddd6e36e9fd38a2cda0e",
  "download": "https://api.apify.com/v2/key-value-stores/oPMSr7B84dbpjbcg3/records/ee714bdb534eddd6e36e9fd38a2cda0e.zip"
},
{
  "url": "https://www.bing.com/images/create/portrait-photo-of-a-female-dog-dressed-in-modern-i/1-657c195cfeca4290b31bc9805d06d519?id=tl%2bopHSZ6KlRp0YGI%2f0Kpg%3d%3d&view=detailv2&idpp=genimg&idpbck=1&form=BICREC",
  "urlHash": "eb9c6c3d58cf2ff80b42181229e03c90",
  "download": "https://api.apify.com/v2/key-value-stores/oPMSr7B84dbpjbcg3/records/eb9c6c3d58cf2ff80b42181229e03c90.zip"
},
{
  "url": "https://www.bing.com/images/create/portrait-photo-of-a-female-dog-dressed-in-modern-i/1-657c17e4ea5242028d216d492994fa92?id=MN0E71vZk6aVCoj5ipEKDQ%3d%3d&view=detailv2&idpp=genimg&idpbck=1&form=BICREC",
  "urlHash": "b71e7c81bb663ca300a464774d367c41",
  "download": "https://api.apify.com/v2/key-value-stores/oPMSr7B84dbpjbcg3/records/b71e7c81bb663ca300a464774d367c41.zip"
},
{
  "url": "https://www.bing.com/images/create/portrait-photo-of-a-female-dog-dressed-in-modern-i/1-657c195cfeca4290b31bc9805d06d519?id=MqSK0bKIj%2fDrNVFe%2fUKxgw%3d%3d&view=detailv2&idpp=genimg&idpbck=1&form=BICREC",
  "urlHash": "5a5a6d2f553322cacb7b286b6397cc9c",
  "download": "https://api.apify.com/v2/key-value-stores/oPMSr7B84dbpjbcg3/records/5a5a6d2f553322cacb7b286b6397cc9c.zip"
},
{
  "url": "https://www.bing.com/images/create/portrait-photo-of-a-female-dog-dressed-in-modern-i/1-657c17e4ea5242028d216d492994fa92?id=M3dH8KQMvjupu9HpbqBkhw%3d%3d&view=detailv2&idpp=genimg&idpbck=1&form=BICREC",
  "urlHash": "5e05ac575c4d1c39d082097594a15277",
  "download": "https://api.apify.com/v2/key-value-stores/oPMSr7B84dbpjbcg3/records/5e05ac575c4d1c39d082097594a15277.zip"
},
{
  "url": "https://www.bing.com/images/create/portrait-photo-of-a-female-dog-dressed-in-modern-i/1-657c17e4ea5242028d216d492994fa92?id=Tjmg3zhDDk55k6C8HU%2fumA%3d%3d&view=detailv2&idpp=genimg&idpbck=1&form=BICREC",
  "urlHash": "ac7c45fee3f8b681f1621a418e20a873",
  "download": "https://api.apify.com/v2/key-value-stores/oPMSr7B84dbpjbcg3/records/ac7c45fee3f8b681f1621a418e20a873.zip"
},
{
  "url": "https://www.bing.com/images/create/portrait-photo-of-a-female-dog-dressed-in-modern-i/1-657c17cc1a13433b84ba7a8d6d1bc562?id=6LBzQxmsgBYqIAxTQt4NdA%3d%3d&view=detailv2&idpp=genimg&idpbck=1&form=BICREC",
  "urlHash": "75d02dbbdba9ab322b7c8e871e8298cc",
  "download": "https://api.apify.com/v2/key-value-stores/oPMSr7B84dbpjbcg3/records/75d02dbbdba9ab322b7c8e871e8298cc.zip"
},
{
  "url": "https://www.bing.com/images/create/portrait-photo-of-a-female-dog-dressed-in-modern-i/1-657c17e4ea5242028d216d492994fa92?id=Uzg6C%2bTCUIoEDSgHbaf7XA%3d%3d&view=detailv2&idpp=genimg&idpbck=1&form=BICREC",
  "urlHash": "2e3253a37d5dbf4ea59488d2d7802de5",
  "download": "https://api.apify.com/v2/key-value-stores/oPMSr7B84dbpjbcg3/records/2e3253a37d5dbf4ea59488d2d7802de5.zip"
},
{
  "url": "https://www.bing.com/images/create/portrait-photo-of-a-female-dog-dressed-in-modern-i/1-657c17cc1a13433b84ba7a8d6d1bc562?id=BxEATzVchbMJ7sEO2S27Kg%3d%3d&view=detailv2&idpp=genimg&idpbck=1&form=BICREC",
  "urlHash": "1bfce2fc2d1ca0950f131160ac016019",
  "download": "https://api.apify.com/v2/key-value-stores/oPMSr7B84dbpjbcg3/records/1bfce2fc2d1ca0950f131160ac016019.zip"
},
{
  "url": "https://www.bing.com/images/create/portrait-photo-of-a-female-dog-dressed-in-modern-i/1-657c17cc1a13433b84ba7a8d6d1bc562?id=S%2bSaiWVBgDXyZ5EUjr7dZw%3d%3d&view=detailv2&idpp=genimg&idpbck=1&form=BICREC",
  "urlHash": "4caeca0ec9cff832bad8f9c7d4bbc5b9",
  "download": "https://api.apify.com/v2/key-value-stores/oPMSr7B84dbpjbcg3/records/4caeca0ec9cff832bad8f9c7d4bbc5b9.zip"
},
{
  "url": "https://www.bing.com/images/create/portrait-photo-of-a-female-dog-dressed-in-modern-i/1-657c17cc1a13433b84ba7a8d6d1bc562?id=wXz%2btMNpMdpoNbGSaPzMRg%3d%3d&view=detailv2&idpp=genimg&idpbck=1&form=BICREC",
  "urlHash": "371e0b0993a072ad3cc4565339e8713f",
  "download": "https://api.apify.com/v2/key-value-stores/oPMSr7B84dbpjbcg3/records/371e0b0993a072ad3cc4565339e8713f.zip"
},
{
  "url": "https://www.bing.com/images/create/portrait-photo-of-a-female-dog-dressed-in-modern-i/1-657c178a317740898c10cdc38f7283c6?id=Ix6RZDwu55MR7obcbSEhwA%3d%3d&view=detailv2&idpp=genimg&idpbck=1&form=BICREC",
  "urlHash": "b9a5ac3f22010b6e6512227a507c08c2",
  "download": "https://api.apify.com/v2/key-value-stores/oPMSr7B84dbpjbcg3/records/b9a5ac3f22010b6e6512227a507c08c2.zip"
},
{
  "url": "https://www.bing.com/images/create/portrait-photo-of-a-female-dog-dressed-in-modern-i/1-657c178a317740898c10cdc38f7283c6?id=BlYDMaKlkWm6uobe1FmvmQ%3d%3d&view=detailv2&idpp=genimg&idpbck=1&form=BICREC",
  "urlHash": "55897687fbcf93860037f663209b8733",
  "download": "https://api.apify.com/v2/key-value-stores/oPMSr7B84dbpjbcg3/records/55897687fbcf93860037f663209b8733.zip"
},
{
  "url": "https://www.bing.com/images/create/portrait-photo-of-a-female-dog-dressed-in-modern-i/1-657c178a317740898c10cdc38f7283c6?id=LLfM5eGeB1Nepbvry26osA%3d%3d&view=detailv2&idpp=genimg&idpbck=1&form=BICREC",
  "urlHash": "ada4d004e188290c94be3d2c27dca8bb",
  "download": "https://api.apify.com/v2/key-value-stores/oPMSr7B84dbpjbcg3/records/ada4d004e188290c94be3d2c27dca8bb.zip"
},
{
  "url": "https://www.bing.com/images/create/portrait-photo-of-a-female-dog-dressed-in-modern-i/1-657c178a317740898c10cdc38f7283c6?id=QVNx%2fJ%2b3CRJKcnqgl4rQag%3d%3d&view=detailv2&idpp=genimg&idpbck=1&form=BICREC",
  "urlHash": "2e894ca030cbebd3bd27ce5d9df6daa5",
  "download": "https://api.apify.com/v2/key-value-stores/oPMSr7B84dbpjbcg3/records/2e894ca030cbebd3bd27ce5d9df6daa5.zip"
},
{
  "url": "https://www.bing.com/images/create/portrait-photo-of-a-female-dog-dressed-in-modern-i/1-657c176ec5224fa99623a9d66e8be93f?id=wgh88FgEUue0980TG1p4Ng%3d%3d&view=detailv2&idpp=genimg&idpbck=1&form=BICREC",
  "urlHash": "f639ee7747096040a927b8dba287ca9c",
  "download": "https://api.apify.com/v2/key-value-stores/oPMSr7B84dbpjbcg3/records/f639ee7747096040a927b8dba287ca9c.zip"
},
{
  "url": "https://www.bing.com/images/create/portrait-photo-of-a-female-dog-dressed-in-modern-i/1-657c176ec5224fa99623a9d66e8be93f?id=d0bhMwNU3yDYk%2boV6N9BXQ%3d%3d&view=detailv2&idpp=genimg&idpbck=1&form=BICREC",
  "urlHash": "a47eecc2c9a8432d897b6772e92b9327",
  "download": "https://api.apify.com/v2/key-value-stores/oPMSr7B84dbpjbcg3/records/a47eecc2c9a8432d897b6772e92b9327.zip"
},
{
  "url": "https://www.bing.com/images/create/portrait-photo-of-a-female-dog-dressed-in-modern-i/1-657c176ec5224fa99623a9d66e8be93f?id=f8e6Eb5kbyyL2N37fTgZWQ%3d%3d&view=detailv2&idpp=genimg&idpbck=1&form=BICREC",
  "urlHash": "81be3fc1dbd13b569079af1e41879e9a",
  "download": "https://api.apify.com/v2/key-value-stores/oPMSr7B84dbpjbcg3/records/81be3fc1dbd13b569079af1e41879e9a.zip"
},
{
  "url": "https://www.bing.com/images/create/portrait-photo-of-a-female-dog-dressed-in-modern-i/1-657c175397914ce59197a93f55b73ec8?id=2LuBUUvtyxuVLXphICbc%2fQ%3d%3d&view=detailv2&idpp=genimg&idpbck=1&form=BICREC",
  "urlHash": "4622bcc98a8baa439928251014716f0c",
  "download": "https://api.apify.com/v2/key-value-stores/oPMSr7B84dbpjbcg3/records/4622bcc98a8baa439928251014716f0c.zip"
},
{
  "url": "https://www.bing.com/images/create/portrait-photo-of-a-female-dog-dressed-in-modern-i/1-657c176ec5224fa99623a9d66e8be93f?id=jaz%2b2M19F2DhRaFc1P6hJQ%3d%3d&view=detailv2&idpp=genimg&idpbck=1&form=BICREC",
  "urlHash": "50611daf61fb9e610a6eee8c61a32488",
  "download": "https://api.apify.com/v2/key-value-stores/oPMSr7B84dbpjbcg3/records/50611daf61fb9e610a6eee8c61a32488.zip"
},
{
  "url": "https://www.bing.com/images/create/portrait-photo-of-a-female-dog-dressed-in-modern-i/1-657c175397914ce59197a93f55b73ec8?id=7n1GxvM18eXEI8MXGot2qg%3d%3d&view=detailv2&idpp=genimg&idpbck=1&form=BICREC",
  "urlHash": "1ef1e11c26307d236e21d36858cdb2ce",
  "download": "https://api.apify.com/v2/key-value-stores/oPMSr7B84dbpjbcg3/records/1ef1e11c26307d236e21d36858cdb2ce.zip"
},
{
  "url": "https://www.bing.com/images/create/portrait-photo-of-a-female-dog-dressed-in-modern-i/1-657c175397914ce59197a93f55b73ec8?id=G0Sg0NVjESb5pM9Uj%2fvY%2fg%3d%3d&view=detailv2&idpp=genimg&idpbck=1&form=BICREC",
  "urlHash": "887409af439c43b090d81fd94b12d2d4",
  "download": "https://api.apify.com/v2/key-value-stores/oPMSr7B84dbpjbcg3/records/887409af439c43b090d81fd94b12d2d4.zip"
},
{
  "url": "https://www.bing.com/images/create/portrait-photo-of-a-female-dog-dressed-in-modern-i/1-657c176ec5224fa99623a9d66e8be93f?id=jaz%2b2M19F2DhRaFc1P6hJQ%3d%3d&view=detailv2&idpp=genimg&idpbck=1&form=BICREC",
  "urlHash": "50611daf61fb9e610a6eee8c61a32488",
  "download": "https://api.apify.com/v2/key-value-stores/oPMSr7B84dbpjbcg3/records/50611daf61fb9e610a6eee8c61a32488.zip"
},
{
  "url": "https://www.bing.com/images/create/portrait-photo-of-a-female-dog-dressed-in-modern-i/1-657c197d6ed946daac65d30455ad653e?id=CpUTjHnJQFJt%2bEiqkDPTmw%3d%3d&view=detailv2&idpp=genimg&idpbck=1&form=BICREC",
  "urlHash": "e8a677f6096057588815c2b73e6a9045",
  "download": "https://api.apify.com/v2/key-value-stores/oPMSr7B84dbpjbcg3/records/e8a677f6096057588815c2b73e6a9045.zip"
},
{
  "url": "https://www.bing.com/images/create/portrait-photo-of-a-female-dog-dressed-in-modern-i/1-657c195cfeca4290b31bc9805d06d519?id=6MfTYM5CBERpO3MmQ7ojnw%3d%3d&view=detailv2&idpp=genimg&idpbck=1&form=BICREC",
  "urlHash": "4b5ccd8209dd9033f45c9947991a7fc4",
  "download": "https://api.apify.com/v2/key-value-stores/oPMSr7B84dbpjbcg3/records/4b5ccd8209dd9033f45c9947991a7fc4.zip"
},
{
  "url": "https://www.bing.com/images/create/portrait-photo-of-a-female-dog-dressed-in-modern-i/1-657c172ae7c14d649dd22fc9b4ac506b?id=GmkHtjeFqYGRpCg4RPJIDQ%3d%3d&view=detailv2&idpp=genimg&idpbck=1&form=BICREC",
  "urlHash": "4c7a82f56369e5c1587e264735aae843",
  "download": "https://api.apify.com/v2/key-value-stores/oPMSr7B84dbpjbcg3/records/4c7a82f56369e5c1587e264735aae843.zip"
},
{
  "url": "https://www.bing.com/images/create/portrait-photo-of-a-female-dog-dressed-in-modern-i/1-657c175397914ce59197a93f55b73ec8?id=61nMDJYtpZRdXDcSOnEqgg%3d%3d&view=detailv2&idpp=genimg&idpbck=1&form=BICREC",
  "urlHash": "25c0e93f01dd9b3eb6f2331f35b1af92",
  "download": "https://api.apify.com/v2/key-value-stores/oPMSr7B84dbpjbcg3/records/25c0e93f01dd9b3eb6f2331f35b1af92.zip"
},
{
  "url": "https://www.bing.com/images/create/portrait-photo-of-a-female-dog-dressed-in-modern-i/1-657c172ae7c14d649dd22fc9b4ac506b?id=CB0%2fWvkdh0xdVIwJcuJVbQ%3d%3d&view=detailv2&idpp=genimg&idpbck=1&form=BICREC",
  "urlHash": "1bc4e926387417cf1d2eb9e762a6f0d8",
  "download": "https://api.apify.com/v2/key-value-stores/oPMSr7B84dbpjbcg3/records/1bc4e926387417cf1d2eb9e762a6f0d8.zip"
},
{
  "url": "https://www.bing.com/images/create/portrait-photo-of-a-female-dog-dressed-in-modern-i/1-657c172ae7c14d649dd22fc9b4ac506b?id=0wkYCGSs8fCCy73XCLL3UQ%3d%3d&view=detailv2&idpp=genimg&idpbck=1&form=BICREC",
  "urlHash": "b91450a20f6510907ccd07fb960ba744",
  "download": "https://api.apify.com/v2/key-value-stores/oPMSr7B84dbpjbcg3/records/b91450a20f6510907ccd07fb960ba744.zip"
},
{
  "url": "https://www.bing.com/images/create/portrait-photo-of-a-female-dog-dressed-in-modern-i/1-657c172ae7c14d649dd22fc9b4ac506b?id=0Jd3%2fcwsGuY%2bEzMUYiMxJw%3d%3d&view=detailv2&idpp=genimg&idpbck=1&form=BICREC",
  "urlHash": "c1881ec143160b2a54587119f536d9e8",
  "download": "https://api.apify.com/v2/key-value-stores/oPMSr7B84dbpjbcg3/records/c1881ec143160b2a54587119f536d9e8.zip"
},
{
  "url": "https://www.bing.com/images/create/portrait-photo-of-a-female-dog-dressed-in-modern-i/1-657c1869448b4bbca0a5f39e736e660c?id=j%2ftKy8%2bjNdm9yT%2fJIfua2A%3d%3d&view=detailv2&idpp=genimg&idpbck=1&form=BICREC",
  "urlHash": "e6c8f589c1b25c312c2c4951a74f73a5",
  "download": "https://api.apify.com/v2/key-value-stores/oPMSr7B84dbpjbcg3/records/e6c8f589c1b25c312c2c4951a74f73a5.zip"
},
{
  "url": "https://www.bing.com/images/create/portrait-photo-of-a-female-dog-dressed-in-modern-i/1-657c1869448b4bbca0a5f39e736e660c?id=%2f0WMQaJapr10C4RKQK9UyA%3d%3d&view=detailv2&idpp=genimg&idpbck=1&form=BICREC",
  "urlHash": "f1646c79a00d910f9962a37fa89c26b7",
  "download": "https://api.apify.com/v2/key-value-stores/oPMSr7B84dbpjbcg3/records/f1646c79a00d910f9962a37fa89c26b7.zip"
},
{
  "url": "https://www.bing.com/images/create/portrait-photo-of-a-female-dog-dressed-in-modern-i/1-657c184cb55b447282d596bd82bcd5f6?id=QSukWfB5pJv%2fBBuu7wiWgQ%3d%3d&view=detailv2&idpp=genimg&idpbck=1&form=BICREC",
  "urlHash": "9474e20856de0b74e85aa4c90e435200",
  "download": "https://api.apify.com/v2/key-value-stores/oPMSr7B84dbpjbcg3/records/9474e20856de0b74e85aa4c90e435200.zip"
},
{
  "url": "https://www.bing.com/images/create/portrait-photo-of-a-female-dog-dressed-in-modern-i/1-657c184cb55b447282d596bd82bcd5f6?id=0k2vNnmAbur8AVVA%2fy%2f8MQ%3d%3d&view=detailv2&idpp=genimg&idpbck=1&form=BICREC",
  "urlHash": "8418378b49d6b3b2ffcb830b67866745",
  "download": "https://api.apify.com/v2/key-value-stores/oPMSr7B84dbpjbcg3/records/8418378b49d6b3b2ffcb830b67866745.zip"
},
{
  "url": "https://www.bing.com/images/create/portrait-photo-of-a-female-dog-dressed-in-modern-i/1-657c184cb55b447282d596bd82bcd5f6?id=0lpKYdMwa22s3bKJr2nyVQ%3d%3d&view=detailv2&idpp=genimg&idpbck=1&form=BICREC",
  "urlHash": "9549791bb76c8b7abbdfbbfbd3cea927",
  "download": "https://api.apify.com/v2/key-value-stores/oPMSr7B84dbpjbcg3/records/9549791bb76c8b7abbdfbbfbd3cea927.zip"
},
{
  "url": "https://www.bing.com/images/create/portrait-photo-of-a-female-dog-dressed-in-modern-i/1-657c182e4f294c3b82cb0b3b9b202dd2?id=f4c6PtmkyecL3vnhOPTmVg%3d%3d&view=detailv2&idpp=genimg&idpbck=1&form=BICREC",
  "urlHash": "ade0b445c6c04edc0138e0b7b476b09b",
  "download": "https://api.apify.com/v2/key-value-stores/oPMSr7B84dbpjbcg3/records/ade0b445c6c04edc0138e0b7b476b09b.zip"
},
{
  "url": "https://www.bing.com/images/create/portrait-photo-of-a-female-dog-dressed-in-modern-i/1-657c182e4f294c3b82cb0b3b9b202dd2?id=mx2GR0f%2fOrNEfFf2p4sAHQ%3d%3d&view=detailv2&idpp=genimg&idpbck=1&form=BICREC",
  "urlHash": "8824bdb2b255d593c7c8b0707cee7357",
  "download": "https://api.apify.com/v2/key-value-stores/oPMSr7B84dbpjbcg3/records/8824bdb2b255d593c7c8b0707cee7357.zip"
},
{
  "url": "https://www.bing.com/images/create/portrait-photo-of-a-female-dog-dressed-in-modern-i/1-657c184cb55b447282d596bd82bcd5f6?id=KXCB3CFK%2fdo39LMS4ue5nQ%3d%3d&view=detailv2&idpp=genimg&idpbck=1&form=BICREC",
  "urlHash": "985fd9d6f7f027aabaa1668444f33db5",
  "download": "https://api.apify.com/v2/key-value-stores/oPMSr7B84dbpjbcg3/records/985fd9d6f7f027aabaa1668444f33db5.zip"
},
{
  "url": "https://www.bing.com/images/create/portrait-photo-of-a-female-dog-dressed-in-modern-i/1-657c1869448b4bbca0a5f39e736e660c?id=L0RZMU%2ffxstC50r%2bgnyhvg%3d%3d&view=detailv2&idpp=genimg&idpbck=1&form=BICREC",
  "urlHash": "a8bcb8a58d5d26cffa8531c0652b3596",
  "download": "https://api.apify.com/v2/key-value-stores/oPMSr7B84dbpjbcg3/records/a8bcb8a58d5d26cffa8531c0652b3596.zip"
},
{
  "url": "https://www.bing.com/images/create/portrait-photo-of-a-female-dog-dressed-in-modern-i/1-657c1869448b4bbca0a5f39e736e660c?id=8FQAU44NxNHfqLS%2fjvNsYw%3d%3d&view=detailv2&idpp=genimg&idpbck=1&form=BICREC",
  "urlHash": "2bc06803363ed27e8bea03a02f680553",
  "download": "https://api.apify.com/v2/key-value-stores/oPMSr7B84dbpjbcg3/records/2bc06803363ed27e8bea03a02f680553.zip"
},
{
  "url": "https://www.bing.com/images/create/portrait-photo-of-a-female-dog-dressed-in-modern-i/1-657c18841b984f44be9a3a8aaa326755?id=GR51UXCRX%2bcCpE0azPz8EQ%3d%3d&view=detailv2&idpp=genimg&idpbck=1&form=BICREC",
  "urlHash": "c19ddc4f856c4d86e1afc34927507e1c",
  "download": "https://api.apify.com/v2/key-value-stores/oPMSr7B84dbpjbcg3/records/c19ddc4f856c4d86e1afc34927507e1c.zip"
},
{
  "url": "https://www.bing.com/images/create/portrait-photo-of-a-female-dog-dressed-in-modern-i/1-657c18841b984f44be9a3a8aaa326755?id=TbAiMr8KD2NmRVlAz4a0Rg%3d%3d&view=detailv2&idpp=genimg&idpbck=1&form=BICREC",
  "urlHash": "66a26694411ec0456040fd87f16e01ca",
  "download": "https://api.apify.com/v2/key-value-stores/oPMSr7B84dbpjbcg3/records/66a26694411ec0456040fd87f16e01ca.zip"
},
{
  "url": "https://www.bing.com/images/create/portrait-photo-of-a-female-dog-dressed-in-modern-i/1-657c18841b984f44be9a3a8aaa326755?id=QGC1i76g3sSHYqltjbJTnw%3d%3d&view=detailv2&idpp=genimg&idpbck=1&form=BICREC",
  "urlHash": "5dce015a5b7b291777f5b2cbb51764d2",
  "download": "https://api.apify.com/v2/key-value-stores/oPMSr7B84dbpjbcg3/records/5dce015a5b7b291777f5b2cbb51764d2.zip"
},
{
  "url": "https://www.bing.com/images/create/portrait-photo-of-a-female-dog-dressed-in-modern-i/1-657c18841b984f44be9a3a8aaa326755?id=qCo1t8OnEd7QsKQWlL93aQ%3d%3d&view=detailv2&idpp=genimg&idpbck=1&form=BICREC",
  "urlHash": "43c01035aad349f8b407de646d1d8edc",
  "download": "https://api.apify.com/v2/key-value-stores/oPMSr7B84dbpjbcg3/records/43c01035aad349f8b407de646d1d8edc.zip"
},
{
  "url": "https://www.bing.com/images/create/portrait-photo-of-a-female-dog-dressed-in-modern-i/1-657c182e4f294c3b82cb0b3b9b202dd2?id=pWEwWWJ5bh9oU7gGPST4lQ%3d%3d&view=detailv2&idpp=genimg&idpbck=1&form=BICREC",
  "urlHash": "034dee495bfffd6d54367c93e8166051",
  "download": "https://api.apify.com/v2/key-value-stores/oPMSr7B84dbpjbcg3/records/034dee495bfffd6d54367c93e8166051.zip"
},
{
  "url": "https://www.bing.com/images/create/portrait-photo-of-a-female-dog-dressed-in-modern-i/1-657c191bde6341689ec6f4b9546e8fc5?id=xaqN8%2b70%2bVQHj%2b925RfZag%3d%3d&view=detailv2&idpp=genimg&idpbck=1&form=BICREC",
  "urlHash": "2086b54bf7892a74501c82776958049e",
  "download": "https://api.apify.com/v2/key-value-stores/oPMSr7B84dbpjbcg3/records/2086b54bf7892a74501c82776958049e.zip"
},
{
  "url": "https://www.bing.com/images/create/portrait-photo-of-a-female-dog-dressed-in-modern-i/1-657c191bde6341689ec6f4b9546e8fc5?id=D5miEo%2bcXSYvYCmej7sJ%2fw%3d%3d&view=detailv2&idpp=genimg&idpbck=1&form=BICREC",
  "urlHash": "865c6fad811c428a0cbff950db03cfd9",
  "download": "https://api.apify.com/v2/key-value-stores/oPMSr7B84dbpjbcg3/records/865c6fad811c428a0cbff950db03cfd9.zip"
},
{
  "url": "https://www.bing.com/images/create/portrait-photo-of-a-female-dog-dressed-in-modern-i/1-657c191bde6341689ec6f4b9546e8fc5?id=%2bvD6hQJTNpeZIwtMk9njQA%3d%3d&view=detailv2&idpp=genimg&idpbck=1&form=BICREC",
  "urlHash": "7b01f1d3a981f8efa2f03bc9259517e4",
  "download": "https://api.apify.com/v2/key-value-stores/oPMSr7B84dbpjbcg3/records/7b01f1d3a981f8efa2f03bc9259517e4.zip"
},
{
  "url": "https://www.bing.com/images/create/portrait-photo-of-a-female-dog-dressed-in-modern-i/1-657c18faccf041c0979a27705168528d?id=EsAM84WKo20jScgMX1s4yA%3d%3d&view=detailv2&idpp=genimg&idpbck=1&form=BICREC",
  "urlHash": "74308c2f700cb87e43f6f00754e14f4a",
  "download": "https://api.apify.com/v2/key-value-stores/oPMSr7B84dbpjbcg3/records/74308c2f700cb87e43f6f00754e14f4a.zip"
},
{
  "url": "https://www.bing.com/images/create/portrait-photo-of-a-female-dog-dressed-in-modern-i/1-657c191bde6341689ec6f4b9546e8fc5?id=ws%2fHTuTTFqly%2fcCrO5y%2bTQ%3d%3d&view=detailv2&idpp=genimg&idpbck=1&form=BICREC",
  "urlHash": "3c252bff93939930197adb43b969bd25",
  "download": "https://api.apify.com/v2/key-value-stores/oPMSr7B84dbpjbcg3/records/3c252bff93939930197adb43b969bd25.zip"
},
{
  "url": "https://www.bing.com/images/create/portrait-photo-of-a-female-dog-dressed-in-modern-i/1-657c182e4f294c3b82cb0b3b9b202dd2?id=Rf1%2bGKV8USfdwqaeobLQ5A%3d%3d&view=detailv2&idpp=genimg&idpbck=1&form=BICREC",
  "urlHash": "631eee7fc1358d863651203aa1e85b9f",
  "download": "https://api.apify.com/v2/key-value-stores/oPMSr7B84dbpjbcg3/records/631eee7fc1358d863651203aa1e85b9f.zip"
},
{
  "url": "https://www.bing.com/images/create/portrait-photo-of-a-female-dog-dressed-in-modern-i/1-657c18faccf041c0979a27705168528d?id=UYbfISIwRjjTpsY0PiZ%2bYw%3d%3d&view=detailv2&idpp=genimg&idpbck=1&form=BICREC",
  "urlHash": "d86b9d9be510081066e124b0673f5917",
  "download": "https://api.apify.com/v2/key-value-stores/oPMSr7B84dbpjbcg3/records/d86b9d9be510081066e124b0673f5917.zip"
},
{
  "url": "https://www.bing.com/images/create/portrait-photo-of-a-female-dog-dressed-in-modern-i/1-657c18faccf041c0979a27705168528d?id=V6Atcj2Z0cwSjuaQV43oJQ%3d%3d&view=detailv2&idpp=genimg&idpbck=1&form=BICREC",
  "urlHash": "6cada9c5195b551b2abaf9a201847fbf",
  "download": "https://api.apify.com/v2/key-value-stores/oPMSr7B84dbpjbcg3/records/6cada9c5195b551b2abaf9a201847fbf.zip"
},
{
  "url": "https://www.bing.com/images/create/portrait-photo-of-a-female-dog-dressed-in-modern-i/1-657c18d293ec4bbd9d6e6d3a7794b205?id=u3N3%2fWUNvknv3zPhn2CT%2fA%3d%3d&view=detailv2&idpp=genimg&idpbck=1&form=BICREC",
  "urlHash": "c1017a29e261d083ecc9e7f53603f33f",
  "download": "https://api.apify.com/v2/key-value-stores/oPMSr7B84dbpjbcg3/records/c1017a29e261d083ecc9e7f53603f33f.zip"
},
{
  "url": "https://www.bing.com/images/create/portrait-photo-of-a-female-dog-dressed-in-modern-i/1-657c18d293ec4bbd9d6e6d3a7794b205?id=i7fN98BGoaFgOWrNPihl%2bg%3d%3d&view=detailv2&idpp=genimg&idpbck=1&form=BICREC",
  "urlHash": "afbd21fb73df05977ae946b5990647d4",
  "download": "https://api.apify.com/v2/key-value-stores/oPMSr7B84dbpjbcg3/records/afbd21fb73df05977ae946b5990647d4.zip"
},
{
  "url": "https://www.bing.com/images/create/portrait-photo-of-a-female-dog-dressed-in-modern-i/1-657c18ae9211488682e382cedd4756e1?id=l2g%2b2MsUWo2qL7vMfczTvw%3d%3d&view=detailv2&idpp=genimg&idpbck=1&form=BICREC",
  "urlHash": "5bc51c0b9651636f3417e9a0f328c709",
  "download": "https://api.apify.com/v2/key-value-stores/oPMSr7B84dbpjbcg3/records/5bc51c0b9651636f3417e9a0f328c709.zip"
},
{
  "url": "https://www.bing.com/images/create/portrait-photo-of-a-female-dog-dressed-in-modern-i/1-657c18ae9211488682e382cedd4756e1?id=zIsmSccwe7rc%2fx%2fB190Gjw%3d%3d&view=detailv2&idpp=genimg&idpbck=1&form=BICREC",
  "urlHash": "19f56015f6ad633148a995500bbcc3c7",
  "download": "https://api.apify.com/v2/key-value-stores/oPMSr7B84dbpjbcg3/records/19f56015f6ad633148a995500bbcc3c7.zip"
},
{
  "url": "https://www.bing.com/images/create/portrait-photo-of-a-female-dog-dressed-in-modern-i/1-657c18d293ec4bbd9d6e6d3a7794b205?id=yEfNhEWccPAVnJEGehCXcA%3d%3d&view=detailv2&idpp=genimg&idpbck=1&form=BICREC",
  "urlHash": "91bc4b527a4ab4b2a20397968ec06b57",
  "download": "https://api.apify.com/v2/key-value-stores/oPMSr7B84dbpjbcg3/records/91bc4b527a4ab4b2a20397968ec06b57.zip"
},
{
  "url": "https://www.bing.com/images/create/portrait-photo-of-a-female-dog-dressed-in-modern-i/1-657c18ae9211488682e382cedd4756e1?id=O3yGHhQfq61hPgOrI%2f9AZw%3d%3d&view=detailv2&idpp=genimg&idpbck=1&form=BICREC",
  "urlHash": "cdabcb51f92c122082397a2bb34977cb",
  "download": "https://api.apify.com/v2/key-value-stores/oPMSr7B84dbpjbcg3/records/cdabcb51f92c122082397a2bb34977cb.zip"
},
{
  "url": "https://www.bing.com/images/create/portrait-photo-of-a-female-dog-dressed-in-modern-i/1-657c18faccf041c0979a27705168528d?id=OW0TBqrv0Ba4DEWrbVo8lw%3d%3d&view=detailv2&idpp=genimg&idpbck=1&form=BICREC",
  "urlHash": "bc236d1eca49b089f31f8ec1aac34a4b",
  "download": "https://api.apify.com/v2/key-value-stores/oPMSr7B84dbpjbcg3/records/bc236d1eca49b089f31f8ec1aac34a4b.zip"
},
{
  "url": "https://www.bing.com/images/create/portrait-photo-of-a-female-dog-dressed-in-modern-i/1-657c1a5751244016be3a8777984d3923?id=JM7avuCyCtWEgfxmkagFgA%3d%3d&view=detailv2&idpp=genimg&idpbck=1&form=BICREC",
  "urlHash": "067cf375fb02fcbea6caed22a99a9d4f",
  "download": "https://api.apify.com/v2/key-value-stores/oPMSr7B84dbpjbcg3/records/067cf375fb02fcbea6caed22a99a9d4f.zip"
},
{
  "url": "https://www.bing.com/images/create/portrait-photo-of-a-female-dog-dressed-in-modern-i/1-657c18ae9211488682e382cedd4756e1?id=NCDLh%2bazrZ%2fRyX9I0XsFBQ%3d%3d&view=detailv2&idpp=genimg&idpbck=1&form=BICREC",
  "urlHash": "331d80988caec584579b03f10e01a042",
  "download": "https://api.apify.com/v2/key-value-stores/oPMSr7B84dbpjbcg3/records/331d80988caec584579b03f10e01a042.zip"
},
{
  "url": "https://www.bing.com/images/create/portrait-photo-of-a-female-dog-dressed-in-modern-i/1-657c1a5751244016be3a8777984d3923?id=K5h%2fAGW%2fBvpYsGNyA3Yrbw%3d%3d&view=detailv2&idpp=genimg&idpbck=1&form=BICREC",
  "urlHash": "842705f7f5ecfd50195bdf02b4a338cc",
  "download": "https://api.apify.com/v2/key-value-stores/oPMSr7B84dbpjbcg3/records/842705f7f5ecfd50195bdf02b4a338cc.zip"
},
{
  "url": "https://www.bing.com/images/create/portrait-photo-of-a-female-dog-dressed-in-modern-i/1-657c1a5751244016be3a8777984d3923?id=mD8UkVuOqGqvv9E25HhAzg%3d%3d&view=detailv2&idpp=genimg&idpbck=1&form=BICREC",
  "urlHash": "38e000840843fc50b0405e04a69dc746",
  "download": "https://api.apify.com/v2/key-value-stores/oPMSr7B84dbpjbcg3/records/38e000840843fc50b0405e04a69dc746.zip"
},
{
  "url": "https://www.bing.com/images/create/portrait-photo-of-a-female-dog-dressed-in-modern-i/1-657c1a5751244016be3a8777984d3923?id=oPuThpZG3ThoxY6AD%2b7d2A%3d%3d&view=detailv2&idpp=genimg&idpbck=1&form=BICREC",
  "urlHash": "17ba33f49af883b839e0107a92c66d80",
  "download": "https://api.apify.com/v2/key-value-stores/oPMSr7B84dbpjbcg3/records/17ba33f49af883b839e0107a92c66d80.zip"
},
{
  "url": "https://www.bing.com/images/create/portrait-photo-of-a-female-dog-dressed-in-modern-i/1-657c1a3515c74647b978d8fa9a9c67f9?id=rzp1oB3yxwY6sgTTk%2fJTrg%3d%3d&view=detailv2&idpp=genimg&idpbck=1&form=BICREC",
  "urlHash": "11d0fc2c7a5be4e75f5dd294dd0dc3ea",
  "download": "https://api.apify.com/v2/key-value-stores/oPMSr7B84dbpjbcg3/records/11d0fc2c7a5be4e75f5dd294dd0dc3ea.zip"
},
{
  "url": "https://www.bing.com/images/create/portrait-photo-of-a-female-dog-dressed-in-modern-i/1-657c1a3515c74647b978d8fa9a9c67f9?id=f%2b3zmSZXCepraNe5WWgQ0A%3d%3d&view=detailv2&idpp=genimg&idpbck=1&form=BICREC",
  "urlHash": "cc871f39b9eb27b6e114eff34f25132d",
  "download": "https://api.apify.com/v2/key-value-stores/oPMSr7B84dbpjbcg3/records/cc871f39b9eb27b6e114eff34f25132d.zip"
},
{
  "url": "https://www.bing.com/images/create/portrait-photo-of-a-female-dog-dressed-in-modern-i/1-657c1a3515c74647b978d8fa9a9c67f9?id=hV0l363MtSJS2LHCwqZPDA%3d%3d&view=detailv2&idpp=genimg&idpbck=1&form=BICREC",
  "urlHash": "d6029237efa45a042ffc00cdaba44e1e",
  "download": "https://api.apify.com/v2/key-value-stores/oPMSr7B84dbpjbcg3/records/d6029237efa45a042ffc00cdaba44e1e.zip"
},
{
  "url": "https://www.bing.com/images/create/portrait-photo-of-a-female-dog-dressed-in-modern-i/1-657c1a3515c74647b978d8fa9a9c67f9?id=fBicXdCrVCMpIClXk%2bRd8Q%3d%3d&view=detailv2&idpp=genimg&idpbck=1&form=BICREC",
  "urlHash": "1f4c66a80cf3178ac093d4ab9c9cb45c",
  "download": "https://api.apify.com/v2/key-value-stores/oPMSr7B84dbpjbcg3/records/1f4c66a80cf3178ac093d4ab9c9cb45c.zip"
},
{
  "url": "https://www.bing.com/images/create/portrait-photo-of-a-female-dog-dressed-in-modern-i/1-657c1a2113b14381be89ca4d6f9e6344?id=jK22Ckpi51a%2fDcE3GxGdqg%3d%3d&view=detailv2&idpp=genimg&idpbck=1&form=BICREC",
  "urlHash": "241fbbbc133e040bd09507a686572588",
  "download": "https://api.apify.com/v2/key-value-stores/oPMSr7B84dbpjbcg3/records/241fbbbc133e040bd09507a686572588.zip"
},
{
  "url": "https://www.bing.com/images/create/portrait-photo-of-a-female-dog-dressed-in-modern-i/1-657c1a2113b14381be89ca4d6f9e6344?id=EZMJw83lD3O6WHneq6fZkQ%3d%3d&view=detailv2&idpp=genimg&idpbck=1&form=BICREC",
  "urlHash": "4a7f0db2bff2c21fb485c336c9cc8657",
  "download": "https://api.apify.com/v2/key-value-stores/oPMSr7B84dbpjbcg3/records/4a7f0db2bff2c21fb485c336c9cc8657.zip"
},
{
  "url": "https://www.bing.com/images/create/portrait-photo-of-a-female-dog-dressed-in-modern-i/1-657c19f73d444f45b9d74dcbca58a49e?id=dRWXrHakIXie09UvEZRoEg%3d%3d&view=detailv2&idpp=genimg&idpbck=1&form=BICREC",
  "urlHash": "d3578f65d2c0db4c4bbc570ef53a1da8",
  "download": "https://api.apify.com/v2/key-value-stores/oPMSr7B84dbpjbcg3/records/d3578f65d2c0db4c4bbc570ef53a1da8.zip"
},
{
  "url": "https://www.bing.com/images/create/portrait-photo-of-a-female-dog-dressed-in-modern-i/1-657c1a2113b14381be89ca4d6f9e6344?id=zJwCNT9F9D7Nftm9eCkYWA%3d%3d&view=detailv2&idpp=genimg&idpbck=1&form=BICREC",
  "urlHash": "feaeb637c18f838fec330ca7bfbcbcbb",
  "download": "https://api.apify.com/v2/key-value-stores/oPMSr7B84dbpjbcg3/records/feaeb637c18f838fec330ca7bfbcbcbb.zip"
},
{
  "url": "https://www.bing.com/images/create/portrait-photo-of-a-female-dog-dressed-in-modern-i/1-657c19f73d444f45b9d74dcbca58a49e?id=%2box9s86igjIVXRWOwZiL3w%3d%3d&view=detailv2&idpp=genimg&idpbck=1&form=BICREC",
  "urlHash": "066904187134e296869f1b29e8602b3e",
  "download": "https://api.apify.com/v2/key-value-stores/oPMSr7B84dbpjbcg3/records/066904187134e296869f1b29e8602b3e.zip"
},
{
  "url": "https://www.bing.com/images/create/portrait-photo-of-a-female-dog-dressed-in-modern-i/1-657c19f73d444f45b9d74dcbca58a49e?id=epJr%2fgt%2bdR7pJ%2fAuw28S%2fw%3d%3d&view=detailv2&idpp=genimg&idpbck=1&form=BICREC",
  "urlHash": "05326d1f902161c761139e9ee35cf14d",
  "download": "https://api.apify.com/v2/key-value-stores/oPMSr7B84dbpjbcg3/records/05326d1f902161c761139e9ee35cf14d.zip"
},
{
  "url": "https://www.bing.com/images/create/portrait-photo-of-a-female-dog-dressed-in-modern-i/1-657c19f73d444f45b9d74dcbca58a49e?id=MdbvvKnXpfyOolI%2f4NtVNg%3d%3d&view=detailv2&idpp=genimg&idpbck=1&form=BICREC",
  "urlHash": "6db125428e063c3f77bc2f6446c4bdf5",
  "download": "https://api.apify.com/v2/key-value-stores/oPMSr7B84dbpjbcg3/records/6db125428e063c3f77bc2f6446c4bdf5.zip"
},
{
  "url": "https://www.bing.com/images/create/portrait-photo-of-a-female-dog-dressed-in-modern-i/1-657c18d293ec4bbd9d6e6d3a7794b205?id=4GqhvhLhtMAsD%2bioqAQ9%2bQ%3d%3d&view=detailv2&idpp=genimg&idpbck=1&form=BICREC",
  "urlHash": "33f31b795e67ac5a61698c2bea04e71c",
  "download": "https://api.apify.com/v2/key-value-stores/oPMSr7B84dbpjbcg3/records/33f31b795e67ac5a61698c2bea04e71c.zip"
},
{
  "url": "https://www.bing.com/images/create/portrait-photo-of-a-female-dog-dressed-in-modern-i/1-657c1a2113b14381be89ca4d6f9e6344?id=wdx8laJvsQCYIsrJocuv3Q%3d%3d&view=detailv2&idpp=genimg&idpbck=1&form=BICREC",
  "urlHash": "4d166e08811ac2c1eebc4d3afd50009b",
  "download": "https://api.apify.com/v2/key-value-stores/oPMSr7B84dbpjbcg3/records/4d166e08811ac2c1eebc4d3afd50009b.zip"
}]