[{
  "url": "https://www.bing.com/images/create/portrait-photo-of-a-female-cat-dressed-in-modern-i/1-658123fd217741df867a29aabf3a823b?id=iiMu4Po%2bTVdZLrO6xGqd6Q%3d%3d&view=detailv2&idpp=genimg&idpbck=1&form=BICREC",
  "urlHash": "64c437afb28253daf108244c082de332",
  "download": "https://api.apify.com/v2/key-value-stores/1mTle0agKtQ5I6KrX/records/64c437afb28253daf108244c082de332.zip"
},
{
  "url": "https://www.bing.com/images/create/portrait-photo-of-a-female-cat-dressed-in-modern-i/1-658123fd217741df867a29aabf3a823b?id=guIK7PNQq920%2fWLXWunoZQ%3d%3d&view=detailv2&idpp=genimg&idpbck=1&form=BICREC",
  "urlHash": "2bd0acc3d98c20bdec502eb4c659595e",
  "download": "https://api.apify.com/v2/key-value-stores/1mTle0agKtQ5I6KrX/records/2bd0acc3d98c20bdec502eb4c659595e.zip"
},
{
  "url": "https://www.bing.com/images/create/portrait-photo-of-a-female-cat-dressed-in-modern-i/1-658123fd217741df867a29aabf3a823b?id=mdhmnVLBtaVkgaBiJz372g%3d%3d&view=detailv2&idpp=genimg&idpbck=1&form=BICREC",
  "urlHash": "23ec8c14e736cd21fbc5ed7eab711e7e",
  "download": "https://api.apify.com/v2/key-value-stores/1mTle0agKtQ5I6KrX/records/23ec8c14e736cd21fbc5ed7eab711e7e.zip"
},
{
  "url": "https://www.bing.com/images/create/portrait-photo-of-a-female-cat-dressed-in-modern-i/1-658123fd217741df867a29aabf3a823b?id=Cw4VfDw%2fxNYLahvBrHYPtw%3d%3d&view=detailv2&idpp=genimg&idpbck=1&form=BICREC",
  "urlHash": "6c43eb64cf8cb15111dadb32852ebfbc",
  "download": "https://api.apify.com/v2/key-value-stores/1mTle0agKtQ5I6KrX/records/6c43eb64cf8cb15111dadb32852ebfbc.zip"
},
{
  "url": "https://www.bing.com/images/create/portrait-photo-of-a-female-cat-dressed-in-modern-i/1-658123d102c34f83b68422627b4fbd01?id=MVo4RN69M6vHiXGSpBGtMg%3d%3d&view=detailv2&idpp=genimg&idpbck=1&form=BICREC",
  "urlHash": "24f4fd2086c4223b7281cc49f07d3c8e",
  "download": "https://api.apify.com/v2/key-value-stores/1mTle0agKtQ5I6KrX/records/24f4fd2086c4223b7281cc49f07d3c8e.zip"
},
{
  "url": "https://www.bing.com/images/create/portrait-photo-of-a-female-cat-dressed-in-modern-i/1-658123d102c34f83b68422627b4fbd01?id=nVYUeWeIzlJPJc3%2f5imvlw%3d%3d&view=detailv2&idpp=genimg&idpbck=1&form=BICREC",
  "urlHash": "bb2c47d2ec16644ac69271066b9ffe45",
  "download": "https://api.apify.com/v2/key-value-stores/1mTle0agKtQ5I6KrX/records/bb2c47d2ec16644ac69271066b9ffe45.zip"
},
{
  "url": "https://www.bing.com/images/create/portrait-photo-of-a-female-cat-dressed-in-modern-i/1-658123d102c34f83b68422627b4fbd01?id=bIKz7E6zo69fb6nmQW4eyA%3d%3d&view=detailv2&idpp=genimg&idpbck=1&form=BICREC",
  "urlHash": "0ead795f40fb99f07c9792fe4c09e0bf",
  "download": "https://api.apify.com/v2/key-value-stores/1mTle0agKtQ5I6KrX/records/0ead795f40fb99f07c9792fe4c09e0bf.zip"
},
{
  "url": "https://www.bing.com/images/create/portrait-photo-of-a-female-cat-dressed-in-modern-i/1-6581236bb2d54026bb392ce2d481fdce?id=k8qOy45YIF1bk%2bX29teM%2fw%3d%3d&view=detailv2&idpp=genimg&idpbck=1&form=BICREC",
  "urlHash": "18e0978c3d472110ab31b244ae1a4a39",
  "download": "https://api.apify.com/v2/key-value-stores/1mTle0agKtQ5I6KrX/records/18e0978c3d472110ab31b244ae1a4a39.zip"
},
{
  "url": "https://www.bing.com/images/create/portrait-photo-of-a-female-cat-dressed-in-modern-i/1-658123d102c34f83b68422627b4fbd01?id=TUsJUsD%2bckhoO4jYb7PKrQ%3d%3d&view=detailv2&idpp=genimg&idpbck=1&form=BICREC",
  "urlHash": "368a7de0d7216cb8f986d7a4d58373de",
  "download": "https://api.apify.com/v2/key-value-stores/1mTle0agKtQ5I6KrX/records/368a7de0d7216cb8f986d7a4d58373de.zip"
},
{
  "url": "https://www.bing.com/images/create/portrait-photo-of-a-female-cat-dressed-in-modern-i/1-6581236bb2d54026bb392ce2d481fdce?id=ii4hhIjq2GMmTOajnvJ7fw%3d%3d&view=detailv2&idpp=genimg&idpbck=1&form=BICREC",
  "urlHash": "ad71195584e4b7d006970d5216b2636a",
  "download": "https://api.apify.com/v2/key-value-stores/1mTle0agKtQ5I6KrX/records/ad71195584e4b7d006970d5216b2636a.zip"
},
{
  "url": "https://www.bing.com/images/create/portrait-photo-of-a-female-cat-dressed-in-modern-i/1-6581236bb2d54026bb392ce2d481fdce?id=jsDZFHyy2fp70f5%2fwWdfgg%3d%3d&view=detailv2&idpp=genimg&idpbck=1&form=BICREC",
  "urlHash": "172cf69a2f05fc4f9e85c1480d389192",
  "download": "https://api.apify.com/v2/key-value-stores/1mTle0agKtQ5I6KrX/records/172cf69a2f05fc4f9e85c1480d389192.zip"
},
{
  "url": "https://www.bing.com/images/create/portrait-photo-of-a-female-cat-dressed-in-modern-i/1-6581236bb2d54026bb392ce2d481fdce?id=zr1470hNz3qpiFC4b5p0jQ%3d%3d&view=detailv2&idpp=genimg&idpbck=1&form=BICREC",
  "urlHash": "c13722421b46dce1fa7447ed8e7c8176",
  "download": "https://api.apify.com/v2/key-value-stores/1mTle0agKtQ5I6KrX/records/c13722421b46dce1fa7447ed8e7c8176.zip"
},
{
  "url": "https://www.bing.com/images/create/portrait-photo-of-a-female-cat-dressed-in-modern-i/1-65812ac6375a4cb6824ad839624e2981?id=6oeDaB4ADwfvq9Ooju%2fvsg%3d%3d&view=detailv2&idpp=genimg&idpbck=1&form=BICREC",
  "urlHash": "0912dc9542984037ac46fbc0c8f07208",
  "download": "https://api.apify.com/v2/key-value-stores/1mTle0agKtQ5I6KrX/records/0912dc9542984037ac46fbc0c8f07208.zip"
},
{
  "url": "https://www.bing.com/images/create/portrait-photo-of-a-female-cat-dressed-in-modern-i/1-65812ac6375a4cb6824ad839624e2981?id=fq0hh2ugu6BmeM98mi9SkA%3d%3d&view=detailv2&idpp=genimg&idpbck=1&form=BICREC",
  "urlHash": "64fa54b04d45157e0fcd4cf6a4bfd77d",
  "download": "https://api.apify.com/v2/key-value-stores/1mTle0agKtQ5I6KrX/records/64fa54b04d45157e0fcd4cf6a4bfd77d.zip"
},
{
  "url": "https://www.bing.com/images/create/portrait-photo-of-a-female-cat-dressed-in-modern-i/1-65812ac6375a4cb6824ad839624e2981?id=wBWB85zAH6DSivS2SN4neg%3d%3d&view=detailv2&idpp=genimg&idpbck=1&form=BICREC",
  "urlHash": "7ef2becfb438988943c908b31525fc67",
  "download": "https://api.apify.com/v2/key-value-stores/1mTle0agKtQ5I6KrX/records/7ef2becfb438988943c908b31525fc67.zip"
},
{
  "url": "https://www.bing.com/images/create/portrait-photo-of-a-female-cat-dressed-in-modern-i/1-65812ac6375a4cb6824ad839624e2981?id=05vacGHvvbzZRXfzJ3zkdA%3d%3d&view=detailv2&idpp=genimg&idpbck=1&form=BICREC",
  "urlHash": "c2101b0c83abfbfa50de785bcdbbaa78",
  "download": "https://api.apify.com/v2/key-value-stores/1mTle0agKtQ5I6KrX/records/c2101b0c83abfbfa50de785bcdbbaa78.zip"
},
{
  "url": "https://www.bing.com/images/create/portrait-photo-of-a-female-cat-dressed-in-modern-i/1-65812aaa83df498c8a0cec9e6f075aa7?id=0Ba%2fox%2fD13SPMbT1BQ09og%3d%3d&view=detailv2&idpp=genimg&idpbck=1&form=BICREC",
  "urlHash": "0d0371b297353d11e14f5a449d289d6f",
  "download": "https://api.apify.com/v2/key-value-stores/1mTle0agKtQ5I6KrX/records/0d0371b297353d11e14f5a449d289d6f.zip"
},
{
  "url": "https://www.bing.com/images/create/portrait-photo-of-a-female-cat-dressed-in-modern-i/1-65812aaa83df498c8a0cec9e6f075aa7?id=6vQCOGOB5e2nvAxNJyKC4Q%3d%3d&view=detailv2&idpp=genimg&idpbck=1&form=BICREC",
  "urlHash": "259589ffc1f999d735af284da3e7d85f",
  "download": "https://api.apify.com/v2/key-value-stores/1mTle0agKtQ5I6KrX/records/259589ffc1f999d735af284da3e7d85f.zip"
},
{
  "url": "https://www.bing.com/images/create/portrait-photo-of-a-female-cat-dressed-in-modern-i/1-65812aaa83df498c8a0cec9e6f075aa7?id=mB1WrfmY9%2beXnyNW7SrLJA%3d%3d&view=detailv2&idpp=genimg&idpbck=1&form=BICREC",
  "urlHash": "01608b86273357220fe92143991d9c32",
  "download": "https://api.apify.com/v2/key-value-stores/1mTle0agKtQ5I6KrX/records/01608b86273357220fe92143991d9c32.zip"
},
{
  "url": "https://www.bing.com/images/create/portrait-photo-of-a-female-cat-dressed-in-modern-i/1-65812aaa83df498c8a0cec9e6f075aa7?id=pS7W930SuQFZGnRv%2b4w1uw%3d%3d&view=detailv2&idpp=genimg&idpbck=1&form=BICREC",
  "urlHash": "b349b6d3a52e9d1c85f3a3aac5fdf997",
  "download": "https://api.apify.com/v2/key-value-stores/1mTle0agKtQ5I6KrX/records/b349b6d3a52e9d1c85f3a3aac5fdf997.zip"
},
{
  "url": "https://www.bing.com/images/create/portrait-photo-of-a-female-cat-dressed-in-modern-i/1-65812a7adc5048069e85cb8cba057a7f?id=tgj9Vv3op23Zj0%2fZi0zPyg%3d%3d&view=detailv2&idpp=genimg&idpbck=1&form=BICREC",
  "urlHash": "bdcb694028ac6c99f35cabc50ff43a30",
  "download": "https://api.apify.com/v2/key-value-stores/1mTle0agKtQ5I6KrX/records/bdcb694028ac6c99f35cabc50ff43a30.zip"
},
{
  "url": "https://www.bing.com/images/create/portrait-photo-of-a-female-cat-dressed-in-modern-i/1-65812a7adc5048069e85cb8cba057a7f?id=VNxPZ1qoQSjNRG%2fId4GJBA%3d%3d&view=detailv2&idpp=genimg&idpbck=1&form=BICREC",
  "urlHash": "bf8e31bcf3f0252a90551d872c725104",
  "download": "https://api.apify.com/v2/key-value-stores/1mTle0agKtQ5I6KrX/records/bf8e31bcf3f0252a90551d872c725104.zip"
},
{
  "url": "https://www.bing.com/images/create/portrait-photo-of-a-female-cat-dressed-in-modern-i/1-65812a7adc5048069e85cb8cba057a7f?id=iAh9e4zsJvLVW6SnQEz28Q%3d%3d&view=detailv2&idpp=genimg&idpbck=1&form=BICREC",
  "urlHash": "bdc9a8a357b12a19663a8b7fe8ad6a99",
  "download": "https://api.apify.com/v2/key-value-stores/1mTle0agKtQ5I6KrX/records/bdc9a8a357b12a19663a8b7fe8ad6a99.zip"
},
{
  "url": "https://www.bing.com/images/create/portrait-photo-of-a-female-cat-dressed-in-modern-i/1-65812a7adc5048069e85cb8cba057a7f?id=WbbZ62%2fsFNBVJI1WR5nm9Q%3d%3d&view=detailv2&idpp=genimg&idpbck=1&form=BICREC",
  "urlHash": "7a4ff651c0873fa7aea162115e637f13",
  "download": "https://api.apify.com/v2/key-value-stores/1mTle0agKtQ5I6KrX/records/7a4ff651c0873fa7aea162115e637f13.zip"
},
{
  "url": "https://www.bing.com/images/create/portrait-photo-of-a-female-cat-dressed-in-modern-i/1-65812a0ec89c425fabc55c6ce3348b77?id=bIiQlQ8BPaYnnLNsqQY%2bKQ%3d%3d&view=detailv2&idpp=genimg&idpbck=1&form=BICREC",
  "urlHash": "f25a4859f340de1fa6dfc369eb5da7c6",
  "download": "https://api.apify.com/v2/key-value-stores/1mTle0agKtQ5I6KrX/records/f25a4859f340de1fa6dfc369eb5da7c6.zip"
},
{
  "url": "https://www.bing.com/images/create/portrait-photo-of-a-female-cat-dressed-in-modern-i/1-65812a0ec89c425fabc55c6ce3348b77?id=2p9cf50mUyS2uFkspR1Nww%3d%3d&view=detailv2&idpp=genimg&idpbck=1&form=BICREC",
  "urlHash": "4737e256369a7b33922bdbbf82417d78",
  "download": "https://api.apify.com/v2/key-value-stores/1mTle0agKtQ5I6KrX/records/4737e256369a7b33922bdbbf82417d78.zip"
},
{
  "url": "https://www.bing.com/images/create/portrait-photo-of-a-female-cat-dressed-in-modern-i/1-65812a0ec89c425fabc55c6ce3348b77?id=C%2fM8cIuD1D2T0vzEyG4kHw%3d%3d&view=detailv2&idpp=genimg&idpbck=1&form=BICREC",
  "urlHash": "a8f84afa6bd0de4bd94276e8ca7aa2d7",
  "download": "https://api.apify.com/v2/key-value-stores/1mTle0agKtQ5I6KrX/records/a8f84afa6bd0de4bd94276e8ca7aa2d7.zip"
},
{
  "url": "https://www.bing.com/images/create/portrait-photo-of-a-female-cat-dressed-in-modern-i/1-65812a0ec89c425fabc55c6ce3348b77?id=eI%2fHCJErMAzZUWiAZOf%2fZw%3d%3d&view=detailv2&idpp=genimg&idpbck=1&form=BICREC",
  "urlHash": "2ac5d577b06546ede141dddf0c086744",
  "download": "https://api.apify.com/v2/key-value-stores/1mTle0agKtQ5I6KrX/records/2ac5d577b06546ede141dddf0c086744.zip"
},
{
  "url": "https://www.bing.com/images/create/portrait-photo-of-a-female-cat-dressed-in-modern-i/1-6581243afbdd4feebc1f53375e570f74?id=EepxE9YymXn7pjaDpqr%2fgQ%3d%3d&view=detailv2&idpp=genimg&idpbck=1&form=BICREC",
  "urlHash": "ff8a0e1e455d7a70e69accec7098b2ac",
  "download": "https://api.apify.com/v2/key-value-stores/1mTle0agKtQ5I6KrX/records/ff8a0e1e455d7a70e69accec7098b2ac.zip"
},
{
  "url": "https://www.bing.com/images/create/portrait-photo-of-a-female-cat-dressed-in-modern-i/1-6581243afbdd4feebc1f53375e570f74?id=urdiZdAW9l2xyoQ309mPmg%3d%3d&view=detailv2&idpp=genimg&idpbck=1&form=BICREC",
  "urlHash": "8cd19d3f48fcc75a01931207bf6db56f",
  "download": "https://api.apify.com/v2/key-value-stores/1mTle0agKtQ5I6KrX/records/8cd19d3f48fcc75a01931207bf6db56f.zip"
},
{
  "url": "https://www.bing.com/images/create/portrait-photo-of-a-female-cat-dressed-in-modern-i/1-6581243afbdd4feebc1f53375e570f74?id=q78vQr%2fLMlDCgEzXJ3RFgA%3d%3d&view=detailv2&idpp=genimg&idpbck=1&form=BICREC",
  "urlHash": "c40d1331616fa1a864aafdc08999e36f",
  "download": "https://api.apify.com/v2/key-value-stores/1mTle0agKtQ5I6KrX/records/c40d1331616fa1a864aafdc08999e36f.zip"
},
{
  "url": "https://www.bing.com/images/create/portrait-photo-of-a-female-dog-dressed-in-modern-i/1-657c333c50084e4581650da4a4d4b949?id=7BSKZbPqR7wlOt%2bGM%2bw0dQ%3d%3d&view=detailv2&idpp=genimg&idpbck=1&form=BICREC",
  "urlHash": "c1427ae6ffa35999f30533791b0ee75c",
  "download": "https://api.apify.com/v2/key-value-stores/1mTle0agKtQ5I6KrX/records/c1427ae6ffa35999f30533791b0ee75c.zip"
},
{
  "url": "https://www.bing.com/images/create/portrait-photo-of-a-female-dog-dressed-in-modern-i/1-657c333c50084e4581650da4a4d4b949?id=4w8e2sYiluSFuB2zuW0ZUQ%3d%3d&view=detailv2&idpp=genimg&idpbck=1&form=BICREC",
  "urlHash": "a5ed5b95d910e65df96cfafa1763455e",
  "download": "https://api.apify.com/v2/key-value-stores/1mTle0agKtQ5I6KrX/records/a5ed5b95d910e65df96cfafa1763455e.zip"
},
{
  "url": "https://www.bing.com/images/create/portrait-photo-of-a-female-dog-dressed-in-modern-i/1-657c333c50084e4581650da4a4d4b949?id=QYMqXi653yixTfScY29MJA%3d%3d&view=detailv2&idpp=genimg&idpbck=1&form=BICREC",
  "urlHash": "9ffaf1319ebf51534eaa5953b180506f",
  "download": "https://api.apify.com/v2/key-value-stores/1mTle0agKtQ5I6KrX/records/9ffaf1319ebf51534eaa5953b180506f.zip"
},
{
  "url": "https://www.bing.com/images/create/portrait-photo-of-a-female-dog-dressed-in-modern-i/1-657c333c50084e4581650da4a4d4b949?id=vXByh2thYeG4NkgtV1KrXA%3d%3d&view=detailv2&idpp=genimg&idpbck=1&form=BICREC",
  "urlHash": "757b752664495729fbd418a0316455b4",
  "download": "https://api.apify.com/v2/key-value-stores/1mTle0agKtQ5I6KrX/records/757b752664495729fbd418a0316455b4.zip"
},
{
  "url": "https://www.bing.com/images/create/portrait-photo-of-a-female-dog-dressed-in-modern-i/1-657c331a9b47424696c6920ab4adc8ca?id=h%2f47qY9%2be8lcxJp8kOfk6Q%3d%3d&view=detailv2&idpp=genimg&idpbck=1&form=BICREC",
  "urlHash": "84d867aeeb4bdfd17b995a91e0710e0c",
  "download": "https://api.apify.com/v2/key-value-stores/1mTle0agKtQ5I6KrX/records/84d867aeeb4bdfd17b995a91e0710e0c.zip"
},
{
  "url": "https://www.bing.com/images/create/portrait-photo-of-a-female-dog-dressed-in-modern-i/1-657c331a9b47424696c6920ab4adc8ca?id=jSpyOLG%2fxgeNU0op3GH9hQ%3d%3d&view=detailv2&idpp=genimg&idpbck=1&form=BICREC",
  "urlHash": "1e298b6eacf69444a4fbfcafb62a9a6a",
  "download": "https://api.apify.com/v2/key-value-stores/1mTle0agKtQ5I6KrX/records/1e298b6eacf69444a4fbfcafb62a9a6a.zip"
},
{
  "url": "https://www.bing.com/images/create/portrait-photo-of-a-female-dog-dressed-in-modern-i/1-657c331a9b47424696c6920ab4adc8ca?id=YJ1fmuZI8rbDKBFW9yS4hg%3d%3d&view=detailv2&idpp=genimg&idpbck=1&form=BICREC",
  "urlHash": "8a756d3630977a5a8ecd2eb53673ac75",
  "download": "https://api.apify.com/v2/key-value-stores/1mTle0agKtQ5I6KrX/records/8a756d3630977a5a8ecd2eb53673ac75.zip"
},
{
  "url": "https://www.bing.com/images/create/portrait-photo-of-a-female-dog-dressed-in-modern-i/1-657c331a9b47424696c6920ab4adc8ca?id=KYnAAJN6zhwj7pqrZlymjA%3d%3d&view=detailv2&idpp=genimg&idpbck=1&form=BICREC",
  "urlHash": "e03e32ba81154432a47b9cf66aa4b85e",
  "download": "https://api.apify.com/v2/key-value-stores/1mTle0agKtQ5I6KrX/records/e03e32ba81154432a47b9cf66aa4b85e.zip"
},
{
  "url": "https://www.bing.com/images/create/portrait-photo-of-a-female-dog-dressed-in-modern-i/1-657c32fe17d94cfca12507e830a4a6ea?id=IX5R35SM6Mhv2%2fNUof%2flWA%3d%3d&view=detailv2&idpp=genimg&idpbck=1&form=BICREC",
  "urlHash": "9e584798b03821304d8bd427867ffe3a",
  "download": "https://api.apify.com/v2/key-value-stores/1mTle0agKtQ5I6KrX/records/9e584798b03821304d8bd427867ffe3a.zip"
},
{
  "url": "https://www.bing.com/images/create/portrait-photo-of-a-female-dog-dressed-in-modern-i/1-657c32fe17d94cfca12507e830a4a6ea?id=klS1J0gSiaoCkRVP%2bh7N4Q%3d%3d&view=detailv2&idpp=genimg&idpbck=1&form=BICREC",
  "urlHash": "ca1d476cca31866fb391c6edff0e0976",
  "download": "https://api.apify.com/v2/key-value-stores/1mTle0agKtQ5I6KrX/records/ca1d476cca31866fb391c6edff0e0976.zip"
},
{
  "url": "https://www.bing.com/images/create/portrait-photo-of-a-female-dog-dressed-in-modern-i/1-657c32fe17d94cfca12507e830a4a6ea?id=XJjc%2bt%2fWB09NNe2AZE7rdg%3d%3d&view=detailv2&idpp=genimg&idpbck=1&form=BICREC",
  "urlHash": "0082f09bcf7cedc84162258bfb2d2370",
  "download": "https://api.apify.com/v2/key-value-stores/1mTle0agKtQ5I6KrX/records/0082f09bcf7cedc84162258bfb2d2370.zip"
},
{
  "url": "https://www.bing.com/images/create/portrait-photo-of-a-female-dog-dressed-in-modern-i/1-657c32e25af44146b3d98a9b95cb0bf2?id=Rk7SScoHrD8wamIU3rno8w%3d%3d&view=detailv2&idpp=genimg&idpbck=1&form=BICREC",
  "urlHash": "9bfc95f0da4a7888975ef24232594291",
  "download": "https://api.apify.com/v2/key-value-stores/1mTle0agKtQ5I6KrX/records/9bfc95f0da4a7888975ef24232594291.zip"
},
{
  "url": "https://www.bing.com/images/create/portrait-photo-of-a-female-dog-dressed-in-modern-i/1-657c31e58a8c4f33a06cddbeb41c9ad7?id=crwbEW5twATAPbU9onrXHw%3d%3d&view=detailv2&idpp=genimg&idpbck=1&form=BICREC",
  "urlHash": "b57881ce14bc2914362a1e85f58f3dd2",
  "download": "https://api.apify.com/v2/key-value-stores/1mTle0agKtQ5I6KrX/records/b57881ce14bc2914362a1e85f58f3dd2.zip"
},
{
  "url": "https://www.bing.com/images/create/portrait-photo-of-a-female-dog-dressed-in-modern-i/1-657c32e25af44146b3d98a9b95cb0bf2?id=hNHzUewpADy7DRj%2bv99asw%3d%3d&view=detailv2&idpp=genimg&idpbck=1&form=BICREC",
  "urlHash": "0366604ec5ad949fdc8208cb209c491c",
  "download": "https://api.apify.com/v2/key-value-stores/1mTle0agKtQ5I6KrX/records/0366604ec5ad949fdc8208cb209c491c.zip"
},
{
  "url": "https://www.bing.com/images/create/portrait-photo-of-a-female-dog-dressed-in-modern-i/1-657c32e25af44146b3d98a9b95cb0bf2?id=%2fQDvoyFnyqCPrbrRnmbnKg%3d%3d&view=detailv2&idpp=genimg&idpbck=1&form=BICREC",
  "urlHash": "c1f5544e0b9c09ef65276bb904822ff5",
  "download": "https://api.apify.com/v2/key-value-stores/1mTle0agKtQ5I6KrX/records/c1f5544e0b9c09ef65276bb904822ff5.zip"
},
{
  "url": "https://www.bing.com/images/create/portrait-photo-of-a-female-dog-dressed-in-modern-i/1-657c32e25af44146b3d98a9b95cb0bf2?id=yQC8PxJRbVvjvJCXZBsW4A%3d%3d&view=detailv2&idpp=genimg&idpbck=1&form=BICREC",
  "urlHash": "bccdc2808e369580fc81d8f7b6b573fa",
  "download": "https://api.apify.com/v2/key-value-stores/1mTle0agKtQ5I6KrX/records/bccdc2808e369580fc81d8f7b6b573fa.zip"
},
{
  "url": "https://www.bing.com/images/create/portrait-photo-of-a-female-dog-dressed-in-modern-i/1-657c31e58a8c4f33a06cddbeb41c9ad7?id=KZ%2bcoB%2f2vqLgxi2rJA1bDA%3d%3d&view=detailv2&idpp=genimg&idpbck=1&form=BICREC",
  "urlHash": "9cfb8965d95df22c6a8fc5838f2d0277",
  "download": "https://api.apify.com/v2/key-value-stores/1mTle0agKtQ5I6KrX/records/9cfb8965d95df22c6a8fc5838f2d0277.zip"
},
{
  "url": "https://www.bing.com/images/create/portrait-photo-of-a-female-dog-dressed-in-modern-i/1-657c31e58a8c4f33a06cddbeb41c9ad7?id=hW3NzT7KRN4lVOb4jznKlQ%3d%3d&view=detailv2&idpp=genimg&idpbck=1&form=BICREC",
  "urlHash": "9480a080ab69cf89b0775abcc8b29fa9",
  "download": "https://api.apify.com/v2/key-value-stores/1mTle0agKtQ5I6KrX/records/9480a080ab69cf89b0775abcc8b29fa9.zip"
},
{
  "url": "https://www.bing.com/images/create/portrait-photo-of-a-female-dog-dressed-in-modern-i/1-657c31e58a8c4f33a06cddbeb41c9ad7?id=QgcKniKr7XWglkvKxc8xmw%3d%3d&view=detailv2&idpp=genimg&idpbck=1&form=BICREC",
  "urlHash": "027b9d6d92dcb731fe9030d0bf20f8f1",
  "download": "https://api.apify.com/v2/key-value-stores/1mTle0agKtQ5I6KrX/records/027b9d6d92dcb731fe9030d0bf20f8f1.zip"
},
{
  "url": "https://www.bing.com/images/create/portrait-photo-of-a-female-dog-dressed-in-modern-i/1-657c31c6d64446d89aadb7bfdf30fbd2?id=io1gpid%2fNMnJSFZ%2bOgYy7g%3d%3d&view=detailv2&idpp=genimg&idpbck=1&form=BICREC",
  "urlHash": "d80287f62e4a41c53cd2d38e893114fc",
  "download": "https://api.apify.com/v2/key-value-stores/1mTle0agKtQ5I6KrX/records/d80287f62e4a41c53cd2d38e893114fc.zip"
},
{
  "url": "https://www.bing.com/images/create/portrait-photo-of-a-female-dog-dressed-in-modern-i/1-657c31c6d64446d89aadb7bfdf30fbd2?id=NLAoHBbKYR5p%2bosHi4aWCw%3d%3d&view=detailv2&idpp=genimg&idpbck=1&form=BICREC",
  "urlHash": "0e3179803ce0aca561296b5d969bbbd4",
  "download": "https://api.apify.com/v2/key-value-stores/1mTle0agKtQ5I6KrX/records/0e3179803ce0aca561296b5d969bbbd4.zip"
},
{
  "url": "https://www.bing.com/images/create/portrait-photo-of-a-female-dog-dressed-in-modern-i/1-657c31c6d64446d89aadb7bfdf30fbd2?id=CwxSk%2fgA0JAUy53mmqaUaA%3d%3d&view=detailv2&idpp=genimg&idpbck=1&form=BICREC",
  "urlHash": "bc702c251759b41327953444f5aa6ea8",
  "download": "https://api.apify.com/v2/key-value-stores/1mTle0agKtQ5I6KrX/records/bc702c251759b41327953444f5aa6ea8.zip"
},
{
  "url": "https://www.bing.com/images/create/portrait-photo-of-a-female-dog-dressed-in-modern-i/1-657c31c6d64446d89aadb7bfdf30fbd2?id=T9VJFpiZSBo1uXz86pkJsA%3d%3d&view=detailv2&idpp=genimg&idpbck=1&form=BICREC",
  "urlHash": "ab8e20cbe8c31efac28b99a058b9bb9b",
  "download": "https://api.apify.com/v2/key-value-stores/1mTle0agKtQ5I6KrX/records/ab8e20cbe8c31efac28b99a058b9bb9b.zip"
},
{
  "url": "https://www.bing.com/images/create/portrait-photo-of-a-female-dog-dressed-in-modern-i/1-657c31a5cb8d4ed8b2763d0146c12a18?id=wuT%2bYAviAWXiWbeSX8zn%2fA%3d%3d&view=detailv2&idpp=genimg&idpbck=1&form=BICREC",
  "urlHash": "acba739ae025d07128fe75c6452dd910",
  "download": "https://api.apify.com/v2/key-value-stores/1mTle0agKtQ5I6KrX/records/acba739ae025d07128fe75c6452dd910.zip"
},
{
  "url": "https://www.bing.com/images/create/portrait-photo-of-a-female-dog-dressed-in-modern-i/1-657c31a5cb8d4ed8b2763d0146c12a18?id=CAzKadnCNZcSFxXtlblyIQ%3d%3d&view=detailv2&idpp=genimg&idpbck=1&form=BICREC",
  "urlHash": "6a164facf0c5f674ada581b071e4eba3",
  "download": "https://api.apify.com/v2/key-value-stores/1mTle0agKtQ5I6KrX/records/6a164facf0c5f674ada581b071e4eba3.zip"
},
{
  "url": "https://www.bing.com/images/create/portrait-photo-of-a-female-dog-dressed-in-modern-i/1-657c31a5cb8d4ed8b2763d0146c12a18?id=yWikNN1yG0Rnb0%2bQRnK2fA%3d%3d&view=detailv2&idpp=genimg&idpbck=1&form=BICREC",
  "urlHash": "e4bca9a301c975cec04d9a195fca7d33",
  "download": "https://api.apify.com/v2/key-value-stores/1mTle0agKtQ5I6KrX/records/e4bca9a301c975cec04d9a195fca7d33.zip"
},
{
  "url": "https://www.bing.com/images/create/portrait-photo-of-a-female-dog-dressed-in-modern-i/1-657c3173bfc540dfb68908308439b324?id=pibGGXyRVzo7kD1C4tqqQQ%3d%3d&view=detailv2&idpp=genimg&idpbck=1&form=BICREC",
  "urlHash": "357684b3ef2f67bd98bb69024eb7c244",
  "download": "https://api.apify.com/v2/key-value-stores/1mTle0agKtQ5I6KrX/records/357684b3ef2f67bd98bb69024eb7c244.zip"
},
{
  "url": "https://www.bing.com/images/create/portrait-photo-of-a-female-dog-dressed-in-modern-i/1-657c31a5cb8d4ed8b2763d0146c12a18?id=2ly4c9zCncilY6RIYO73Cw%3d%3d&view=detailv2&idpp=genimg&idpbck=1&form=BICREC",
  "urlHash": "a6e64b62e9e00a99d3e48a3df05c76f5",
  "download": "https://api.apify.com/v2/key-value-stores/1mTle0agKtQ5I6KrX/records/a6e64b62e9e00a99d3e48a3df05c76f5.zip"
},
{
  "url": "https://www.bing.com/images/create/portrait-photo-of-a-female-dog-dressed-in-modern-i/1-657c3173bfc540dfb68908308439b324?id=yZ5dR64UENOVXNq0tctAwg%3d%3d&view=detailv2&idpp=genimg&idpbck=1&form=BICREC",
  "urlHash": "99d2234bf48d8e2a8c08fed500c78dd7",
  "download": "https://api.apify.com/v2/key-value-stores/1mTle0agKtQ5I6KrX/records/99d2234bf48d8e2a8c08fed500c78dd7.zip"
},
{
  "url": "https://www.bing.com/images/create/portrait-photo-of-a-female-dog-dressed-in-modern-i/1-657c3173bfc540dfb68908308439b324?id=8j3qkHHR3ZJ%2bcPLbUENDhQ%3d%3d&view=detailv2&idpp=genimg&idpbck=1&form=BICREC",
  "urlHash": "f449bd3f5d50063293a2eb9c09aae1c0",
  "download": "https://api.apify.com/v2/key-value-stores/1mTle0agKtQ5I6KrX/records/f449bd3f5d50063293a2eb9c09aae1c0.zip"
},
{
  "url": "https://www.bing.com/images/create/portrait-photo-of-a-female-dog-dressed-in-modern-i/1-657c31454fa24cfe8b3f4a6355a08ca4?id=ovq3H4Oc%2bDvZV08Crs5oNA%3d%3d&view=detailv2&idpp=genimg&idpbck=1&form=BICREC",
  "urlHash": "b811e548b36de75849c1274c5eb5d04c",
  "download": "https://api.apify.com/v2/key-value-stores/1mTle0agKtQ5I6KrX/records/b811e548b36de75849c1274c5eb5d04c.zip"
},
{
  "url": "https://www.bing.com/images/create/portrait-photo-of-a-female-dog-dressed-in-modern-i/1-657c3173bfc540dfb68908308439b324?id=pkkLbuZs%2fwKtKSrOSNA4yg%3d%3d&view=detailv2&idpp=genimg&idpbck=1&form=BICREC",
  "urlHash": "2380455961cab0c7207f930a31b40bac",
  "download": "https://api.apify.com/v2/key-value-stores/1mTle0agKtQ5I6KrX/records/2380455961cab0c7207f930a31b40bac.zip"
},
{
  "url": "https://www.bing.com/images/create/portrait-photo-of-a-female-dog-dressed-in-modern-i/1-657c31454fa24cfe8b3f4a6355a08ca4?id=g7OD2fvHhZwyQdZTuJYBFQ%3d%3d&view=detailv2&idpp=genimg&idpbck=1&form=BICREC",
  "urlHash": "e11232a9fcb6295d1266cfe4e8388a77",
  "download": "https://api.apify.com/v2/key-value-stores/1mTle0agKtQ5I6KrX/records/e11232a9fcb6295d1266cfe4e8388a77.zip"
},
{
  "url": "https://www.bing.com/images/create/portrait-photo-of-a-female-dog-dressed-in-modern-i/1-657c32fe17d94cfca12507e830a4a6ea?id=XmLK9xGeLHBjVaBFSktHmg%3d%3d&view=detailv2&idpp=genimg&idpbck=1&form=BICREC",
  "urlHash": "e223d03abc1700e7bad214741c2e85da",
  "download": "https://api.apify.com/v2/key-value-stores/1mTle0agKtQ5I6KrX/records/e223d03abc1700e7bad214741c2e85da.zip"
},
{
  "url": "https://www.bing.com/images/create/portrait-photo-of-a-female-cat-dressed-in-modern-i/1-6581243afbdd4feebc1f53375e570f74?id=s5rkYIt%2fVqiuskMPUdpxHw%3d%3d&view=detailv2&idpp=genimg&idpbck=1&form=BICREC",
  "urlHash": "0687bba7ade1cd38fa82a6cef14bb324",
  "download": "https://api.apify.com/v2/key-value-stores/1mTle0agKtQ5I6KrX/records/0687bba7ade1cd38fa82a6cef14bb324.zip"
},
{
  "url": "https://www.bing.com/images/create/portrait-photo-of-a-female-dog-dressed-in-modern-i/1-657c31454fa24cfe8b3f4a6355a08ca4?id=1CGfl1n80DBtGoQKkK3LPA%3d%3d&view=detailv2&idpp=genimg&idpbck=1&form=BICREC",
  "urlHash": "c13449b396e65b26c91059775f426f96",
  "download": "https://api.apify.com/v2/key-value-stores/1mTle0agKtQ5I6KrX/records/c13449b396e65b26c91059775f426f96.zip"
},
{
  "url": "https://www.bing.com/images/create/portrait-photo-of-a-female-dog-dressed-in-modern-i/1-657c3123dcc44a13bf149e71f433c6a6?id=uDjmMzm897iDpYetYK1dsA%3d%3d&view=detailv2&idpp=genimg&idpbck=1&form=BICREC",
  "urlHash": "3089b608f71505d62539f577580a4119",
  "download": "https://api.apify.com/v2/key-value-stores/1mTle0agKtQ5I6KrX/records/3089b608f71505d62539f577580a4119.zip"
},
{
  "url": "https://www.bing.com/images/create/portrait-photo-of-a-female-dog-dressed-in-modern-i/1-657c31454fa24cfe8b3f4a6355a08ca4?id=ctq6iBxKOyXH8u7vVc0VvQ%3d%3d&view=detailv2&idpp=genimg&idpbck=1&form=BICREC",
  "urlHash": "30350b17a925ced1eb72b4a8c07c42a3",
  "download": "https://api.apify.com/v2/key-value-stores/1mTle0agKtQ5I6KrX/records/30350b17a925ced1eb72b4a8c07c42a3.zip"
},
{
  "url": "https://www.bing.com/images/create/portrait-photo-of-a-female-dog-dressed-in-modern-i/1-657c3123dcc44a13bf149e71f433c6a6?id=qijHTT9bl%2bGxNzzh1vxuBA%3d%3d&view=detailv2&idpp=genimg&idpbck=1&form=BICREC",
  "urlHash": "748cfa19e931a8d304ef73e97e0a56bc",
  "download": "https://api.apify.com/v2/key-value-stores/1mTle0agKtQ5I6KrX/records/748cfa19e931a8d304ef73e97e0a56bc.zip"
},
{
  "url": "https://www.bing.com/images/create/portrait-photo-of-a-female-dog-dressed-in-modern-i/1-657c3123dcc44a13bf149e71f433c6a6?id=tFE3wGxMQa4%2b7hjBUMxWrw%3d%3d&view=detailv2&idpp=genimg&idpbck=1&form=BICREC",
  "urlHash": "1d5bb3ee974ff19eb24b36bf97d6a05d",
  "download": "https://api.apify.com/v2/key-value-stores/1mTle0agKtQ5I6KrX/records/1d5bb3ee974ff19eb24b36bf97d6a05d.zip"
},
{
  "url": "https://www.bing.com/images/create/portrait-photo-of-a-female-dog-dressed-in-modern-i/1-657c3123dcc44a13bf149e71f433c6a6?id=sXDD0rJpKxxOOyH0q5fLbA%3d%3d&view=detailv2&idpp=genimg&idpbck=1&form=BICREC",
  "urlHash": "32ebda87e93131ce26ebadc6156e001e",
  "download": "https://api.apify.com/v2/key-value-stores/1mTle0agKtQ5I6KrX/records/32ebda87e93131ce26ebadc6156e001e.zip"
},
{
  "url": "https://www.bing.com/images/create/portrait-photo-of-a-female-dog-dressed-in-modern-i/1-657c3106b10b4a3d8357c4ed8e12a268?id=FdOWOJAckP1HP57FNQQPjA%3d%3d&view=detailv2&idpp=genimg&idpbck=1&form=BICREC",
  "urlHash": "6af7e0088c5db3372de6d1c163ceb1d8",
  "download": "https://api.apify.com/v2/key-value-stores/1mTle0agKtQ5I6KrX/records/6af7e0088c5db3372de6d1c163ceb1d8.zip"
},
{
  "url": "https://www.bing.com/images/create/portrait-photo-of-a-female-dog-dressed-in-modern-i/1-657c3106b10b4a3d8357c4ed8e12a268?id=dbwCjITYVA4pftOxzyrq3A%3d%3d&view=detailv2&idpp=genimg&idpbck=1&form=BICREC",
  "urlHash": "10c530a8975b2b77bfe97311c9b496c2",
  "download": "https://api.apify.com/v2/key-value-stores/1mTle0agKtQ5I6KrX/records/10c530a8975b2b77bfe97311c9b496c2.zip"
},
{
  "url": "https://www.bing.com/images/create/portrait-photo-of-a-female-dog-dressed-in-modern-i/1-657c30aa8b3644e691d5ac4a7b7c5e6e?id=tN64eqK0yd9zq679PX%2fhvA%3d%3d&view=detailv2&idpp=genimg&idpbck=1&form=BICREC",
  "urlHash": "3668da99920bb5a11df12f0f9856de5f",
  "download": "https://api.apify.com/v2/key-value-stores/1mTle0agKtQ5I6KrX/records/3668da99920bb5a11df12f0f9856de5f.zip"
},
{
  "url": "https://www.bing.com/images/create/portrait-photo-of-a-female-dog-dressed-in-modern-i/1-657c3106b10b4a3d8357c4ed8e12a268?id=z%2bpeM4A7aOVK%2bdc5zeXtWg%3d%3d&view=detailv2&idpp=genimg&idpbck=1&form=BICREC",
  "urlHash": "5bedc3f7d4d39308a09d7051dad24b30",
  "download": "https://api.apify.com/v2/key-value-stores/1mTle0agKtQ5I6KrX/records/5bedc3f7d4d39308a09d7051dad24b30.zip"
},
{
  "url": "https://www.bing.com/images/create/portrait-photo-of-a-female-dog-dressed-in-modern-i/1-657c3106b10b4a3d8357c4ed8e12a268?id=KhgM2J1icw4MtGnoggU1Qg%3d%3d&view=detailv2&idpp=genimg&idpbck=1&form=BICREC",
  "urlHash": "7ff123d369ebd7b087f45975aef8ce7b",
  "download": "https://api.apify.com/v2/key-value-stores/1mTle0agKtQ5I6KrX/records/7ff123d369ebd7b087f45975aef8ce7b.zip"
},
{
  "url": "https://www.bing.com/images/create/portrait-photo-of-a-female-dog-dressed-in-modern-i/1-657c30aa8b3644e691d5ac4a7b7c5e6e?id=UVB3ULEPgRKGH2CSqxY%2blg%3d%3d&view=detailv2&idpp=genimg&idpbck=1&form=BICREC",
  "urlHash": "3a319613676cb34af12b9f1ad325c983",
  "download": "https://api.apify.com/v2/key-value-stores/1mTle0agKtQ5I6KrX/records/3a319613676cb34af12b9f1ad325c983.zip"
},
{
  "url": "https://www.bing.com/images/create/portrait-photo-of-a-female-dog-dressed-in-modern-i/1-657c30aa8b3644e691d5ac4a7b7c5e6e?id=OuYJjA69ubTlB0sjc%2fzxpg%3d%3d&view=detailv2&idpp=genimg&idpbck=1&form=BICREC",
  "urlHash": "ad7e9ee9a35384b9185a40c99672f6a1",
  "download": "https://api.apify.com/v2/key-value-stores/1mTle0agKtQ5I6KrX/records/ad7e9ee9a35384b9185a40c99672f6a1.zip"
},
{
  "url": "https://www.bing.com/images/create/portrait-photo-of-a-female-dog-dressed-in-modern-i/1-657c30aa8b3644e691d5ac4a7b7c5e6e?id=9X7zToH7Sm%2bG6E5MJXLcng%3d%3d&view=detailv2&idpp=genimg&idpbck=1&form=BICREC",
  "urlHash": "989f77516e25e317aa58dd249be716f6",
  "download": "https://api.apify.com/v2/key-value-stores/1mTle0agKtQ5I6KrX/records/989f77516e25e317aa58dd249be716f6.zip"
},
{
  "url": "https://www.bing.com/images/create/portrait-photo-of-a-female-dog-dressed-in-modern-i/1-657c329d9d1b46818592c75b973d06da?id=RtmiXiXcZ4t5Ty%2bjCQTBJA%3d%3d&view=detailv2&idpp=genimg&idpbck=1&form=BICREC",
  "urlHash": "dd0b3b8922e39cec28fc1587b91c1182",
  "download": "https://api.apify.com/v2/key-value-stores/1mTle0agKtQ5I6KrX/records/dd0b3b8922e39cec28fc1587b91c1182.zip"
},
{
  "url": "https://www.bing.com/images/create/portrait-photo-of-a-female-dog-dressed-in-modern-i/1-657c329d9d1b46818592c75b973d06da?id=xueTfklsfUxkR2BgVQiLXg%3d%3d&view=detailv2&idpp=genimg&idpbck=1&form=BICREC",
  "urlHash": "6fe36a994783248dab0882bf1b3674b3",
  "download": "https://api.apify.com/v2/key-value-stores/1mTle0agKtQ5I6KrX/records/6fe36a994783248dab0882bf1b3674b3.zip"
},
{
  "url": "https://www.bing.com/images/create/portrait-photo-of-a-female-dog-dressed-in-modern-i/1-657c329d9d1b46818592c75b973d06da?id=OpVHdpz1HSmp%2fegcogOxiw%3d%3d&view=detailv2&idpp=genimg&idpbck=1&form=BICREC",
  "urlHash": "77222c21cacc4e2477be33b023a942f2",
  "download": "https://api.apify.com/v2/key-value-stores/1mTle0agKtQ5I6KrX/records/77222c21cacc4e2477be33b023a942f2.zip"
},
{
  "url": "https://www.bing.com/images/create/portrait-photo-of-a-female-dog-dressed-in-modern-i/1-657c329d9d1b46818592c75b973d06da?id=lIt634ohgdJTnbvgurBhbA%3d%3d&view=detailv2&idpp=genimg&idpbck=1&form=BICREC",
  "urlHash": "4cd75f546b47eb12bdf2d84a3f23d577",
  "download": "https://api.apify.com/v2/key-value-stores/1mTle0agKtQ5I6KrX/records/4cd75f546b47eb12bdf2d84a3f23d577.zip"
},
{
  "url": "https://www.bing.com/images/create/portrait-photo-of-a-female-dog-dressed-in-modern-i/1-657c327cd24b4687a3df547e18a2e2c3?id=3%2f8iBae%2fzaZcUp4yjpB3Xg%3d%3d&view=detailv2&idpp=genimg&idpbck=1&form=BICREC",
  "urlHash": "b6019a5cfd54e5cb4f22ea29c5770bb7",
  "download": "https://api.apify.com/v2/key-value-stores/1mTle0agKtQ5I6KrX/records/b6019a5cfd54e5cb4f22ea29c5770bb7.zip"
},
{
  "url": "https://www.bing.com/images/create/portrait-photo-of-a-female-dog-dressed-in-modern-i/1-657c327cd24b4687a3df547e18a2e2c3?id=vp59dVuF%2bmyp7JjZj%2fz4mQ%3d%3d&view=detailv2&idpp=genimg&idpbck=1&form=BICREC",
  "urlHash": "02c57233fb5125b942cb4e51b09d172f",
  "download": "https://api.apify.com/v2/key-value-stores/1mTle0agKtQ5I6KrX/records/02c57233fb5125b942cb4e51b09d172f.zip"
},
{
  "url": "https://www.bing.com/images/create/portrait-photo-of-a-female-dog-dressed-in-modern-i/1-657c327cd24b4687a3df547e18a2e2c3?id=kV8EsKxtFmRW1Q09PO2usA%3d%3d&view=detailv2&idpp=genimg&idpbck=1&form=BICREC",
  "urlHash": "4665115ab63ef547780f89008b1ad458",
  "download": "https://api.apify.com/v2/key-value-stores/1mTle0agKtQ5I6KrX/records/4665115ab63ef547780f89008b1ad458.zip"
},
{
  "url": "https://www.bing.com/images/create/portrait-photo-of-a-female-dog-dressed-in-modern-i/1-657c327cd24b4687a3df547e18a2e2c3?id=pIylSzK11%2f97tiUaONbPMA%3d%3d&view=detailv2&idpp=genimg&idpbck=1&form=BICREC",
  "urlHash": "459d0b7e18e1829016bc5d568d1170e6",
  "download": "https://api.apify.com/v2/key-value-stores/1mTle0agKtQ5I6KrX/records/459d0b7e18e1829016bc5d568d1170e6.zip"
},
{
  "url": "https://www.bing.com/images/create/portrait-photo-of-a-female-dog-dressed-in-modern-i/1-657c3261a76e4eed8331b1d48cf00025?id=CFvN3fpoCEGPeQ3Rql6uvw%3d%3d&view=detailv2&idpp=genimg&idpbck=1&form=BICREC",
  "urlHash": "b832673ad3ee70369448c5c132e3dbb2",
  "download": "https://api.apify.com/v2/key-value-stores/1mTle0agKtQ5I6KrX/records/b832673ad3ee70369448c5c132e3dbb2.zip"
},
{
  "url": "https://www.bing.com/images/create/portrait-photo-of-a-female-dog-dressed-in-modern-i/1-657c3261a76e4eed8331b1d48cf00025?id=50MqcFdpj3Jizu7nJTTjZQ%3d%3d&view=detailv2&idpp=genimg&idpbck=1&form=BICREC",
  "urlHash": "fc4308136e4851814cf4dd998f5909b1",
  "download": "https://api.apify.com/v2/key-value-stores/1mTle0agKtQ5I6KrX/records/fc4308136e4851814cf4dd998f5909b1.zip"
},
{
  "url": "https://www.bing.com/images/create/portrait-photo-of-a-female-dog-dressed-in-modern-i/1-657c3261a76e4eed8331b1d48cf00025?id=yGZ3RE%2b8CYG%2fOhucpaOmeQ%3d%3d&view=detailv2&idpp=genimg&idpbck=1&form=BICREC",
  "urlHash": "a95e091a794f6581f224b2ecf9fbbb26",
  "download": "https://api.apify.com/v2/key-value-stores/1mTle0agKtQ5I6KrX/records/a95e091a794f6581f224b2ecf9fbbb26.zip"
},
{
  "url": "https://www.bing.com/images/create/portrait-photo-of-a-female-dog-dressed-in-modern-i/1-657c3261a76e4eed8331b1d48cf00025?id=pTIYXkidRbx%2bxmGcacix0A%3d%3d&view=detailv2&idpp=genimg&idpbck=1&form=BICREC",
  "urlHash": "11bf204f1f0af0845f71d54305ce8f8f",
  "download": "https://api.apify.com/v2/key-value-stores/1mTle0agKtQ5I6KrX/records/11bf204f1f0af0845f71d54305ce8f8f.zip"
},
{
  "url": "https://www.bing.com/images/create/portrait-photo-of-a-female-dog-dressed-in-modern-i/1-657c3243dc334a52b0d42c3b457c66d1?id=dCLKlIN2sGEGaAvl99szxw%3d%3d&view=detailv2&idpp=genimg&idpbck=1&form=BICREC",
  "urlHash": "727005b0be912138d421c17ab1fa1c49",
  "download": "https://api.apify.com/v2/key-value-stores/1mTle0agKtQ5I6KrX/records/727005b0be912138d421c17ab1fa1c49.zip"
},
{
  "url": "https://www.bing.com/images/create/portrait-photo-of-a-female-dog-dressed-in-modern-i/1-657c3243dc334a52b0d42c3b457c66d1?id=GxHmckIs53x%2fy1lCc%2fdBFg%3d%3d&view=detailv2&idpp=genimg&idpbck=1&form=BICREC",
  "urlHash": "2b2de6fbba70cb132b07e3835937e171",
  "download": "https://api.apify.com/v2/key-value-stores/1mTle0agKtQ5I6KrX/records/2b2de6fbba70cb132b07e3835937e171.zip"
},
{
  "url": "https://www.bing.com/images/create/portrait-photo-of-a-female-dog-dressed-in-modern-i/1-657c3243dc334a52b0d42c3b457c66d1?id=PHsOTHVN2Os3yKd837qCeQ%3d%3d&view=detailv2&idpp=genimg&idpbck=1&form=BICREC",
  "urlHash": "38ffb50ef414c9015ae91218bf18a8f2",
  "download": "https://api.apify.com/v2/key-value-stores/1mTle0agKtQ5I6KrX/records/38ffb50ef414c9015ae91218bf18a8f2.zip"
},
{
  "url": "https://www.bing.com/images/create/portrait-photo-of-a-female-dog-dressed-in-modern-i/1-657c3243dc334a52b0d42c3b457c66d1?id=558zQmGM%2fUY5Wh7neWSybA%3d%3d&view=detailv2&idpp=genimg&idpbck=1&form=BICREC",
  "urlHash": "5692d7f4424d0c0a18f74d4cd3738072",
  "download": "https://api.apify.com/v2/key-value-stores/1mTle0agKtQ5I6KrX/records/5692d7f4424d0c0a18f74d4cd3738072.zip"
},
{
  "url": "https://www.bing.com/images/create/portrait-photo-of-a-female-dog-dressed-in-modern-i/1-657c320fb9eb441bb5b479476a715744?id=%2bC%2fddiAjD3%2fgc4vvnVdBOA%3d%3d&view=detailv2&idpp=genimg&idpbck=1&form=BICREC",
  "urlHash": "c5fc5c616cc2c4cca6ffd68a8d8f8971",
  "download": "https://api.apify.com/v2/key-value-stores/1mTle0agKtQ5I6KrX/records/c5fc5c616cc2c4cca6ffd68a8d8f8971.zip"
},
{
  "url": "https://www.bing.com/images/create/portrait-photo-of-a-female-dog-dressed-in-modern-i/1-657c320fb9eb441bb5b479476a715744?id=wsXTmk12ksnId4QIbdhSqg%3d%3d&view=detailv2&idpp=genimg&idpbck=1&form=BICREC",
  "urlHash": "83762adfe8a2561f0b977252d89b1796",
  "download": "https://api.apify.com/v2/key-value-stores/1mTle0agKtQ5I6KrX/records/83762adfe8a2561f0b977252d89b1796.zip"
},
{
  "url": "https://www.bing.com/images/create/portrait-photo-of-a-female-dog-dressed-in-modern-i/1-657c320fb9eb441bb5b479476a715744?id=%2bxKxOmur9V%2bOYyGTeO8jZw%3d%3d&view=detailv2&idpp=genimg&idpbck=1&form=BICREC",
  "urlHash": "8ce12582eab12fd91bdf4770d5dafa1e",
  "download": "https://api.apify.com/v2/key-value-stores/1mTle0agKtQ5I6KrX/records/8ce12582eab12fd91bdf4770d5dafa1e.zip"
},
{
  "url": "https://www.bing.com/images/create/portrait-photo-of-a-female-dog-dressed-in-modern-i/1-657d2677ff794cde98dd4f99f423a6e5?id=qkNsnUWA1FmsdGXefVzmgA%3d%3d&view=detailv2&idpp=genimg&idpbck=1&form=BICREC",
  "urlHash": "ecc8b09558bc3a0754339e0fad9fa4e3",
  "download": "https://api.apify.com/v2/key-value-stores/1mTle0agKtQ5I6KrX/records/ecc8b09558bc3a0754339e0fad9fa4e3.zip"
},
{
  "url": "https://www.bing.com/images/create/portrait-photo-of-a-female-dog-dressed-in-modern-i/1-657d2677ff794cde98dd4f99f423a6e5?id=TAwk%2f8ihbC9%2bJ9z8rgYtyQ%3d%3d&view=detailv2&idpp=genimg&idpbck=1&form=BICREC",
  "urlHash": "6c6127384fe22d71446029086083e126",
  "download": "https://api.apify.com/v2/key-value-stores/1mTle0agKtQ5I6KrX/records/6c6127384fe22d71446029086083e126.zip"
},
{
  "url": "https://www.bing.com/images/create/portrait-photo-of-a-female-dog-dressed-in-modern-i/1-657c320fb9eb441bb5b479476a715744?id=fZ7VU4piXxCkGCQWIrDBeQ%3d%3d&view=detailv2&idpp=genimg&idpbck=1&form=BICREC",
  "urlHash": "85876c71c357b7c812ab59f8ffc7acab",
  "download": "https://api.apify.com/v2/key-value-stores/1mTle0agKtQ5I6KrX/records/85876c71c357b7c812ab59f8ffc7acab.zip"
},
{
  "url": "https://www.bing.com/images/create/portrait-photo-of-a-female-dog-dressed-in-modern-i/1-657d2677ff794cde98dd4f99f423a6e5?id=OcK9Qo8lO1V4gRCPQq5ONg%3d%3d&view=detailv2&idpp=genimg&idpbck=1&form=BICREC",
  "urlHash": "2d56ac3c78f07608a5c9421d0b40d4e6",
  "download": "https://api.apify.com/v2/key-value-stores/1mTle0agKtQ5I6KrX/records/2d56ac3c78f07608a5c9421d0b40d4e6.zip"
},
{
  "url": "https://www.bing.com/images/create/portrait-photo-of-a-female-dog-dressed-in-modern-i/1-657d265f0c6a49ef8ec270f4adf22027?id=%2f%2b8tT%2fKznflVh%2fu%2b%2fHaQBQ%3d%3d&view=detailv2&idpp=genimg&idpbck=1&form=BICREC",
  "urlHash": "933f33f9ad9e875e1a495f7f713129bb",
  "download": "https://api.apify.com/v2/key-value-stores/1mTle0agKtQ5I6KrX/records/933f33f9ad9e875e1a495f7f713129bb.zip"
},
{
  "url": "https://www.bing.com/images/create/portrait-photo-of-a-female-dog-dressed-in-modern-i/1-657d2677ff794cde98dd4f99f423a6e5?id=j2GWLPdZUH74Dy9RwIIofQ%3d%3d&view=detailv2&idpp=genimg&idpbck=1&form=BICREC",
  "urlHash": "910667e765f916cfb57ca9af4f491b54",
  "download": "https://api.apify.com/v2/key-value-stores/1mTle0agKtQ5I6KrX/records/910667e765f916cfb57ca9af4f491b54.zip"
},
{
  "url": "https://www.bing.com/images/create/portrait-photo-of-a-female-dog-dressed-in-modern-i/1-657d265f0c6a49ef8ec270f4adf22027?id=j7cAou%2fmytjC%2bJmLTPEuQg%3d%3d&view=detailv2&idpp=genimg&idpbck=1&form=BICREC",
  "urlHash": "483be7dd9d19ed0f7ee93099ea9939e0",
  "download": "https://api.apify.com/v2/key-value-stores/1mTle0agKtQ5I6KrX/records/483be7dd9d19ed0f7ee93099ea9939e0.zip"
},
{
  "url": "https://www.bing.com/images/create/portrait-photo-of-a-female-dog-dressed-in-modern-i/1-657d265f0c6a49ef8ec270f4adf22027?id=mkq6PabTuIC8Ytajx5%2bLHA%3d%3d&view=detailv2&idpp=genimg&idpbck=1&form=BICREC",
  "urlHash": "a7314819cc8e470aafe2898a8dc48d74",
  "download": "https://api.apify.com/v2/key-value-stores/1mTle0agKtQ5I6KrX/records/a7314819cc8e470aafe2898a8dc48d74.zip"
},
{
  "url": "https://www.bing.com/images/create/portrait-photo-of-a-female-dog-dressed-in-modern-i/1-657d263da3de41f4b59c8aa580d0e89f?id=yooXMfDHvK5D9oRYtXsr5w%3d%3d&view=detailv2&idpp=genimg&idpbck=1&form=BICREC",
  "urlHash": "b6f157306df05f1d68200a7aae8833a4",
  "download": "https://api.apify.com/v2/key-value-stores/1mTle0agKtQ5I6KrX/records/b6f157306df05f1d68200a7aae8833a4.zip"
},
{
  "url": "https://www.bing.com/images/create/portrait-photo-of-a-female-dog-dressed-in-modern-i/1-657d263da3de41f4b59c8aa580d0e89f?id=UZ1bfeAuvNteQcZu7s8qKA%3d%3d&view=detailv2&idpp=genimg&idpbck=1&form=BICREC",
  "urlHash": "f6b3ec5d040da361fef92f7be4c9aada",
  "download": "https://api.apify.com/v2/key-value-stores/1mTle0agKtQ5I6KrX/records/f6b3ec5d040da361fef92f7be4c9aada.zip"
},
{
  "url": "https://www.bing.com/images/create/portrait-photo-of-a-female-dog-dressed-in-modern-i/1-657d263da3de41f4b59c8aa580d0e89f?id=m373TAbT9DWImTU9lXrBEA%3d%3d&view=detailv2&idpp=genimg&idpbck=1&form=BICREC",
  "urlHash": "e3ec9b10d63d6b109f9d4c6cc69e0c75",
  "download": "https://api.apify.com/v2/key-value-stores/1mTle0agKtQ5I6KrX/records/e3ec9b10d63d6b109f9d4c6cc69e0c75.zip"
},
{
  "url": "https://www.bing.com/images/create/portrait-photo-of-a-female-dog-dressed-in-modern-i/1-657d263da3de41f4b59c8aa580d0e89f?id=Odc%2bfACrg%2f9dBPaG%2bnQrDQ%3d%3d&view=detailv2&idpp=genimg&idpbck=1&form=BICREC",
  "urlHash": "121721c396343417475ec4ef6ee10811",
  "download": "https://api.apify.com/v2/key-value-stores/1mTle0agKtQ5I6KrX/records/121721c396343417475ec4ef6ee10811.zip"
},
{
  "url": "https://www.bing.com/images/create/portrait-photo-of-a-female-dog-dressed-in-modern-i/1-657d265f0c6a49ef8ec270f4adf22027?id=BXlyHNk0cMpA%2bm12HdHRCw%3d%3d&view=detailv2&idpp=genimg&idpbck=1&form=BICREC",
  "urlHash": "15328a442140338505d0203c98995807",
  "download": "https://api.apify.com/v2/key-value-stores/1mTle0agKtQ5I6KrX/records/15328a442140338505d0203c98995807.zip"
},
{
  "url": "https://www.bing.com/images/create/portrait-photo-of-a-female-dog-dressed-in-modern-i/1-657d260c16e649b19496991a207eea8b?id=b6MoAAINpAfHVnu5Sv405A%3d%3d&view=detailv2&idpp=genimg&idpbck=1&form=BICREC",
  "urlHash": "bfc839ef4aef248abd26d6ed265ff126",
  "download": "https://api.apify.com/v2/key-value-stores/1mTle0agKtQ5I6KrX/records/bfc839ef4aef248abd26d6ed265ff126.zip"
},
{
  "url": "https://www.bing.com/images/create/portrait-photo-of-a-female-dog-dressed-in-modern-i/1-657d260c16e649b19496991a207eea8b?id=ZucfWvsrw%2b%2fNaVP09jU92g%3d%3d&view=detailv2&idpp=genimg&idpbck=1&form=BICREC",
  "urlHash": "02f5312ba8ef9946630c5a60e6864d04",
  "download": "https://api.apify.com/v2/key-value-stores/1mTle0agKtQ5I6KrX/records/02f5312ba8ef9946630c5a60e6864d04.zip"
},
{
  "url": "https://www.bing.com/images/create/portrait-photo-of-a-female-dog-dressed-in-modern-i/1-657d260c16e649b19496991a207eea8b?id=GK6USOpBs0slwsxfZwqw0w%3d%3d&view=detailv2&idpp=genimg&idpbck=1&form=BICREC",
  "urlHash": "b089b78be2b7a99e4acaaba3e423cf5a",
  "download": "https://api.apify.com/v2/key-value-stores/1mTle0agKtQ5I6KrX/records/b089b78be2b7a99e4acaaba3e423cf5a.zip"
},
{
  "url": "https://www.bing.com/images/create/portrait-photo-of-a-female-dog-dressed-in-modern-i/1-657d260c16e649b19496991a207eea8b?id=VpDumd0ZTQUNBCkwlutohQ%3d%3d&view=detailv2&idpp=genimg&idpbck=1&form=BICREC",
  "urlHash": "2b8b7fc8d963700b4e588e66466b10f1",
  "download": "https://api.apify.com/v2/key-value-stores/1mTle0agKtQ5I6KrX/records/2b8b7fc8d963700b4e588e66466b10f1.zip"
},
{
  "url": "https://www.bing.com/images/create/portrait-photo-of-a-female-dog-dressed-in-modern-i/1-657c346194e14102a32886838c8d6adf?id=hyEJq25k1QyANn6MZBI0gw%3d%3d&view=detailv2&idpp=genimg&idpbck=1&form=BICREC",
  "urlHash": "d15671e66f94503e97864f4e47684cdf",
  "download": "https://api.apify.com/v2/key-value-stores/1mTle0agKtQ5I6KrX/records/d15671e66f94503e97864f4e47684cdf.zip"
},
{
  "url": "https://www.bing.com/images/create/portrait-photo-of-a-female-dog-dressed-in-modern-i/1-657c346194e14102a32886838c8d6adf?id=43iv4dgyTsckwr4fxkaDCg%3d%3d&view=detailv2&idpp=genimg&idpbck=1&form=BICREC",
  "urlHash": "c5d488334be5909b4a5645ba8d089758",
  "download": "https://api.apify.com/v2/key-value-stores/1mTle0agKtQ5I6KrX/records/c5d488334be5909b4a5645ba8d089758.zip"
},
{
  "url": "https://www.bing.com/images/create/portrait-photo-of-a-female-dog-dressed-in-modern-i/1-657c346194e14102a32886838c8d6adf?id=%2bFYXRZbmrgB%2fZPdGK3r03Q%3d%3d&view=detailv2&idpp=genimg&idpbck=1&form=BICREC",
  "urlHash": "2690abd21dbd3d0daf479cebc0294dfb",
  "download": "https://api.apify.com/v2/key-value-stores/1mTle0agKtQ5I6KrX/records/2690abd21dbd3d0daf479cebc0294dfb.zip"
},
{
  "url": "https://www.bing.com/images/create/portrait-photo-of-a-female-dog-dressed-in-modern-i/1-657c346194e14102a32886838c8d6adf?id=sE1T%2fIOovfjWQz5kuPiizw%3d%3d&view=detailv2&idpp=genimg&idpbck=1&form=BICREC",
  "urlHash": "3ac4baa6c5fdcbfde784ea0b5055e348",
  "download": "https://api.apify.com/v2/key-value-stores/1mTle0agKtQ5I6KrX/records/3ac4baa6c5fdcbfde784ea0b5055e348.zip"
},
{
  "url": "https://www.bing.com/images/create/portrait-photo-of-a-female-dog-dressed-in-modern-i/1-657c343be7ed4aaabbedd8b455ce0843?id=R%2boaCHeft1mv8496y5Lcjw%3d%3d&view=detailv2&idpp=genimg&idpbck=1&form=BICREC",
  "urlHash": "849030232a20c4b3fa52de30ea007795",
  "download": "https://api.apify.com/v2/key-value-stores/1mTle0agKtQ5I6KrX/records/849030232a20c4b3fa52de30ea007795.zip"
},
{
  "url": "https://www.bing.com/images/create/portrait-photo-of-a-female-dog-dressed-in-modern-i/1-657c343be7ed4aaabbedd8b455ce0843?id=PgxzlE0cWdgSByB7%2b2nLMw%3d%3d&view=detailv2&idpp=genimg&idpbck=1&form=BICREC",
  "urlHash": "822fdef71861e6860c54cb451bec8155",
  "download": "https://api.apify.com/v2/key-value-stores/1mTle0agKtQ5I6KrX/records/822fdef71861e6860c54cb451bec8155.zip"
},
{
  "url": "https://www.bing.com/images/create/portrait-photo-of-a-female-dog-dressed-in-modern-i/1-657c343be7ed4aaabbedd8b455ce0843?id=5c4XxC2sRBbi92BDKNVBIQ%3d%3d&view=detailv2&idpp=genimg&idpbck=1&form=BICREC",
  "urlHash": "1af36e48d48ba5572c7a6658f43f3cec",
  "download": "https://api.apify.com/v2/key-value-stores/1mTle0agKtQ5I6KrX/records/1af36e48d48ba5572c7a6658f43f3cec.zip"
},
{
  "url": "https://www.bing.com/images/create/portrait-photo-of-a-female-dog-dressed-in-modern-i/1-657c343be7ed4aaabbedd8b455ce0843?id=kWjT2pN%2bHP%2fz%2fydkRCUjgQ%3d%3d&view=detailv2&idpp=genimg&idpbck=1&form=BICREC",
  "urlHash": "8521e48c84ce521d4d53f55670a49ff4",
  "download": "https://api.apify.com/v2/key-value-stores/1mTle0agKtQ5I6KrX/records/8521e48c84ce521d4d53f55670a49ff4.zip"
}]