[{
  "url": "https://www.bing.com/images/create/portrait-photo-of-a-female-cat-dressed-in-modern-i/1-65812db8b5cc42a98688d4bfcc004a7d?id=yZIxStquD4h4RF7gzXDudA%3d%3d&view=detailv2&idpp=genimg&idpbck=1&form=BICREC",
  "urlHash": "c8f98cd54a409aa47551ee015b461d63",
  "download": "https://api.apify.com/v2/key-value-stores/fL7zGTXM50m485hvg/records/c8f98cd54a409aa47551ee015b461d63.zip"
},
{
  "url": "https://www.bing.com/images/create/portrait-photo-of-a-female-cat-dressed-in-modern-i/1-65812db8b5cc42a98688d4bfcc004a7d?id=qqzeJPMfCo5mftvlikEM2Q%3d%3d&view=detailv2&idpp=genimg&idpbck=1&form=BICREC",
  "urlHash": "ff1ffff9138070c764237c4ce857adfd",
  "download": "https://api.apify.com/v2/key-value-stores/fL7zGTXM50m485hvg/records/ff1ffff9138070c764237c4ce857adfd.zip"
},
{
  "url": "https://www.bing.com/images/create/portrait-photo-of-a-female-cat-dressed-in-modern-i/1-65812db8b5cc42a98688d4bfcc004a7d?id=R0a29%2bGSrkWzu9WDxNgtxA%3d%3d&view=detailv2&idpp=genimg&idpbck=1&form=BICREC",
  "urlHash": "c625c8af7a1f732bce58cc4a7b913132",
  "download": "https://api.apify.com/v2/key-value-stores/fL7zGTXM50m485hvg/records/c625c8af7a1f732bce58cc4a7b913132.zip"
},
{
  "url": "https://www.bing.com/images/create/portrait-photo-of-a-female-cat-dressed-in-modern-i/1-65812db8b5cc42a98688d4bfcc004a7d?id=cemwJwZuF5QIDhqPng5shA%3d%3d&view=detailv2&idpp=genimg&idpbck=1&form=BICREC",
  "urlHash": "8e2a563e7a8b3c57ee954e10a6c57cd9",
  "download": "https://api.apify.com/v2/key-value-stores/fL7zGTXM50m485hvg/records/8e2a563e7a8b3c57ee954e10a6c57cd9.zip"
},
{
  "url": "https://www.bing.com/images/create/portrait-photo-of-a-female-cat-dressed-in-modern-i/1-65812d93cb1949af8d5ff09463663a44?id=1f3PMp7WlLZZ2O7d51qbFQ%3d%3d&view=detailv2&idpp=genimg&idpbck=1&form=BICREC",
  "urlHash": "930efb9e381bf26917ca9bec1aee38c7",
  "download": "https://api.apify.com/v2/key-value-stores/fL7zGTXM50m485hvg/records/930efb9e381bf26917ca9bec1aee38c7.zip"
},
{
  "url": "https://www.bing.com/images/create/portrait-photo-of-a-female-cat-dressed-in-modern-i/1-65812d93cb1949af8d5ff09463663a44?id=DoJvcxCu2PkbXlasxzt19Q%3d%3d&view=detailv2&idpp=genimg&idpbck=1&form=BICREC",
  "urlHash": "593f78f1d47969c90e595825ac96cb23",
  "download": "https://api.apify.com/v2/key-value-stores/fL7zGTXM50m485hvg/records/593f78f1d47969c90e595825ac96cb23.zip"
},
{
  "url": "https://www.bing.com/images/create/portrait-photo-of-a-female-cat-dressed-in-modern-i/1-65812d93cb1949af8d5ff09463663a44?id=k9W0Rusg9KudIhe07ql65g%3d%3d&view=detailv2&idpp=genimg&idpbck=1&form=BICREC",
  "urlHash": "1d9eebbc2bedd449f3340d8c7d5be406",
  "download": "https://api.apify.com/v2/key-value-stores/fL7zGTXM50m485hvg/records/1d9eebbc2bedd449f3340d8c7d5be406.zip"
},
{
  "url": "https://www.bing.com/images/create/portrait-photo-of-a-female-cat-dressed-in-modern-i/1-65812d6684d643628a7a283090d93f81?id=0jwL3BFk3IIZmydIHPEVHQ%3d%3d&view=detailv2&idpp=genimg&idpbck=1&form=BICREC",
  "urlHash": "d68559cb3aff1b419cc9758bf51fadb6",
  "download": "https://api.apify.com/v2/key-value-stores/fL7zGTXM50m485hvg/records/d68559cb3aff1b419cc9758bf51fadb6.zip"
},
{
  "url": "https://www.bing.com/images/create/portrait-photo-of-a-female-cat-dressed-in-modern-i/1-65812d93cb1949af8d5ff09463663a44?id=cVz9pvlZbsLdzjWiuxVMmw%3d%3d&view=detailv2&idpp=genimg&idpbck=1&form=BICREC",
  "urlHash": "e06e11a11b6fd443b2dba8ceda115ece",
  "download": "https://api.apify.com/v2/key-value-stores/fL7zGTXM50m485hvg/records/e06e11a11b6fd443b2dba8ceda115ece.zip"
},
{
  "url": "https://www.bing.com/images/create/portrait-photo-of-a-female-cat-dressed-in-modern-i/1-65812d6684d643628a7a283090d93f81?id=AzU8Wxav6L7P%2bkkhPBKEoQ%3d%3d&view=detailv2&idpp=genimg&idpbck=1&form=BICREC",
  "urlHash": "32c422c579fbb8046a126f1d76238f0b",
  "download": "https://api.apify.com/v2/key-value-stores/fL7zGTXM50m485hvg/records/32c422c579fbb8046a126f1d76238f0b.zip"
},
{
  "url": "https://www.bing.com/images/create/portrait-photo-of-a-female-cat-dressed-in-modern-i/1-65812d6684d643628a7a283090d93f81?id=MsdSkKANjgQ69y1mOUJ2bw%3d%3d&view=detailv2&idpp=genimg&idpbck=1&form=BICREC",
  "urlHash": "b11db5534ca76418d016b4d943a7980f",
  "download": "https://api.apify.com/v2/key-value-stores/fL7zGTXM50m485hvg/records/b11db5534ca76418d016b4d943a7980f.zip"
},
{
  "url": "https://www.bing.com/images/create/portrait-photo-of-a-female-cat-dressed-in-modern-i/1-65812d6684d643628a7a283090d93f81?id=u7EUZ5ZmXVmkw3WigMJjYQ%3d%3d&view=detailv2&idpp=genimg&idpbck=1&form=BICREC",
  "urlHash": "dfd4afd86ff4d5618f8d6fc6629a45c1",
  "download": "https://api.apify.com/v2/key-value-stores/fL7zGTXM50m485hvg/records/dfd4afd86ff4d5618f8d6fc6629a45c1.zip"
},
{
  "url": "https://www.bing.com/images/create/portrait-photo-of-a-female-cat-dressed-in-modern-i/1-65812baf6db9419c95b202fa71d6566b?id=zBwamMcU8kd%2bpYYUxsRGEw%3d%3d&view=detailv2&idpp=genimg&idpbck=1&form=BICREC",
  "urlHash": "23435b9a86d05373c16a46dbd473d295",
  "download": "https://api.apify.com/v2/key-value-stores/fL7zGTXM50m485hvg/records/23435b9a86d05373c16a46dbd473d295.zip"
},
{
  "url": "https://www.bing.com/images/create/portrait-photo-of-a-female-cat-dressed-in-modern-i/1-65812baf6db9419c95b202fa71d6566b?id=5WV1PiWiGjcGvmhmVXuLkA%3d%3d&view=detailv2&idpp=genimg&idpbck=1&form=BICREC",
  "urlHash": "7c991da4e3b61b59c6283738c1c20ecc",
  "download": "https://api.apify.com/v2/key-value-stores/fL7zGTXM50m485hvg/records/7c991da4e3b61b59c6283738c1c20ecc.zip"
},
{
  "url": "https://www.bing.com/images/create/portrait-photo-of-a-female-cat-dressed-in-modern-i/1-65812baf6db9419c95b202fa71d6566b?id=DPkD6XBtdQBVF2Jvqhd2yQ%3d%3d&view=detailv2&idpp=genimg&idpbck=1&form=BICREC",
  "urlHash": "d267dc993418846d095967264aa38aad",
  "download": "https://api.apify.com/v2/key-value-stores/fL7zGTXM50m485hvg/records/d267dc993418846d095967264aa38aad.zip"
},
{
  "url": "https://www.bing.com/images/create/portrait-photo-of-a-female-cat-dressed-in-modern-i/1-65812baf6db9419c95b202fa71d6566b?id=65waHWB5Wn%2f4mvRNZtMIqw%3d%3d&view=detailv2&idpp=genimg&idpbck=1&form=BICREC",
  "urlHash": "05edf9e1aa027ba79e34252b2271dc1c",
  "download": "https://api.apify.com/v2/key-value-stores/fL7zGTXM50m485hvg/records/05edf9e1aa027ba79e34252b2271dc1c.zip"
},
{
  "url": "https://www.bing.com/images/create/portrait-photo-of-a-female-cat-dressed-in-modern-i/1-65812b811b4c45fbbcb84f4d16ad87f2?id=spGaqTvIzKN6nsx0PWlPTA%3d%3d&view=detailv2&idpp=genimg&idpbck=1&form=BICREC",
  "urlHash": "a9536ed03c6be3ed593bdf8a51848591",
  "download": "https://api.apify.com/v2/key-value-stores/fL7zGTXM50m485hvg/records/a9536ed03c6be3ed593bdf8a51848591.zip"
},
{
  "url": "https://www.bing.com/images/create/portrait-photo-of-a-female-cat-dressed-in-modern-i/1-65812b811b4c45fbbcb84f4d16ad87f2?id=E1bRwKgPR%2f4eIqjzvTgJCg%3d%3d&view=detailv2&idpp=genimg&idpbck=1&form=BICREC",
  "urlHash": "77510b54eee2d74576bc84abb3b3ddd8",
  "download": "https://api.apify.com/v2/key-value-stores/fL7zGTXM50m485hvg/records/77510b54eee2d74576bc84abb3b3ddd8.zip"
},
{
  "url": "https://www.bing.com/images/create/portrait-photo-of-a-female-cat-dressed-in-modern-i/1-65812b811b4c45fbbcb84f4d16ad87f2?id=uSrht2iswaJWxCv0UpjEeQ%3d%3d&view=detailv2&idpp=genimg&idpbck=1&form=BICREC",
  "urlHash": "9a1ddf75ebf1c5909a76922f7f100b5d",
  "download": "https://api.apify.com/v2/key-value-stores/fL7zGTXM50m485hvg/records/9a1ddf75ebf1c5909a76922f7f100b5d.zip"
},
{
  "url": "https://www.bing.com/images/create/portrait-photo-of-a-female-cat-dressed-in-modern-i/1-65812b811b4c45fbbcb84f4d16ad87f2?id=E1bRwKgPR%2f4eIqjzvTgJCg%3d%3d&view=detailv2&idpp=genimg&idpbck=1&form=BICREC",
  "urlHash": "77510b54eee2d74576bc84abb3b3ddd8",
  "download": "https://api.apify.com/v2/key-value-stores/fL7zGTXM50m485hvg/records/77510b54eee2d74576bc84abb3b3ddd8.zip"
},
{
  "url": "https://www.bing.com/images/create/portrait-photo-of-a-female-cat-dressed-in-modern-i/1-65812b600ead4eba8909c4dea156d69e?id=c%2bDmS5LOtSMHRW7omJWmYg%3d%3d&view=detailv2&idpp=genimg&idpbck=1&form=BICREC",
  "urlHash": "af92a081d164856d1cf7b649c05c0203",
  "download": "https://api.apify.com/v2/key-value-stores/fL7zGTXM50m485hvg/records/af92a081d164856d1cf7b649c05c0203.zip"
},
{
  "url": "https://www.bing.com/images/create/portrait-photo-of-a-female-cat-dressed-in-modern-i/1-65812b811b4c45fbbcb84f4d16ad87f2?id=QodERmivoGHimichcA221Q%3d%3d&view=detailv2&idpp=genimg&idpbck=1&form=BICREC",
  "urlHash": "d998a36d20aadbce57f398cb4bdaa308",
  "download": "https://api.apify.com/v2/key-value-stores/fL7zGTXM50m485hvg/records/d998a36d20aadbce57f398cb4bdaa308.zip"
},
{
  "url": "https://www.bing.com/images/create/portrait-photo-of-a-female-cat-dressed-in-modern-i/1-65812b600ead4eba8909c4dea156d69e?id=X7KmMiDiL0ztfZ2iQ1GQWA%3d%3d&view=detailv2&idpp=genimg&idpbck=1&form=BICREC",
  "urlHash": "f631fc93b7ce21d5a81acc9006f02c08",
  "download": "https://api.apify.com/v2/key-value-stores/fL7zGTXM50m485hvg/records/f631fc93b7ce21d5a81acc9006f02c08.zip"
},
{
  "url": "https://www.bing.com/images/create/portrait-photo-of-a-female-cat-dressed-in-modern-i/1-65812b600ead4eba8909c4dea156d69e?id=uW5arv%2bYtav0cDQRRjV6ug%3d%3d&view=detailv2&idpp=genimg&idpbck=1&form=BICREC",
  "urlHash": "42cec9bd0ef8d999661ba39333425da2",
  "download": "https://api.apify.com/v2/key-value-stores/fL7zGTXM50m485hvg/records/42cec9bd0ef8d999661ba39333425da2.zip"
},
{
  "url": "https://www.bing.com/images/create/portrait-photo-of-a-female-cat-dressed-in-modern-i/1-65812b32b7774887a055a52c805337b7?id=GxaxkQNmQzWa97b0KSWCFg%3d%3d&view=detailv2&idpp=genimg&idpbck=1&form=BICREC",
  "urlHash": "eb2e159dd057080b47f5c1a0035bc48c",
  "download": "https://api.apify.com/v2/key-value-stores/fL7zGTXM50m485hvg/records/eb2e159dd057080b47f5c1a0035bc48c.zip"
},
{
  "url": "https://www.bing.com/images/create/portrait-photo-of-a-female-cat-dressed-in-modern-i/1-65812b32b7774887a055a52c805337b7?id=xs56szF5VDa6EKdvuZLoWQ%3d%3d&view=detailv2&idpp=genimg&idpbck=1&form=BICREC",
  "urlHash": "3aac68fc778d2fa3389bc34fd2fe91fe",
  "download": "https://api.apify.com/v2/key-value-stores/fL7zGTXM50m485hvg/records/3aac68fc778d2fa3389bc34fd2fe91fe.zip"
},
{
  "url": "https://www.bing.com/images/create/portrait-photo-of-a-female-cat-dressed-in-modern-i/1-65812b32b7774887a055a52c805337b7?id=YwnL0k4DDhp5rDBKMYtmgA%3d%3d&view=detailv2&idpp=genimg&idpbck=1&form=BICREC",
  "urlHash": "13bd897a4a5ccf457c5dd20d5854c541",
  "download": "https://api.apify.com/v2/key-value-stores/fL7zGTXM50m485hvg/records/13bd897a4a5ccf457c5dd20d5854c541.zip"
},
{
  "url": "https://www.bing.com/images/create/portrait-photo-of-a-female-cat-dressed-in-modern-i/1-65812b32b7774887a055a52c805337b7?id=GalSfs4eo9WBxfNXwr6vZg%3d%3d&view=detailv2&idpp=genimg&idpbck=1&form=BICREC",
  "urlHash": "7fee65871c54f490bb9ad87d2c6d479c",
  "download": "https://api.apify.com/v2/key-value-stores/fL7zGTXM50m485hvg/records/7fee65871c54f490bb9ad87d2c6d479c.zip"
},
{
  "url": "https://www.bing.com/images/create/portrait-photo-of-a-female-cat-dressed-in-modern-i/1-65812b600ead4eba8909c4dea156d69e?id=%2fp%2b85PBIaVB81ax0nh641Q%3d%3d&view=detailv2&idpp=genimg&idpbck=1&form=BICREC",
  "urlHash": "a04c77248d9b8045b29d6ce7d02a73cd",
  "download": "https://api.apify.com/v2/key-value-stores/fL7zGTXM50m485hvg/records/a04c77248d9b8045b29d6ce7d02a73cd.zip"
},
{
  "url": "https://www.bing.com/images/create/portrait-photo-of-a-female-dog-dressed-in-modern-i/1-657d2c975f6e4a51972db3dc1a7ce462?id=3%2bPS725bC5Nm61Hf0IW1nA%3d%3d&view=detailv2&idpp=genimg&idpbck=1&form=BICREC",
  "urlHash": "1514694fb9f373f901624c2370a89746",
  "download": "https://api.apify.com/v2/key-value-stores/fL7zGTXM50m485hvg/records/1514694fb9f373f901624c2370a89746.zip"
},
{
  "url": "https://www.bing.com/images/create/portrait-photo-of-a-female-dog-dressed-in-modern-i/1-657d2c975f6e4a51972db3dc1a7ce462?id=oB0EoewYrNZeRx9htZ0XDw%3d%3d&view=detailv2&idpp=genimg&idpbck=1&form=BICREC",
  "urlHash": "27953e26db12e68827bf5c5eecb4296c",
  "download": "https://api.apify.com/v2/key-value-stores/fL7zGTXM50m485hvg/records/27953e26db12e68827bf5c5eecb4296c.zip"
},
{
  "url": "https://www.bing.com/images/create/portrait-photo-of-a-female-dog-dressed-in-modern-i/1-657d2c975f6e4a51972db3dc1a7ce462?id=9IIYY3ONFYOSqEEs8Vr5Ng%3d%3d&view=detailv2&idpp=genimg&idpbck=1&form=BICREC",
  "urlHash": "0d6c63147e6eb1caf34ce8defe0e0298",
  "download": "https://api.apify.com/v2/key-value-stores/fL7zGTXM50m485hvg/records/0d6c63147e6eb1caf34ce8defe0e0298.zip"
},
{
  "url": "https://www.bing.com/images/create/portrait-photo-of-a-female-dog-dressed-in-modern-i/1-657d2c975f6e4a51972db3dc1a7ce462?id=5YqGICmDysGFwl7otAN2Jw%3d%3d&view=detailv2&idpp=genimg&idpbck=1&form=BICREC",
  "urlHash": "91aeeb85d306c60712395979ac5c2bb9",
  "download": "https://api.apify.com/v2/key-value-stores/fL7zGTXM50m485hvg/records/91aeeb85d306c60712395979ac5c2bb9.zip"
},
{
  "url": "https://www.bing.com/images/create/portrait-photo-of-a-female-dog-dressed-in-modern-i/1-657d2c6b227e44a59212c091efd8e342?id=R0qeWic4dpOFTleg1HfGeQ%3d%3d&view=detailv2&idpp=genimg&idpbck=1&form=BICREC",
  "urlHash": "d9b41f4d40ba71e5e66df047fc489169",
  "download": "https://api.apify.com/v2/key-value-stores/fL7zGTXM50m485hvg/records/d9b41f4d40ba71e5e66df047fc489169.zip"
},
{
  "url": "https://www.bing.com/images/create/portrait-photo-of-a-female-dog-dressed-in-modern-i/1-657d2c975f6e4a51972db3dc1a7ce462?id=oB0EoewYrNZeRx9htZ0XDw%3d%3d&view=detailv2&idpp=genimg&idpbck=1&form=BICREC",
  "urlHash": "27953e26db12e68827bf5c5eecb4296c",
  "download": "https://api.apify.com/v2/key-value-stores/fL7zGTXM50m485hvg/records/27953e26db12e68827bf5c5eecb4296c.zip"
},
{
  "url": "https://www.bing.com/images/create/portrait-photo-of-a-female-dog-dressed-in-modern-i/1-657d2c6b227e44a59212c091efd8e342?id=tyJTMQHUbLgncvM5NVxNBQ%3d%3d&view=detailv2&idpp=genimg&idpbck=1&form=BICREC",
  "urlHash": "fc8870d185b8f641133a17e403061eb7",
  "download": "https://api.apify.com/v2/key-value-stores/fL7zGTXM50m485hvg/records/fc8870d185b8f641133a17e403061eb7.zip"
},
{
  "url": "https://www.bing.com/images/create/portrait-photo-of-a-female-dog-dressed-in-modern-i/1-657d2c6b227e44a59212c091efd8e342?id=IU4%2bLJJtmp9sgfX7blu5fg%3d%3d&view=detailv2&idpp=genimg&idpbck=1&form=BICREC",
  "urlHash": "9fb9212a0870d8af4f685ab7ff223acc",
  "download": "https://api.apify.com/v2/key-value-stores/fL7zGTXM50m485hvg/records/9fb9212a0870d8af4f685ab7ff223acc.zip"
},
{
  "url": "https://www.bing.com/images/create/portrait-photo-of-a-female-dog-dressed-in-modern-i/1-657d2c6b227e44a59212c091efd8e342?id=bw7SqOXZNmkOPKWmf9Zgcg%3d%3d&view=detailv2&idpp=genimg&idpbck=1&form=BICREC",
  "urlHash": "ffb6a9f811a4d1227245747bb065accc",
  "download": "https://api.apify.com/v2/key-value-stores/fL7zGTXM50m485hvg/records/ffb6a9f811a4d1227245747bb065accc.zip"
},
{
  "url": "https://www.bing.com/images/create/portrait-photo-of-a-female-dog-dressed-in-modern-i/1-657d2c50918a476ca911c69a08b7126d?id=u4p0sjPdBdJzRq2uNghgIA%3d%3d&view=detailv2&idpp=genimg&idpbck=1&form=BICREC",
  "urlHash": "cba0253decdf2176850600711b478cdf",
  "download": "https://api.apify.com/v2/key-value-stores/fL7zGTXM50m485hvg/records/cba0253decdf2176850600711b478cdf.zip"
},
{
  "url": "https://www.bing.com/images/create/portrait-photo-of-a-female-dog-dressed-in-modern-i/1-657d2c50918a476ca911c69a08b7126d?id=87xip2Zz2UH%2f3kKv4X7MCg%3d%3d&view=detailv2&idpp=genimg&idpbck=1&form=BICREC",
  "urlHash": "bdcfba891a067e034fdebce32ff2bf90",
  "download": "https://api.apify.com/v2/key-value-stores/fL7zGTXM50m485hvg/records/bdcfba891a067e034fdebce32ff2bf90.zip"
},
{
  "url": "https://www.bing.com/images/create/portrait-photo-of-a-female-dog-dressed-in-modern-i/1-657d2c50918a476ca911c69a08b7126d?id=%2bQHsTxEE66Gh5su9FNSDVQ%3d%3d&view=detailv2&idpp=genimg&idpbck=1&form=BICREC",
  "urlHash": "1d01663cfc2f240cc3039f01da56d3fc",
  "download": "https://api.apify.com/v2/key-value-stores/fL7zGTXM50m485hvg/records/1d01663cfc2f240cc3039f01da56d3fc.zip"
},
{
  "url": "https://www.bing.com/images/create/portrait-photo-of-a-female-dog-dressed-in-modern-i/1-657d2c50918a476ca911c69a08b7126d?id=2Z0%2fwyfSOWRqouspCDq2cQ%3d%3d&view=detailv2&idpp=genimg&idpbck=1&form=BICREC",
  "urlHash": "24cb4381a2718fa702d269c160ab6eb1",
  "download": "https://api.apify.com/v2/key-value-stores/fL7zGTXM50m485hvg/records/24cb4381a2718fa702d269c160ab6eb1.zip"
},
{
  "url": "https://www.bing.com/images/create/portrait-photo-of-a-female-dog-dressed-in-modern-i/1-657d2c1fc6574289bab954c30c732d62?id=D7W%2f%2bg0F3iBECsTN%2b5Jn3Q%3d%3d&view=detailv2&idpp=genimg&idpbck=1&form=BICREC",
  "urlHash": "71c1452621d72b35c34090e363b808c3",
  "download": "https://api.apify.com/v2/key-value-stores/fL7zGTXM50m485hvg/records/71c1452621d72b35c34090e363b808c3.zip"
},
{
  "url": "https://www.bing.com/images/create/portrait-photo-of-a-female-dog-dressed-in-modern-i/1-657d2c1fc6574289bab954c30c732d62?id=LXaDRmT%2fP3fql8h8gQYRWQ%3d%3d&view=detailv2&idpp=genimg&idpbck=1&form=BICREC",
  "urlHash": "5f84d1108a41ecdab5e244e7d54506b1",
  "download": "https://api.apify.com/v2/key-value-stores/fL7zGTXM50m485hvg/records/5f84d1108a41ecdab5e244e7d54506b1.zip"
},
{
  "url": "https://www.bing.com/images/create/portrait-photo-of-a-female-dog-dressed-in-modern-i/1-657d2c1fc6574289bab954c30c732d62?id=S%2f2CL8JYj8uSiTtXr9GnrA%3d%3d&view=detailv2&idpp=genimg&idpbck=1&form=BICREC",
  "urlHash": "2f81ccb2777a3f1273b9cb40e77dd81a",
  "download": "https://api.apify.com/v2/key-value-stores/fL7zGTXM50m485hvg/records/2f81ccb2777a3f1273b9cb40e77dd81a.zip"
},
{
  "url": "https://www.bing.com/images/create/portrait-photo-of-a-female-dog-dressed-in-modern-i/1-657d2c1fc6574289bab954c30c732d62?id=xPNGEDEfq1o19CvBUp8ShQ%3d%3d&view=detailv2&idpp=genimg&idpbck=1&form=BICREC",
  "urlHash": "1026fa24667bebd93e7c788f077e92b2",
  "download": "https://api.apify.com/v2/key-value-stores/fL7zGTXM50m485hvg/records/1026fa24667bebd93e7c788f077e92b2.zip"
},
{
  "url": "https://www.bing.com/images/create/portrait-photo-of-a-female-dog-dressed-in-modern-i/1-657d2dc889e74d35b9541e46dc3fc477?id=8W5Z%2fQRwURkqQc%2fbYnCwPQ%3d%3d&view=detailv2&idpp=genimg&idpbck=1&form=BICREC",
  "urlHash": "589e31d1902ecee78f5f81db2c664647",
  "download": "https://api.apify.com/v2/key-value-stores/fL7zGTXM50m485hvg/records/589e31d1902ecee78f5f81db2c664647.zip"
},
{
  "url": "https://www.bing.com/images/create/portrait-photo-of-a-female-dog-dressed-in-modern-i/1-657d2dc889e74d35b9541e46dc3fc477?id=dbKZOAxrV%2fdfPBMD4L9KMw%3d%3d&view=detailv2&idpp=genimg&idpbck=1&form=BICREC",
  "urlHash": "ea663513fd6bb916548465d29b20a0f0",
  "download": "https://api.apify.com/v2/key-value-stores/fL7zGTXM50m485hvg/records/ea663513fd6bb916548465d29b20a0f0.zip"
},
{
  "url": "https://www.bing.com/images/create/portrait-photo-of-a-female-dog-dressed-in-modern-i/1-657d2dc889e74d35b9541e46dc3fc477?id=UAFbRcbWvx0JNYABJ%2freQg%3d%3d&view=detailv2&idpp=genimg&idpbck=1&form=BICREC",
  "urlHash": "9677d99b5547944f942d2bbf3ad0dfc8",
  "download": "https://api.apify.com/v2/key-value-stores/fL7zGTXM50m485hvg/records/9677d99b5547944f942d2bbf3ad0dfc8.zip"
},
{
  "url": "https://www.bing.com/images/create/portrait-photo-of-a-female-dog-dressed-in-modern-i/1-657d2dc889e74d35b9541e46dc3fc477?id=vfT%2fCKUzIRlx2NTjBsCDdg%3d%3d&view=detailv2&idpp=genimg&idpbck=1&form=BICREC",
  "urlHash": "a318d1f4483186885ba2c1e88178ab08",
  "download": "https://api.apify.com/v2/key-value-stores/fL7zGTXM50m485hvg/records/a318d1f4483186885ba2c1e88178ab08.zip"
},
{
  "url": "https://www.bing.com/images/create/portrait-photo-of-a-female-dog-dressed-in-modern-i/1-657d2dae6088457da113a085e880895b?id=9%2bGb4tTXCAb%2b%2fMoqGwKewA%3d%3d&view=detailv2&idpp=genimg&idpbck=1&form=BICREC",
  "urlHash": "ab75a33fe979bb8b412bc5702fd7956e",
  "download": "https://api.apify.com/v2/key-value-stores/fL7zGTXM50m485hvg/records/ab75a33fe979bb8b412bc5702fd7956e.zip"
},
{
  "url": "https://www.bing.com/images/create/portrait-photo-of-a-female-dog-dressed-in-modern-i/1-657d2dae6088457da113a085e880895b?id=rdyFrMSqtiVIbZv%2bEdGa7A%3d%3d&view=detailv2&idpp=genimg&idpbck=1&form=BICREC",
  "urlHash": "3babd6a97fdd471591e14af7fa076e43",
  "download": "https://api.apify.com/v2/key-value-stores/fL7zGTXM50m485hvg/records/3babd6a97fdd471591e14af7fa076e43.zip"
},
{
  "url": "https://www.bing.com/images/create/portrait-photo-of-a-female-dog-dressed-in-modern-i/1-657d2dae6088457da113a085e880895b?id=0CXqOruE7Stn3yJhvQ3xRw%3d%3d&view=detailv2&idpp=genimg&idpbck=1&form=BICREC",
  "urlHash": "a18197ec0b67ecb35bb835e76fdebbd2",
  "download": "https://api.apify.com/v2/key-value-stores/fL7zGTXM50m485hvg/records/a18197ec0b67ecb35bb835e76fdebbd2.zip"
},
{
  "url": "https://www.bing.com/images/create/portrait-photo-of-a-female-dog-dressed-in-modern-i/1-657d2dae6088457da113a085e880895b?id=oESd1z1ZAYLzc8Pw%2fzeEAA%3d%3d&view=detailv2&idpp=genimg&idpbck=1&form=BICREC",
  "urlHash": "be09e97b38412018e04fa4dfdd081b93",
  "download": "https://api.apify.com/v2/key-value-stores/fL7zGTXM50m485hvg/records/be09e97b38412018e04fa4dfdd081b93.zip"
},
{
  "url": "https://www.bing.com/images/create/portrait-photo-of-a-female-dog-dressed-in-modern-i/1-657d2d947e02420798de2bf56bcbb4f1?id=Gahnx4AQ5ULFED0GnQHuYw%3d%3d&view=detailv2&idpp=genimg&idpbck=1&form=BICREC",
  "urlHash": "ae24c2a052f5949690f3097c768fa4da",
  "download": "https://api.apify.com/v2/key-value-stores/fL7zGTXM50m485hvg/records/ae24c2a052f5949690f3097c768fa4da.zip"
},
{
  "url": "https://www.bing.com/images/create/portrait-photo-of-a-female-dog-dressed-in-modern-i/1-657d2d947e02420798de2bf56bcbb4f1?id=TnsXOphL7DQyE4YLlSlABg%3d%3d&view=detailv2&idpp=genimg&idpbck=1&form=BICREC",
  "urlHash": "c0858ce9c5755bce5d13c4768eafcf46",
  "download": "https://api.apify.com/v2/key-value-stores/fL7zGTXM50m485hvg/records/c0858ce9c5755bce5d13c4768eafcf46.zip"
},
{
  "url": "https://www.bing.com/images/create/portrait-photo-of-a-female-dog-dressed-in-modern-i/1-657d2d947e02420798de2bf56bcbb4f1?id=7Lc9vNNWAWxuPDradmKVNQ%3d%3d&view=detailv2&idpp=genimg&idpbck=1&form=BICREC",
  "urlHash": "9ef101035b4e487308b2ea315b3748dc",
  "download": "https://api.apify.com/v2/key-value-stores/fL7zGTXM50m485hvg/records/9ef101035b4e487308b2ea315b3748dc.zip"
},
{
  "url": "https://www.bing.com/images/create/portrait-photo-of-a-female-dog-dressed-in-modern-i/1-657d2d947e02420798de2bf56bcbb4f1?id=c7OE%2fCYAJNBDKUEljN9iPA%3d%3d&view=detailv2&idpp=genimg&idpbck=1&form=BICREC",
  "urlHash": "f5a647421cba8b4a431e849b1f311015",
  "download": "https://api.apify.com/v2/key-value-stores/fL7zGTXM50m485hvg/records/f5a647421cba8b4a431e849b1f311015.zip"
},
{
  "url": "https://www.bing.com/images/create/portrait-photo-of-a-female-dog-dressed-in-modern-i/1-657d2d6b87f646478175a9ae89216aca?id=Yooh9xnt6F4NBuW67jz0kA%3d%3d&view=detailv2&idpp=genimg&idpbck=1&form=BICREC",
  "urlHash": "0b001989ec6f3c043a8d7f89c06cea2f",
  "download": "https://api.apify.com/v2/key-value-stores/fL7zGTXM50m485hvg/records/0b001989ec6f3c043a8d7f89c06cea2f.zip"
},
{
  "url": "https://www.bing.com/images/create/portrait-photo-of-a-female-dog-dressed-in-modern-i/1-657d2d6b87f646478175a9ae89216aca?id=2k2WQ3ogQnjtWYciiQLQ8Q%3d%3d&view=detailv2&idpp=genimg&idpbck=1&form=BICREC",
  "urlHash": "3a585ae0be53fb779d08424d2bba7bad",
  "download": "https://api.apify.com/v2/key-value-stores/fL7zGTXM50m485hvg/records/3a585ae0be53fb779d08424d2bba7bad.zip"
},
{
  "url": "https://www.bing.com/images/create/portrait-photo-of-a-female-dog-dressed-in-modern-i/1-657d2d6b87f646478175a9ae89216aca?id=ZMxf6LxeZTnq6G17AoB6Nw%3d%3d&view=detailv2&idpp=genimg&idpbck=1&form=BICREC",
  "urlHash": "a758713ca02208ae75f7ae234df36bc9",
  "download": "https://api.apify.com/v2/key-value-stores/fL7zGTXM50m485hvg/records/a758713ca02208ae75f7ae234df36bc9.zip"
},
{
  "url": "https://www.bing.com/images/create/portrait-photo-of-a-female-dog-dressed-in-modern-i/1-657d2d6b87f646478175a9ae89216aca?id=OMJt4ytRpRL5iwjAjOcubg%3d%3d&view=detailv2&idpp=genimg&idpbck=1&form=BICREC",
  "urlHash": "ba00d95dac6c47476d9859d6a12a0b7c",
  "download": "https://api.apify.com/v2/key-value-stores/fL7zGTXM50m485hvg/records/ba00d95dac6c47476d9859d6a12a0b7c.zip"
},
{
  "url": "https://www.bing.com/images/create/portrait-photo-of-a-female-dog-dressed-in-modern-i/1-657d2f18d350484d96f8d82c51e07cb7?id=i5bjN0mpjCNy5VtviJIXbw%3d%3d&view=detailv2&idpp=genimg&idpbck=1&form=BICREC",
  "urlHash": "01779342be5e780588201378b0e71625",
  "download": "https://api.apify.com/v2/key-value-stores/fL7zGTXM50m485hvg/records/01779342be5e780588201378b0e71625.zip"
},
{
  "url": "https://www.bing.com/images/create/portrait-photo-of-a-female-dog-dressed-in-modern-i/1-657d2f18d350484d96f8d82c51e07cb7?id=2VJ6tem2LrhlzaKG1%2fBTxA%3d%3d&view=detailv2&idpp=genimg&idpbck=1&form=BICREC",
  "urlHash": "3c0ddecf9f0db5a9b874b78234832000",
  "download": "https://api.apify.com/v2/key-value-stores/fL7zGTXM50m485hvg/records/3c0ddecf9f0db5a9b874b78234832000.zip"
},
{
  "url": "https://www.bing.com/images/create/portrait-photo-of-a-female-dog-dressed-in-modern-i/1-657d2f18d350484d96f8d82c51e07cb7?id=GNU9Xuxt7mcanuuOACF%2flw%3d%3d&view=detailv2&idpp=genimg&idpbck=1&form=BICREC",
  "urlHash": "99e0c8431c08c75d0e9fea8cfe08afc2",
  "download": "https://api.apify.com/v2/key-value-stores/fL7zGTXM50m485hvg/records/99e0c8431c08c75d0e9fea8cfe08afc2.zip"
},
{
  "url": "https://www.bing.com/images/create/portrait-photo-of-a-female-dog-dressed-in-modern-i/1-657d2f18d350484d96f8d82c51e07cb7?id=qkkn8yYq8mRbXN29CUqZrA%3d%3d&view=detailv2&idpp=genimg&idpbck=1&form=BICREC",
  "urlHash": "42576d555cd72101636e0cfd2924cf47",
  "download": "https://api.apify.com/v2/key-value-stores/fL7zGTXM50m485hvg/records/42576d555cd72101636e0cfd2924cf47.zip"
},
{
  "url": "https://www.bing.com/images/create/portrait-photo-of-a-female-dog-dressed-in-modern-i/1-657d2efd1ade4e7694785cff5c1895ab?id=0081NzHFHS0RRux5D86BjQ%3d%3d&view=detailv2&idpp=genimg&idpbck=1&form=BICREC",
  "urlHash": "4ab04ea28bfeb4c4aef088e26717cbd1",
  "download": "https://api.apify.com/v2/key-value-stores/fL7zGTXM50m485hvg/records/4ab04ea28bfeb4c4aef088e26717cbd1.zip"
},
{
  "url": "https://www.bing.com/images/create/portrait-photo-of-a-female-dog-dressed-in-modern-i/1-657d2efd1ade4e7694785cff5c1895ab?id=yRuAsnihTWwmEa8kd8CoHQ%3d%3d&view=detailv2&idpp=genimg&idpbck=1&form=BICREC",
  "urlHash": "7e5c0253bc8c14dc8cf406b001c60aa1",
  "download": "https://api.apify.com/v2/key-value-stores/fL7zGTXM50m485hvg/records/7e5c0253bc8c14dc8cf406b001c60aa1.zip"
},
{
  "url": "https://www.bing.com/images/create/portrait-photo-of-a-female-dog-dressed-in-modern-i/1-657d2ee3e38a48ffbf155b9e20291584?id=POmJkcT6npwAvQo0CCnPNg%3d%3d&view=detailv2&idpp=genimg&idpbck=1&form=BICREC",
  "urlHash": "af33ca59a1e238de1483d23cb3a7bf4b",
  "download": "https://api.apify.com/v2/key-value-stores/fL7zGTXM50m485hvg/records/af33ca59a1e238de1483d23cb3a7bf4b.zip"
},
{
  "url": "https://www.bing.com/images/create/portrait-photo-of-a-female-dog-dressed-in-modern-i/1-657d2ee3e38a48ffbf155b9e20291584?id=Wcx4Uqr2OiucFxFx6URyuw%3d%3d&view=detailv2&idpp=genimg&idpbck=1&form=BICREC",
  "urlHash": "d127245a38405f2ea4b585432f546549",
  "download": "https://api.apify.com/v2/key-value-stores/fL7zGTXM50m485hvg/records/d127245a38405f2ea4b585432f546549.zip"
},
{
  "url": "https://www.bing.com/images/create/portrait-photo-of-a-female-dog-dressed-in-modern-i/1-657d2ee3e38a48ffbf155b9e20291584?id=qax1B3iE84mjJjyT9J4h%2fA%3d%3d&view=detailv2&idpp=genimg&idpbck=1&form=BICREC",
  "urlHash": "a44bc4b570a3f7e74e354b237f0999af",
  "download": "https://api.apify.com/v2/key-value-stores/fL7zGTXM50m485hvg/records/a44bc4b570a3f7e74e354b237f0999af.zip"
},
{
  "url": "https://www.bing.com/images/create/portrait-photo-of-a-female-dog-dressed-in-modern-i/1-657d2efd1ade4e7694785cff5c1895ab?id=BG3nmDXbIiP2JiI0tauxeA%3d%3d&view=detailv2&idpp=genimg&idpbck=1&form=BICREC",
  "urlHash": "2256dc0aec36810a223530ee0d8e7042",
  "download": "https://api.apify.com/v2/key-value-stores/fL7zGTXM50m485hvg/records/2256dc0aec36810a223530ee0d8e7042.zip"
},
{
  "url": "https://www.bing.com/images/create/portrait-photo-of-a-female-dog-dressed-in-modern-i/1-657d2efd1ade4e7694785cff5c1895ab?id=NcHc%2ffQnDoWDn0acB%2bWOMw%3d%3d&view=detailv2&idpp=genimg&idpbck=1&form=BICREC",
  "urlHash": "3bc39fb39cb9f0fa4276a21344abb435",
  "download": "https://api.apify.com/v2/key-value-stores/fL7zGTXM50m485hvg/records/3bc39fb39cb9f0fa4276a21344abb435.zip"
},
{
  "url": "https://www.bing.com/images/create/portrait-photo-of-a-female-dog-dressed-in-modern-i/1-657d2ee3e38a48ffbf155b9e20291584?id=wYARkFF2zEGO2L8vM%2fvEYQ%3d%3d&view=detailv2&idpp=genimg&idpbck=1&form=BICREC",
  "urlHash": "1497ab26e4732c4642be9ce63a1d16af",
  "download": "https://api.apify.com/v2/key-value-stores/fL7zGTXM50m485hvg/records/1497ab26e4732c4642be9ce63a1d16af.zip"
},
{
  "url": "https://www.bing.com/images/create/portrait-photo-of-a-female-dog-dressed-in-modern-i/1-657d2ebf452e4a3b9e8cc49fd04e690d?id=HFs66yHFeOBauF7wgkYHxg%3d%3d&view=detailv2&idpp=genimg&idpbck=1&form=BICREC",
  "urlHash": "ac9fc2aaf0da109b04c0d0ae178b5da2",
  "download": "https://api.apify.com/v2/key-value-stores/fL7zGTXM50m485hvg/records/ac9fc2aaf0da109b04c0d0ae178b5da2.zip"
},
{
  "url": "https://www.bing.com/images/create/portrait-photo-of-a-female-dog-dressed-in-modern-i/1-657d2ebf452e4a3b9e8cc49fd04e690d?id=LEbfy0YxJxsUNuhi52pPzg%3d%3d&view=detailv2&idpp=genimg&idpbck=1&form=BICREC",
  "urlHash": "3a37b22b522d0337af407a1ea5ff2c2c",
  "download": "https://api.apify.com/v2/key-value-stores/fL7zGTXM50m485hvg/records/3a37b22b522d0337af407a1ea5ff2c2c.zip"
},
{
  "url": "https://www.bing.com/images/create/portrait-photo-of-a-female-dog-dressed-in-modern-i/1-657d2ebf452e4a3b9e8cc49fd04e690d?id=iPASQ6yHLKwMPy4wDnWhXA%3d%3d&view=detailv2&idpp=genimg&idpbck=1&form=BICREC",
  "urlHash": "b165c675270575a39ff49d5b99dd1640",
  "download": "https://api.apify.com/v2/key-value-stores/fL7zGTXM50m485hvg/records/b165c675270575a39ff49d5b99dd1640.zip"
},
{
  "url": "https://www.bing.com/images/create/portrait-photo-of-a-female-dog-dressed-in-modern-i/1-657d2ebf452e4a3b9e8cc49fd04e690d?id=fgP%2bNDwODCPIpa7xSm%2bhbQ%3d%3d&view=detailv2&idpp=genimg&idpbck=1&form=BICREC",
  "urlHash": "a18366fd73dc93429b9d46b1464a8fe9",
  "download": "https://api.apify.com/v2/key-value-stores/fL7zGTXM50m485hvg/records/a18366fd73dc93429b9d46b1464a8fe9.zip"
},
{
  "url": "https://www.bing.com/images/create/portrait-photo-of-a-female-dog-dressed-in-modern-i/1-657d2bf1554643b7b84313fb0e19bcf2?id=S69Xi4D1EfpbHrsry3BPGA%3d%3d&view=detailv2&idpp=genimg&idpbck=1&form=BICREC",
  "urlHash": "a7f74860ec23e2fe6c09588c7c147b60",
  "download": "https://api.apify.com/v2/key-value-stores/fL7zGTXM50m485hvg/records/a7f74860ec23e2fe6c09588c7c147b60.zip"
},
{
  "url": "https://www.bing.com/images/create/portrait-photo-of-a-female-dog-dressed-in-modern-i/1-657d2bf1554643b7b84313fb0e19bcf2?id=jaIvxFAHgmvZvRbCzUKAEA%3d%3d&view=detailv2&idpp=genimg&idpbck=1&form=BICREC",
  "urlHash": "e8f65ecded52dd63141c513a3fb6fa65",
  "download": "https://api.apify.com/v2/key-value-stores/fL7zGTXM50m485hvg/records/e8f65ecded52dd63141c513a3fb6fa65.zip"
},
{
  "url": "https://www.bing.com/images/create/portrait-photo-of-a-female-dog-dressed-in-modern-i/1-657d2bf1554643b7b84313fb0e19bcf2?id=vcz0TP5ogOWjqsCo%2bh4jlw%3d%3d&view=detailv2&idpp=genimg&idpbck=1&form=BICREC",
  "urlHash": "c19425602117d9f28e1a194635171646",
  "download": "https://api.apify.com/v2/key-value-stores/fL7zGTXM50m485hvg/records/c19425602117d9f28e1a194635171646.zip"
},
{
  "url": "https://www.bing.com/images/create/portrait-photo-of-a-female-dog-dressed-in-modern-i/1-657d2bf1554643b7b84313fb0e19bcf2?id=DAD6M8AAUJ7iW%2bcb1ZtF%2fg%3d%3d&view=detailv2&idpp=genimg&idpbck=1&form=BICREC",
  "urlHash": "39575c424cc6de5c64fa133178d2e3b1",
  "download": "https://api.apify.com/v2/key-value-stores/fL7zGTXM50m485hvg/records/39575c424cc6de5c64fa133178d2e3b1.zip"
},
{
  "url": "https://www.bing.com/images/create/portrait-photo-of-a-female-dog-dressed-in-modern-i/1-657d2bd37ea34ccba17d0cd873dc3278?id=Wwy6wRvNZG9IVurT%2fvvWnQ%3d%3d&view=detailv2&idpp=genimg&idpbck=1&form=BICREC",
  "urlHash": "112f7f3fc1e6b88862e19fa585ab649e",
  "download": "https://api.apify.com/v2/key-value-stores/fL7zGTXM50m485hvg/records/112f7f3fc1e6b88862e19fa585ab649e.zip"
},
{
  "url": "https://www.bing.com/images/create/portrait-photo-of-a-female-dog-dressed-in-modern-i/1-657d2bd37ea34ccba17d0cd873dc3278?id=i7Cz%2biMOvUQW9bapUl%2bggw%3d%3d&view=detailv2&idpp=genimg&idpbck=1&form=BICREC",
  "urlHash": "a4fda00685d723f42a170616fbc4cb3e",
  "download": "https://api.apify.com/v2/key-value-stores/fL7zGTXM50m485hvg/records/a4fda00685d723f42a170616fbc4cb3e.zip"
},
{
  "url": "https://www.bing.com/images/create/portrait-photo-of-a-female-dog-dressed-in-modern-i/1-657d2bd37ea34ccba17d0cd873dc3278?id=GTihd4AFLOQXQlZhUO3ArQ%3d%3d&view=detailv2&idpp=genimg&idpbck=1&form=BICREC",
  "urlHash": "1112bc43c43fac09cc25839d9be50f55",
  "download": "https://api.apify.com/v2/key-value-stores/fL7zGTXM50m485hvg/records/1112bc43c43fac09cc25839d9be50f55.zip"
},
{
  "url": "https://www.bing.com/images/create/portrait-photo-of-a-female-dog-dressed-in-modern-i/1-657d2bd37ea34ccba17d0cd873dc3278?id=NHr2IYSOx01AMmRw7iym%2fg%3d%3d&view=detailv2&idpp=genimg&idpbck=1&form=BICREC",
  "urlHash": "ed17c9bfc735556223c6c9369f06c594",
  "download": "https://api.apify.com/v2/key-value-stores/fL7zGTXM50m485hvg/records/ed17c9bfc735556223c6c9369f06c594.zip"
},
{
  "url": "https://www.bing.com/images/create/portrait-photo-of-a-female-dog-dressed-in-modern-i/1-657d2bb3eeee4c4a9715246f5eb7f204?id=5TyrhMVWDsNAK4vkNMp%2bGg%3d%3d&view=detailv2&idpp=genimg&idpbck=1&form=BICREC",
  "urlHash": "bfd2e1ef7ee3f8c9d1b5e1291eecf529",
  "download": "https://api.apify.com/v2/key-value-stores/fL7zGTXM50m485hvg/records/bfd2e1ef7ee3f8c9d1b5e1291eecf529.zip"
},
{
  "url": "https://www.bing.com/images/create/portrait-photo-of-a-female-dog-dressed-in-modern-i/1-657d2bb3eeee4c4a9715246f5eb7f204?id=ovA%2bY0o9UJC1gNLu0Rv5%2fg%3d%3d&view=detailv2&idpp=genimg&idpbck=1&form=BICREC",
  "urlHash": "b3724a8934e1aec92a11524180a9e75d",
  "download": "https://api.apify.com/v2/key-value-stores/fL7zGTXM50m485hvg/records/b3724a8934e1aec92a11524180a9e75d.zip"
},
{
  "url": "https://www.bing.com/images/create/portrait-photo-of-a-female-dog-dressed-in-modern-i/1-657d2bb3eeee4c4a9715246f5eb7f204?id=nT8wJ8dwG%2fzS4j3asETVVA%3d%3d&view=detailv2&idpp=genimg&idpbck=1&form=BICREC",
  "urlHash": "14eb68584130db155819d5ab8518c1d1",
  "download": "https://api.apify.com/v2/key-value-stores/fL7zGTXM50m485hvg/records/14eb68584130db155819d5ab8518c1d1.zip"
},
{
  "url": "https://www.bing.com/images/create/portrait-photo-of-a-female-dog-dressed-in-modern-i/1-657d2bb3eeee4c4a9715246f5eb7f204?id=fadOHMQdD4GKjCZyb0aG0g%3d%3d&view=detailv2&idpp=genimg&idpbck=1&form=BICREC",
  "urlHash": "a792dda8bb67cf9c97fb75bcd59d667f",
  "download": "https://api.apify.com/v2/key-value-stores/fL7zGTXM50m485hvg/records/a792dda8bb67cf9c97fb75bcd59d667f.zip"
},
{
  "url": "https://www.bing.com/images/create/portrait-photo-of-a-female-dog-dressed-in-modern-i/1-657d2b92e8924f0d9296d2db8f59956d?id=2lkKQ5%2fhhwAIoa1DYj11Hg%3d%3d&view=detailv2&idpp=genimg&idpbck=1&form=BICREC",
  "urlHash": "a6135124889d414e2b9beeef1da308dd",
  "download": "https://api.apify.com/v2/key-value-stores/fL7zGTXM50m485hvg/records/a6135124889d414e2b9beeef1da308dd.zip"
},
{
  "url": "https://www.bing.com/images/create/portrait-photo-of-a-female-dog-dressed-in-modern-i/1-657d2b92e8924f0d9296d2db8f59956d?id=R1DJ3IodcFG4v4reFk2vwg%3d%3d&view=detailv2&idpp=genimg&idpbck=1&form=BICREC",
  "urlHash": "fa29323018936f5ef3b0b2565a11246f",
  "download": "https://api.apify.com/v2/key-value-stores/fL7zGTXM50m485hvg/records/fa29323018936f5ef3b0b2565a11246f.zip"
},
{
  "url": "https://www.bing.com/images/create/portrait-photo-of-a-female-dog-dressed-in-modern-i/1-657d2b92e8924f0d9296d2db8f59956d?id=LYSLvhvcvW4th9Jv12Ugvw%3d%3d&view=detailv2&idpp=genimg&idpbck=1&form=BICREC",
  "urlHash": "c6b9993d34bcdae4cd133b54dfc5d426",
  "download": "https://api.apify.com/v2/key-value-stores/fL7zGTXM50m485hvg/records/c6b9993d34bcdae4cd133b54dfc5d426.zip"
},
{
  "url": "https://www.bing.com/images/create/portrait-photo-of-a-female-dog-dressed-in-modern-i/1-657d2b6ed0d9422baae4f1a0c292e54d?id=L9FjPujrOLCUbq2wNLqOlA%3d%3d&view=detailv2&idpp=genimg&idpbck=1&form=BICREC",
  "urlHash": "6f8db4744d84ef771fbc3fd3dfb0e8b6",
  "download": "https://api.apify.com/v2/key-value-stores/fL7zGTXM50m485hvg/records/6f8db4744d84ef771fbc3fd3dfb0e8b6.zip"
},
{
  "url": "https://www.bing.com/images/create/portrait-photo-of-a-female-dog-dressed-in-modern-i/1-657d2b6ed0d9422baae4f1a0c292e54d?id=LvOh8NOnpMqyNlj%2fUO1M9Q%3d%3d&view=detailv2&idpp=genimg&idpbck=1&form=BICREC",
  "urlHash": "3d4f28589ea3fc2c0f7503c698d28adc",
  "download": "https://api.apify.com/v2/key-value-stores/fL7zGTXM50m485hvg/records/3d4f28589ea3fc2c0f7503c698d28adc.zip"
},
{
  "url": "https://www.bing.com/images/create/portrait-photo-of-a-female-dog-dressed-in-modern-i/1-657d2b92e8924f0d9296d2db8f59956d?id=CePLYMuRncF01o%2fcjMW2Ow%3d%3d&view=detailv2&idpp=genimg&idpbck=1&form=BICREC",
  "urlHash": "89de214c8f74f897781c44beef5be242",
  "download": "https://api.apify.com/v2/key-value-stores/fL7zGTXM50m485hvg/records/89de214c8f74f897781c44beef5be242.zip"
},
{
  "url": "https://www.bing.com/images/create/portrait-photo-of-a-female-dog-dressed-in-modern-i/1-657d2b6ed0d9422baae4f1a0c292e54d?id=eAwy%2f3fualA5WOd%2b1a3c5A%3d%3d&view=detailv2&idpp=genimg&idpbck=1&form=BICREC",
  "urlHash": "230613aced176033f7c839a54bb32f83",
  "download": "https://api.apify.com/v2/key-value-stores/fL7zGTXM50m485hvg/records/230613aced176033f7c839a54bb32f83.zip"
},
{
  "url": "https://www.bing.com/images/create/portrait-photo-of-a-female-dog-dressed-in-modern-i/1-657d2b54ca804ec781fc01fe50c7e297?id=KYofmLL8cTl7pJAkfne0hg%3d%3d&view=detailv2&idpp=genimg&idpbck=1&form=BICREC",
  "urlHash": "ed8b0d5b8cf499ff0d62d6b09bc5fc4a",
  "download": "https://api.apify.com/v2/key-value-stores/fL7zGTXM50m485hvg/records/ed8b0d5b8cf499ff0d62d6b09bc5fc4a.zip"
},
{
  "url": "https://www.bing.com/images/create/portrait-photo-of-a-female-dog-dressed-in-modern-i/1-657d2b6ed0d9422baae4f1a0c292e54d?id=pS%2fMgJZiqt6tcRUPnYxyTQ%3d%3d&view=detailv2&idpp=genimg&idpbck=1&form=BICREC",
  "urlHash": "ab5e05255134b7323c9086f5095ff070",
  "download": "https://api.apify.com/v2/key-value-stores/fL7zGTXM50m485hvg/records/ab5e05255134b7323c9086f5095ff070.zip"
},
{
  "url": "https://www.bing.com/images/create/portrait-photo-of-a-female-dog-dressed-in-modern-i/1-657d2b3b11a6457a80a3a180853280d3?id=QAPOsMqmngJ%2bCplcrv2MkA%3d%3d&view=detailv2&idpp=genimg&idpbck=1&form=BICREC",
  "urlHash": "2a6691beb9165af6ae173c302b7962d9",
  "download": "https://api.apify.com/v2/key-value-stores/fL7zGTXM50m485hvg/records/2a6691beb9165af6ae173c302b7962d9.zip"
},
{
  "url": "https://www.bing.com/images/create/portrait-photo-of-a-female-dog-dressed-in-modern-i/1-657d2b54ca804ec781fc01fe50c7e297?id=VnN3Q9zuZ5gkva5QO4Ctxw%3d%3d&view=detailv2&idpp=genimg&idpbck=1&form=BICREC",
  "urlHash": "9141b06cefbbb73f41e056ea3a8b1245",
  "download": "https://api.apify.com/v2/key-value-stores/fL7zGTXM50m485hvg/records/9141b06cefbbb73f41e056ea3a8b1245.zip"
},
{
  "url": "https://www.bing.com/images/create/portrait-photo-of-a-female-dog-dressed-in-modern-i/1-657d2b54ca804ec781fc01fe50c7e297?id=EEA6ijbW8ycMjBwfiUm7lQ%3d%3d&view=detailv2&idpp=genimg&idpbck=1&form=BICREC",
  "urlHash": "f8a0b21b5249d6cc3eb446107276c62f",
  "download": "https://api.apify.com/v2/key-value-stores/fL7zGTXM50m485hvg/records/f8a0b21b5249d6cc3eb446107276c62f.zip"
},
{
  "url": "https://www.bing.com/images/create/portrait-photo-of-a-female-dog-dressed-in-modern-i/1-657d2b3b11a6457a80a3a180853280d3?id=1QXkDz%2bftVd%2bENpTT9A1dg%3d%3d&view=detailv2&idpp=genimg&idpbck=1&form=BICREC",
  "urlHash": "9d0ac244efe752cc3c2c2b4439234ec2",
  "download": "https://api.apify.com/v2/key-value-stores/fL7zGTXM50m485hvg/records/9d0ac244efe752cc3c2c2b4439234ec2.zip"
},
{
  "url": "https://www.bing.com/images/create/portrait-photo-of-a-female-dog-dressed-in-modern-i/1-657d2b3b11a6457a80a3a180853280d3?id=YLkFP9FqdqRNS%2bITylPdrA%3d%3d&view=detailv2&idpp=genimg&idpbck=1&form=BICREC",
  "urlHash": "95bf05a24c2729f3bb5093fe88e25622",
  "download": "https://api.apify.com/v2/key-value-stores/fL7zGTXM50m485hvg/records/95bf05a24c2729f3bb5093fe88e25622.zip"
},
{
  "url": "https://www.bing.com/images/create/portrait-photo-of-a-female-dog-dressed-in-modern-i/1-657d2b54ca804ec781fc01fe50c7e297?id=SZT5pcOOnE8Y8K6eFl3%2fiw%3d%3d&view=detailv2&idpp=genimg&idpbck=1&form=BICREC",
  "urlHash": "d09107f21a30f23b2592b267661183b1",
  "download": "https://api.apify.com/v2/key-value-stores/fL7zGTXM50m485hvg/records/d09107f21a30f23b2592b267661183b1.zip"
},
{
  "url": "https://www.bing.com/images/create/portrait-photo-of-a-female-dog-dressed-in-modern-i/1-657d2b3b11a6457a80a3a180853280d3?id=uqYxaqe9TbiYzidt6QXp2A%3d%3d&view=detailv2&idpp=genimg&idpbck=1&form=BICREC",
  "urlHash": "e2363cecf0863e02968e785a698eedd2",
  "download": "https://api.apify.com/v2/key-value-stores/fL7zGTXM50m485hvg/records/e2363cecf0863e02968e785a698eedd2.zip"
},
{
  "url": "https://www.bing.com/images/create/portrait-photo-of-a-female-dog-dressed-in-modern-i/1-657d2b194f81451a8010ea620caefb89?id=WFozwGVCm47AQhcInxMe%2fw%3d%3d&view=detailv2&idpp=genimg&idpbck=1&form=BICREC",
  "urlHash": "f9197f22eae0aae994ae2bcb945bdc89",
  "download": "https://api.apify.com/v2/key-value-stores/fL7zGTXM50m485hvg/records/f9197f22eae0aae994ae2bcb945bdc89.zip"
},
{
  "url": "https://www.bing.com/images/create/portrait-photo-of-a-female-dog-dressed-in-modern-i/1-657d2b194f81451a8010ea620caefb89?id=fmLtRnalY6l4QdCmZD%2bQnQ%3d%3d&view=detailv2&idpp=genimg&idpbck=1&form=BICREC",
  "urlHash": "0f38d793f8875e260fee432d490edb7a",
  "download": "https://api.apify.com/v2/key-value-stores/fL7zGTXM50m485hvg/records/0f38d793f8875e260fee432d490edb7a.zip"
},
{
  "url": "https://www.bing.com/images/create/portrait-photo-of-a-female-dog-dressed-in-modern-i/1-657d2b194f81451a8010ea620caefb89?id=U6ZusYUOXZdCWWaXdxtBXg%3d%3d&view=detailv2&idpp=genimg&idpbck=1&form=BICREC",
  "urlHash": "b730340b7a049d7bd8334d6140b69908",
  "download": "https://api.apify.com/v2/key-value-stores/fL7zGTXM50m485hvg/records/b730340b7a049d7bd8334d6140b69908.zip"
},
{
  "url": "https://www.bing.com/images/create/portrait-photo-of-a-female-dog-dressed-in-modern-i/1-657d2b194f81451a8010ea620caefb89?id=YnNL3Mb%2fwK%2f%2fZbtJTGWr3Q%3d%3d&view=detailv2&idpp=genimg&idpbck=1&form=BICREC",
  "urlHash": "f17a259f825d7916e289cfc2cefbd2c0",
  "download": "https://api.apify.com/v2/key-value-stores/fL7zGTXM50m485hvg/records/f17a259f825d7916e289cfc2cefbd2c0.zip"
},
{
  "url": "https://www.bing.com/images/create/portrait-photo-of-a-female-dog-dressed-in-modern-i/1-657d2af450d740d3abd4853696be1de9?id=gJxPma2H7czyvNckHjx25g%3d%3d&view=detailv2&idpp=genimg&idpbck=1&form=BICREC",
  "urlHash": "0862849f940d8d0ec19376f27a327d82",
  "download": "https://api.apify.com/v2/key-value-stores/fL7zGTXM50m485hvg/records/0862849f940d8d0ec19376f27a327d82.zip"
},
{
  "url": "https://www.bing.com/images/create/portrait-photo-of-a-female-dog-dressed-in-modern-i/1-657d2af450d740d3abd4853696be1de9?id=rG3Rgc00k3Ih0pIZ93a0ag%3d%3d&view=detailv2&idpp=genimg&idpbck=1&form=BICREC",
  "urlHash": "aa8322dcfb2db37c73a4ceccf62dfeaa",
  "download": "https://api.apify.com/v2/key-value-stores/fL7zGTXM50m485hvg/records/aa8322dcfb2db37c73a4ceccf62dfeaa.zip"
},
{
  "url": "https://www.bing.com/images/create/portrait-photo-of-a-female-dog-dressed-in-modern-i/1-657d2af450d740d3abd4853696be1de9?id=oOE6cmTjdAwMN2lS5Vb1%2bg%3d%3d&view=detailv2&idpp=genimg&idpbck=1&form=BICREC",
  "urlHash": "32bfce599ce40f733d6a199656be82f5",
  "download": "https://api.apify.com/v2/key-value-stores/fL7zGTXM50m485hvg/records/32bfce599ce40f733d6a199656be82f5.zip"
},
{
  "url": "https://www.bing.com/images/create/portrait-photo-of-a-female-dog-dressed-in-modern-i/1-657d2af450d740d3abd4853696be1de9?id=vDdRrVvvHWMOZmgHC%2f5wfA%3d%3d&view=detailv2&idpp=genimg&idpbck=1&form=BICREC",
  "urlHash": "e6766bd6a42055c8636344b367e382c7",
  "download": "https://api.apify.com/v2/key-value-stores/fL7zGTXM50m485hvg/records/e6766bd6a42055c8636344b367e382c7.zip"
},
{
  "url": "https://www.bing.com/images/create/portrait-photo-of-a-female-dog-dressed-in-modern-i/1-657d2754d29541948be3ea095d79b494?id=Y3CzeC2Bx6FMuadN9Uar1Q%3d%3d&view=detailv2&idpp=genimg&idpbck=1&form=BICREC",
  "urlHash": "1e400ed77d454c5bb0489ddfccc0b2ac",
  "download": "https://api.apify.com/v2/key-value-stores/fL7zGTXM50m485hvg/records/1e400ed77d454c5bb0489ddfccc0b2ac.zip"
},
{
  "url": "https://www.bing.com/images/create/portrait-photo-of-a-female-dog-dressed-in-modern-i/1-657d2754d29541948be3ea095d79b494?id=N19VqTzrTz9Qp25SDjzU1A%3d%3d&view=detailv2&idpp=genimg&idpbck=1&form=BICREC",
  "urlHash": "ab5a337aa681b1cf17a3c09609906ff1",
  "download": "https://api.apify.com/v2/key-value-stores/fL7zGTXM50m485hvg/records/ab5a337aa681b1cf17a3c09609906ff1.zip"
},
{
  "url": "https://www.bing.com/images/create/portrait-photo-of-a-female-dog-dressed-in-modern-i/1-657d2754d29541948be3ea095d79b494?id=ylG1CdJocIvH4vKtmbk8%2fQ%3d%3d&view=detailv2&idpp=genimg&idpbck=1&form=BICREC",
  "urlHash": "f26b82ba2d783bc02629e388d622602e",
  "download": "https://api.apify.com/v2/key-value-stores/fL7zGTXM50m485hvg/records/f26b82ba2d783bc02629e388d622602e.zip"
},
{
  "url": "https://www.bing.com/images/create/portrait-photo-of-a-female-dog-dressed-in-modern-i/1-657d2754d29541948be3ea095d79b494?id=StdMil99LNIlhpiNTmYprQ%3d%3d&view=detailv2&idpp=genimg&idpbck=1&form=BICREC",
  "urlHash": "4f5d6f3c8225a49e8b46abf54f6a0705",
  "download": "https://api.apify.com/v2/key-value-stores/fL7zGTXM50m485hvg/records/4f5d6f3c8225a49e8b46abf54f6a0705.zip"
},
{
  "url": "https://www.bing.com/images/create/portrait-photo-of-a-female-dog-dressed-in-modern-i/1-657d2d2af16548d796ab4ea0d5eacd20?id=0TwyvEKfDX0t%2bveuaZyXwQ%3d%3d&view=detailv2&idpp=genimg&idpbck=1&form=BICREC",
  "urlHash": "b4e382fac14f19fb87b61300bcf9e71c",
  "download": "https://api.apify.com/v2/key-value-stores/fL7zGTXM50m485hvg/records/b4e382fac14f19fb87b61300bcf9e71c.zip"
},
{
  "url": "https://www.bing.com/images/create/portrait-photo-of-a-female-dog-dressed-in-modern-i/1-657d2d2af16548d796ab4ea0d5eacd20?id=xPV8Vry1kthU6eLMvRB%2bFw%3d%3d&view=detailv2&idpp=genimg&idpbck=1&form=BICREC",
  "urlHash": "5f615c26c6bf2a9af7fc2c5ec0150e67",
  "download": "https://api.apify.com/v2/key-value-stores/fL7zGTXM50m485hvg/records/5f615c26c6bf2a9af7fc2c5ec0150e67.zip"
},
{
  "url": "https://www.bing.com/images/create/portrait-photo-of-a-female-dog-dressed-in-modern-i/1-657d2d2af16548d796ab4ea0d5eacd20?id=OotPseYeL3ACCOYLBRqz3A%3d%3d&view=detailv2&idpp=genimg&idpbck=1&form=BICREC",
  "urlHash": "a1c04e97671605f399c2e948ec6362d2",
  "download": "https://api.apify.com/v2/key-value-stores/fL7zGTXM50m485hvg/records/a1c04e97671605f399c2e948ec6362d2.zip"
},
{
  "url": "https://www.bing.com/images/create/portrait-photo-of-a-female-dog-dressed-in-modern-i/1-657d2d01716841acbb75d1300890ada9?id=jBTZq3j%2fPiYTJEO68SnFJQ%3d%3d&view=detailv2&idpp=genimg&idpbck=1&form=BICREC",
  "urlHash": "23df319a1d8e309768498df44841553a",
  "download": "https://api.apify.com/v2/key-value-stores/fL7zGTXM50m485hvg/records/23df319a1d8e309768498df44841553a.zip"
},
{
  "url": "https://www.bing.com/images/create/portrait-photo-of-a-female-dog-dressed-in-modern-i/1-657d2d2af16548d796ab4ea0d5eacd20?id=3mnDzBqi%2bDB%2f61GIm6BiPQ%3d%3d&view=detailv2&idpp=genimg&idpbck=1&form=BICREC",
  "urlHash": "aef5fa72189d3a1962555f697fc1b891",
  "download": "https://api.apify.com/v2/key-value-stores/fL7zGTXM50m485hvg/records/aef5fa72189d3a1962555f697fc1b891.zip"
},
{
  "url": "https://www.bing.com/images/create/portrait-photo-of-a-female-dog-dressed-in-modern-i/1-657d2d2af16548d796ab4ea0d5eacd20?id=OotPseYeL3ACCOYLBRqz3A%3d%3d&view=detailv2&idpp=genimg&idpbck=1&form=BICREC",
  "urlHash": "a1c04e97671605f399c2e948ec6362d2",
  "download": "https://api.apify.com/v2/key-value-stores/fL7zGTXM50m485hvg/records/a1c04e97671605f399c2e948ec6362d2.zip"
},
{
  "url": "https://www.bing.com/images/create/portrait-photo-of-a-female-dog-dressed-in-modern-i/1-657d2d01716841acbb75d1300890ada9?id=uTwzGBg7QKf%2b%2b6Y82YHJtg%3d%3d&view=detailv2&idpp=genimg&idpbck=1&form=BICREC",
  "urlHash": "f630e2db4144617f0274744599b2f0a1",
  "download": "https://api.apify.com/v2/key-value-stores/fL7zGTXM50m485hvg/records/f630e2db4144617f0274744599b2f0a1.zip"
},
{
  "url": "https://www.bing.com/images/create/portrait-photo-of-a-female-dog-dressed-in-modern-i/1-657d2d01716841acbb75d1300890ada9?id=J6SZ7ISLSXLv%2bKvAPFeulQ%3d%3d&view=detailv2&idpp=genimg&idpbck=1&form=BICREC",
  "urlHash": "1e1f7d9e35c25e690e1a283892173235",
  "download": "https://api.apify.com/v2/key-value-stores/fL7zGTXM50m485hvg/records/1e1f7d9e35c25e690e1a283892173235.zip"
},
{
  "url": "https://www.bing.com/images/create/portrait-photo-of-a-female-dog-dressed-in-modern-i/1-657d2d01716841acbb75d1300890ada9?id=SsM87uJqvCC4LXlubPmMRw%3d%3d&view=detailv2&idpp=genimg&idpbck=1&form=BICREC",
  "urlHash": "a6aca6154562f42ec99ec206867a727b",
  "download": "https://api.apify.com/v2/key-value-stores/fL7zGTXM50m485hvg/records/a6aca6154562f42ec99ec206867a727b.zip"
},
{
  "url": "https://www.bing.com/images/create/portrait-photo-of-a-female-dog-dressed-in-modern-i/1-657d2ce631cb404fb38d0b3962b71bb1?id=kzgwLKNMPI2GStH9htvr8g%3d%3d&view=detailv2&idpp=genimg&idpbck=1&form=BICREC",
  "urlHash": "8937b7e19f364063f579db6398fd1beb",
  "download": "https://api.apify.com/v2/key-value-stores/fL7zGTXM50m485hvg/records/8937b7e19f364063f579db6398fd1beb.zip"
},
{
  "url": "https://www.bing.com/images/create/portrait-photo-of-a-female-dog-dressed-in-modern-i/1-657d2ce631cb404fb38d0b3962b71bb1?id=md7I3tzFrVP3SojA8qtNNQ%3d%3d&view=detailv2&idpp=genimg&idpbck=1&form=BICREC",
  "urlHash": "58c56be63d10ee3e0f2c9fd584f392ea",
  "download": "https://api.apify.com/v2/key-value-stores/fL7zGTXM50m485hvg/records/58c56be63d10ee3e0f2c9fd584f392ea.zip"
},
{
  "url": "https://www.bing.com/images/create/portrait-photo-of-a-female-dog-dressed-in-modern-i/1-657d2ce631cb404fb38d0b3962b71bb1?id=Or06e%2buz%2fweS4BslYwvGJA%3d%3d&view=detailv2&idpp=genimg&idpbck=1&form=BICREC",
  "urlHash": "ef7b0e304a355da2316f4e197e474c0a",
  "download": "https://api.apify.com/v2/key-value-stores/fL7zGTXM50m485hvg/records/ef7b0e304a355da2316f4e197e474c0a.zip"
},
{
  "url": "https://www.bing.com/images/create/portrait-photo-of-a-female-dog-dressed-in-modern-i/1-657d2ce631cb404fb38d0b3962b71bb1?id=PZLKXmUhVxqX3Czv3y7okQ%3d%3d&view=detailv2&idpp=genimg&idpbck=1&form=BICREC",
  "urlHash": "1fbc6cceb1754a51766d8e97d4da1302",
  "download": "https://api.apify.com/v2/key-value-stores/fL7zGTXM50m485hvg/records/1fbc6cceb1754a51766d8e97d4da1302.zip"
},
{
  "url": "https://www.bing.com/images/create/portrait-photo-of-a-female-dog-dressed-in-modern-i/1-657d2cc1fcec42058415fd2496e26689?id=gFA7ymmN1aQ5LiiG27KVFA%3d%3d&view=detailv2&idpp=genimg&idpbck=1&form=BICREC",
  "urlHash": "ac0d72b7f78fcc1c0c24f6ef847c2b1d",
  "download": "https://api.apify.com/v2/key-value-stores/fL7zGTXM50m485hvg/records/ac0d72b7f78fcc1c0c24f6ef847c2b1d.zip"
},
{
  "url": "https://www.bing.com/images/create/portrait-photo-of-a-female-dog-dressed-in-modern-i/1-657d2cc1fcec42058415fd2496e26689?id=XniNzLVlQTSShnwWWf0pWA%3d%3d&view=detailv2&idpp=genimg&idpbck=1&form=BICREC",
  "urlHash": "36c0f95034852878259bca8e1c38b9d5",
  "download": "https://api.apify.com/v2/key-value-stores/fL7zGTXM50m485hvg/records/36c0f95034852878259bca8e1c38b9d5.zip"
},
{
  "url": "https://www.bing.com/images/create/portrait-photo-of-a-female-dog-dressed-in-modern-i/1-657d2cc1fcec42058415fd2496e26689?id=vgrc%2bEATcBpdGAZM9UY1PQ%3d%3d&view=detailv2&idpp=genimg&idpbck=1&form=BICREC",
  "urlHash": "220491dfce2b25da94ab5382e73cd447",
  "download": "https://api.apify.com/v2/key-value-stores/fL7zGTXM50m485hvg/records/220491dfce2b25da94ab5382e73cd447.zip"
},
{
  "url": "https://www.bing.com/images/create/portrait-photo-of-a-female-dog-dressed-in-modern-i/1-657d2cc1fcec42058415fd2496e26689?id=pjP8qtM9GYCY%2fqm6GbTZ5A%3d%3d&view=detailv2&idpp=genimg&idpbck=1&form=BICREC",
  "urlHash": "08521526f5b441553b05bc97d3023a09",
  "download": "https://api.apify.com/v2/key-value-stores/fL7zGTXM50m485hvg/records/08521526f5b441553b05bc97d3023a09.zip"
}]