[{
  "url": "https://www.bing.com/images/create/portrait-photo-of-a-female-cat-dressed-in-modern-i/1-658013eae85d44918584a4524c84c363?id=DhJXDSxk8RVrvkR7lrhS8g%3d%3d&view=detailv2&idpp=genimg&idpbck=1&form=BICREC",
  "urlHash": "25e7d86f67ecf924c992f613619da8cc",
  "download": "https://api.apify.com/v2/key-value-stores/LrAgSnN4OePsEA4TB/records/25e7d86f67ecf924c992f613619da8cc.zip"
},
{
  "url": "https://www.bing.com/images/create/portrait-photo-of-a-female-cat-dressed-in-modern-i/1-658013eae85d44918584a4524c84c363?id=pOGzFARebjJkSGqqktgNJw%3d%3d&view=detailv2&idpp=genimg&idpbck=1&form=BICREC",
  "urlHash": "25948d42089cb4f160d008bb65a8f81c",
  "download": "https://api.apify.com/v2/key-value-stores/LrAgSnN4OePsEA4TB/records/25948d42089cb4f160d008bb65a8f81c.zip"
},
{
  "url": "https://www.bing.com/images/create/portrait-photo-of-a-female-cat-dressed-in-modern-i/1-658013eae85d44918584a4524c84c363?id=hpjXoIFlayxGZb%2fBfvLeSg%3d%3d&view=detailv2&idpp=genimg&idpbck=1&form=BICREC",
  "urlHash": "d22b49cfec5c411311f89def0effa2ec",
  "download": "https://api.apify.com/v2/key-value-stores/LrAgSnN4OePsEA4TB/records/d22b49cfec5c411311f89def0effa2ec.zip"
},
{
  "url": "https://www.bing.com/images/create/portrait-photo-of-a-female-cat-dressed-in-modern-i/1-658013cec2e845b38a26384301ea504b?id=QdMsZ5pFs%2fg9Xr05ZWgGQA%3d%3d&view=detailv2&idpp=genimg&idpbck=1&form=BICREC",
  "urlHash": "b189e5d30a4937aae49b0bf866452f4a",
  "download": "https://api.apify.com/v2/key-value-stores/LrAgSnN4OePsEA4TB/records/b189e5d30a4937aae49b0bf866452f4a.zip"
},
{
  "url": "https://www.bing.com/images/create/portrait-photo-of-a-female-cat-dressed-in-modern-i/1-658013eae85d44918584a4524c84c363?id=kFUzhXnF4gLzS8SHbmWokg%3d%3d&view=detailv2&idpp=genimg&idpbck=1&form=BICREC",
  "urlHash": "a4edeb9d75a331909e716061f775306d",
  "download": "https://api.apify.com/v2/key-value-stores/LrAgSnN4OePsEA4TB/records/a4edeb9d75a331909e716061f775306d.zip"
},
{
  "url": "https://www.bing.com/images/create/portrait-photo-of-a-female-cat-dressed-in-modern-i/1-658013cec2e845b38a26384301ea504b?id=DGd7dMkF0OcAgzA7LwSfUg%3d%3d&view=detailv2&idpp=genimg&idpbck=1&form=BICREC",
  "urlHash": "0dbe30e0e9213125e60549659d4c8870",
  "download": "https://api.apify.com/v2/key-value-stores/LrAgSnN4OePsEA4TB/records/0dbe30e0e9213125e60549659d4c8870.zip"
},
{
  "url": "https://www.bing.com/images/create/portrait-photo-of-a-female-cat-dressed-in-modern-i/1-658013cec2e845b38a26384301ea504b?id=HJ5DV5Ne2%2bn6AXZk1uJhPg%3d%3d&view=detailv2&idpp=genimg&idpbck=1&form=BICREC",
  "urlHash": "93bf72440f4dc3ff3df3a481839c5329",
  "download": "https://api.apify.com/v2/key-value-stores/LrAgSnN4OePsEA4TB/records/93bf72440f4dc3ff3df3a481839c5329.zip"
},
{
  "url": "https://www.bing.com/images/create/portrait-photo-of-a-female-cat-dressed-in-modern-i/1-658013cec2e845b38a26384301ea504b?id=SuEObWrmQpUbUXcEm6gs%2fA%3d%3d&view=detailv2&idpp=genimg&idpbck=1&form=BICREC",
  "urlHash": "cc705cec5bbeff4f891930d59af06b5c",
  "download": "https://api.apify.com/v2/key-value-stores/LrAgSnN4OePsEA4TB/records/cc705cec5bbeff4f891930d59af06b5c.zip"
},
{
  "url": "https://www.bing.com/images/create/portrait-photo-of-a-female-cat-dressed-in-modern-i/1-65801365e1414ecf87472196f6358670?id=vr2toNDxSfHpaNDoMp8z4g%3d%3d&view=detailv2&idpp=genimg&idpbck=1&form=BICREC",
  "urlHash": "7f0d40e37b8fb4da47efcbff77c6bb9b",
  "download": "https://api.apify.com/v2/key-value-stores/LrAgSnN4OePsEA4TB/records/7f0d40e37b8fb4da47efcbff77c6bb9b.zip"
},
{
  "url": "https://www.bing.com/images/create/portrait-photo-of-a-female-cat-dressed-in-modern-i/1-65801365e1414ecf87472196f6358670?id=%2fwrpDm6W%2biGv5tNLA7xFdw%3d%3d&view=detailv2&idpp=genimg&idpbck=1&form=BICREC",
  "urlHash": "353500f96a96170608216a83113766b3",
  "download": "https://api.apify.com/v2/key-value-stores/LrAgSnN4OePsEA4TB/records/353500f96a96170608216a83113766b3.zip"
},
{
  "url": "https://www.bing.com/images/create/portrait-photo-of-a-female-cat-dressed-in-modern-i/1-65801365e1414ecf87472196f6358670?id=aBpAZ4bTluVV9dfZAo8sHg%3d%3d&view=detailv2&idpp=genimg&idpbck=1&form=BICREC",
  "urlHash": "952496511aaa91166fb49ec44b5b32e6",
  "download": "https://api.apify.com/v2/key-value-stores/LrAgSnN4OePsEA4TB/records/952496511aaa91166fb49ec44b5b32e6.zip"
},
{
  "url": "https://www.bing.com/images/create/portrait-photo-of-a-female-cat-dressed-in-modern-i/1-65801365e1414ecf87472196f6358670?id=jfaznYUf7s0K9%2bpOngAqjg%3d%3d&view=detailv2&idpp=genimg&idpbck=1&form=BICREC",
  "urlHash": "4bccae9208c6dc0f5faa7e83ff04d327",
  "download": "https://api.apify.com/v2/key-value-stores/LrAgSnN4OePsEA4TB/records/4bccae9208c6dc0f5faa7e83ff04d327.zip"
},
{
  "url": "https://www.bing.com/images/create/portrait-photo-of-a-female-cat-dressed-in-modern-i/1-6580133c38a5491688ff2aba9ba66eb1?id=vOZcIbLDpNAMuzvzuBWxPA%3d%3d&view=detailv2&idpp=genimg&idpbck=1&form=BICREC",
  "urlHash": "3d7a4864a2bd6241797785102c63d5ed",
  "download": "https://api.apify.com/v2/key-value-stores/LrAgSnN4OePsEA4TB/records/3d7a4864a2bd6241797785102c63d5ed.zip"
},
{
  "url": "https://www.bing.com/images/create/portrait-photo-of-a-female-cat-dressed-in-modern-i/1-6580133c38a5491688ff2aba9ba66eb1?id=cgyINgvEA3AqRkjVRKrHdQ%3d%3d&view=detailv2&idpp=genimg&idpbck=1&form=BICREC",
  "urlHash": "6e14d82a104e1c4f7470c538ec9d7c76",
  "download": "https://api.apify.com/v2/key-value-stores/LrAgSnN4OePsEA4TB/records/6e14d82a104e1c4f7470c538ec9d7c76.zip"
},
{
  "url": "https://www.bing.com/images/create/portrait-photo-of-a-female-cat-dressed-in-modern-i/1-6580133c38a5491688ff2aba9ba66eb1?id=bnfDbm63GjRjkhJK23jF1A%3d%3d&view=detailv2&idpp=genimg&idpbck=1&form=BICREC",
  "urlHash": "a84b67769a031d257cc15272ab193172",
  "download": "https://api.apify.com/v2/key-value-stores/LrAgSnN4OePsEA4TB/records/a84b67769a031d257cc15272ab193172.zip"
},
{
  "url": "https://www.bing.com/images/create/portrait-photo-of-a-female-cat-dressed-in-modern-i/1-6580133c38a5491688ff2aba9ba66eb1?id=XLHCXrekeeok9m%2fo5lYj%2bw%3d%3d&view=detailv2&idpp=genimg&idpbck=1&form=BICREC",
  "urlHash": "b5739445bd9a2be1bc707f6851e0158b",
  "download": "https://api.apify.com/v2/key-value-stores/LrAgSnN4OePsEA4TB/records/b5739445bd9a2be1bc707f6851e0158b.zip"
},
{
  "url": "https://www.bing.com/images/create/portrait-photo-of-a-female-cat-dressed-in-modern-i/1-658012bce33342e48ad81dd13e68c78d?id=%2b4TR1kFWM3%2brI4aMdpGkuw%3d%3d&view=detailv2&idpp=genimg&idpbck=1&form=BICREC",
  "urlHash": "6c4ebd374fdf6be1c8e8a2268e6f1940",
  "download": "https://api.apify.com/v2/key-value-stores/LrAgSnN4OePsEA4TB/records/6c4ebd374fdf6be1c8e8a2268e6f1940.zip"
},
{
  "url": "https://www.bing.com/images/create/portrait-photo-of-a-female-cat-dressed-in-modern-i/1-658012bce33342e48ad81dd13e68c78d?id=twDP2QA1qOw81VAJzXX6rg%3d%3d&view=detailv2&idpp=genimg&idpbck=1&form=BICREC",
  "urlHash": "15eda71a5c08833b590b9e5ce8fc9535",
  "download": "https://api.apify.com/v2/key-value-stores/LrAgSnN4OePsEA4TB/records/15eda71a5c08833b590b9e5ce8fc9535.zip"
},
{
  "url": "https://www.bing.com/images/create/portrait-photo-of-a-female-cat-dressed-in-modern-i/1-658012bce33342e48ad81dd13e68c78d?id=Vxq012NV4ex%2fHbQLxvr39Q%3d%3d&view=detailv2&idpp=genimg&idpbck=1&form=BICREC",
  "urlHash": "84674afbf20e26524551c1d82bd79e1e",
  "download": "https://api.apify.com/v2/key-value-stores/LrAgSnN4OePsEA4TB/records/84674afbf20e26524551c1d82bd79e1e.zip"
},
{
  "url": "https://www.bing.com/images/create/portrait-photo-of-a-female-cat-dressed-in-modern-i/1-658012bce33342e48ad81dd13e68c78d?id=KKnaaX5of4Jgz8fbRyZwxg%3d%3d&view=detailv2&idpp=genimg&idpbck=1&form=BICREC",
  "urlHash": "c34c041827de2e7d530b591aafd9a738",
  "download": "https://api.apify.com/v2/key-value-stores/LrAgSnN4OePsEA4TB/records/c34c041827de2e7d530b591aafd9a738.zip"
},
{
  "url": "https://www.bing.com/images/create/portrait-photo-of-a-female-cat-dressed-in-modern-i/1-65801ac6172f4fefa2f7aa1d3dde2036?id=pFEwSYJdsWCA%2bq7VQ4cMeQ%3d%3d&view=detailv2&idpp=genimg&idpbck=1&form=BICREC",
  "urlHash": "c795ca6c4240567b5514def1b74ca415",
  "download": "https://api.apify.com/v2/key-value-stores/LrAgSnN4OePsEA4TB/records/c795ca6c4240567b5514def1b74ca415.zip"
},
{
  "url": "https://www.bing.com/images/create/portrait-photo-of-a-female-cat-dressed-in-modern-i/1-65801ac6172f4fefa2f7aa1d3dde2036?id=lWG%2br54D9zBLgqzvAX9GHQ%3d%3d&view=detailv2&idpp=genimg&idpbck=1&form=BICREC",
  "urlHash": "3adc54b14121f1066266a5bc110b09ae",
  "download": "https://api.apify.com/v2/key-value-stores/LrAgSnN4OePsEA4TB/records/3adc54b14121f1066266a5bc110b09ae.zip"
},
{
  "url": "https://www.bing.com/images/create/portrait-photo-of-a-female-cat-dressed-in-modern-i/1-65801ac6172f4fefa2f7aa1d3dde2036?id=VvRRrsLj6qFkhjdrZ0ZvVQ%3d%3d&view=detailv2&idpp=genimg&idpbck=1&form=BICREC",
  "urlHash": "a0a6fea6b46b778fefd26bbc9f93e16c",
  "download": "https://api.apify.com/v2/key-value-stores/LrAgSnN4OePsEA4TB/records/a0a6fea6b46b778fefd26bbc9f93e16c.zip"
},
{
  "url": "https://www.bing.com/images/create/portrait-photo-of-a-female-cat-dressed-in-modern-i/1-65801ac6172f4fefa2f7aa1d3dde2036?id=5Y2acQ0H7xHT1s4QNONsYg%3d%3d&view=detailv2&idpp=genimg&idpbck=1&form=BICREC",
  "urlHash": "5870d3bacb785652714f68e27495e952",
  "download": "https://api.apify.com/v2/key-value-stores/LrAgSnN4OePsEA4TB/records/5870d3bacb785652714f68e27495e952.zip"
},
{
  "url": "https://www.bing.com/images/create/portrait-photo-of-a-female-cat-dressed-in-modern-i/1-65801aa7465b444aa526c735fc106d0c?id=QamfzwjjwHyj%2bsoKx%2fnJUw%3d%3d&view=detailv2&idpp=genimg&idpbck=1&form=BICREC",
  "urlHash": "f2802fc0deadba32f665b90aeb6b5383",
  "download": "https://api.apify.com/v2/key-value-stores/LrAgSnN4OePsEA4TB/records/f2802fc0deadba32f665b90aeb6b5383.zip"
},
{
  "url": "https://www.bing.com/images/create/portrait-photo-of-a-female-cat-dressed-in-modern-i/1-65801aa7465b444aa526c735fc106d0c?id=uFQfMpRy92Kt%2fCMSCllKwg%3d%3d&view=detailv2&idpp=genimg&idpbck=1&form=BICREC",
  "urlHash": "a185b2b707c22c453c155da060d56a07",
  "download": "https://api.apify.com/v2/key-value-stores/LrAgSnN4OePsEA4TB/records/a185b2b707c22c453c155da060d56a07.zip"
},
{
  "url": "https://www.bing.com/images/create/portrait-photo-of-a-female-cat-dressed-in-modern-i/1-65801aa7465b444aa526c735fc106d0c?id=QCDWQwAPrVQCVpd4WnpSjA%3d%3d&view=detailv2&idpp=genimg&idpbck=1&form=BICREC",
  "urlHash": "8ad6148db96c18982faac4255b2e7f04",
  "download": "https://api.apify.com/v2/key-value-stores/LrAgSnN4OePsEA4TB/records/8ad6148db96c18982faac4255b2e7f04.zip"
},
{
  "url": "https://www.bing.com/images/create/portrait-photo-of-a-female-cat-dressed-in-modern-i/1-65801aa7465b444aa526c735fc106d0c?id=M7ea5gjdlMYHeAAdJfY%2f%2bA%3d%3d&view=detailv2&idpp=genimg&idpbck=1&form=BICREC",
  "urlHash": "578e5867d5d9e13996a282ffab9ddf8f",
  "download": "https://api.apify.com/v2/key-value-stores/LrAgSnN4OePsEA4TB/records/578e5867d5d9e13996a282ffab9ddf8f.zip"
},
{
  "url": "https://www.bing.com/images/create/portrait-photo-of-a-female-cat-dressed-in-modern-i/1-65801a79743347deaaf563f92e8b6623?id=a8KzrnAqRjkVJOL%2fYmF%2fzA%3d%3d&view=detailv2&idpp=genimg&idpbck=1&form=BICREC",
  "urlHash": "b83cf1366e468928ce6f02ca6d6ce2d5",
  "download": "https://api.apify.com/v2/key-value-stores/LrAgSnN4OePsEA4TB/records/b83cf1366e468928ce6f02ca6d6ce2d5.zip"
},
{
  "url": "https://www.bing.com/images/create/portrait-photo-of-a-female-cat-dressed-in-modern-i/1-65801a79743347deaaf563f92e8b6623?id=XBWLYqdAzuldCJOhvekrTw%3d%3d&view=detailv2&idpp=genimg&idpbck=1&form=BICREC",
  "urlHash": "7235712a3b01d64dcdf9038ace9729c1",
  "download": "https://api.apify.com/v2/key-value-stores/LrAgSnN4OePsEA4TB/records/7235712a3b01d64dcdf9038ace9729c1.zip"
},
{
  "url": "https://www.bing.com/images/create/portrait-photo-of-a-female-cat-dressed-in-modern-i/1-65801a79743347deaaf563f92e8b6623?id=pyhPWHsOaXgBtTSFjSPIIg%3d%3d&view=detailv2&idpp=genimg&idpbck=1&form=BICREC",
  "urlHash": "3414ec3994dffd5a01755976e551dfbd",
  "download": "https://api.apify.com/v2/key-value-stores/LrAgSnN4OePsEA4TB/records/3414ec3994dffd5a01755976e551dfbd.zip"
},
{
  "url": "https://www.bing.com/images/create/portrait-photo-of-a-female-cat-dressed-in-modern-i/1-65801a79743347deaaf563f92e8b6623?id=SedOc4vzAcHNNTYsdX8IMg%3d%3d&view=detailv2&idpp=genimg&idpbck=1&form=BICREC",
  "urlHash": "0bb9924cdfeed7bc787ae697f4c0cd2a",
  "download": "https://api.apify.com/v2/key-value-stores/LrAgSnN4OePsEA4TB/records/0bb9924cdfeed7bc787ae697f4c0cd2a.zip"
},
{
  "url": "https://www.bing.com/images/create/portrait-photo-of-a-female-cat-dressed-in-modern-i/1-658016e0df9c4e8bb28445023f0d4642?id=znlNu2HQOi7x0p%2bcbI2eBQ%3d%3d&view=detailv2&idpp=genimg&idpbck=1&form=BICREC",
  "urlHash": "71c731b4298d09e0e19b52980c999f14",
  "download": "https://api.apify.com/v2/key-value-stores/LrAgSnN4OePsEA4TB/records/71c731b4298d09e0e19b52980c999f14.zip"
},
{
  "url": "https://www.bing.com/images/create/portrait-photo-of-a-female-cat-dressed-in-modern-i/1-658016e0df9c4e8bb28445023f0d4642?id=3sx2J5xjHWta9YYxQ8NJpQ%3d%3d&view=detailv2&idpp=genimg&idpbck=1&form=BICREC",
  "urlHash": "1b1bae40d6d41644e657c801550aea27",
  "download": "https://api.apify.com/v2/key-value-stores/LrAgSnN4OePsEA4TB/records/1b1bae40d6d41644e657c801550aea27.zip"
},
{
  "url": "https://www.bing.com/images/create/portrait-photo-of-a-female-cat-dressed-in-modern-i/1-658016e0df9c4e8bb28445023f0d4642?id=ckgOM0Es%2bEOu3GikI3m97w%3d%3d&view=detailv2&idpp=genimg&idpbck=1&form=BICREC",
  "urlHash": "5d0d541e6cbd77c2aad59d1febb10f30",
  "download": "https://api.apify.com/v2/key-value-stores/LrAgSnN4OePsEA4TB/records/5d0d541e6cbd77c2aad59d1febb10f30.zip"
},
{
  "url": "https://www.bing.com/images/create/portrait-photo-of-a-female-cat-dressed-in-modern-i/1-658016e0df9c4e8bb28445023f0d4642?id=5yD3k2d18xhXF%2bVcXVYD1Q%3d%3d&view=detailv2&idpp=genimg&idpbck=1&form=BICREC",
  "urlHash": "beb0b8b5ddbc5e91d0d41a18168ff694",
  "download": "https://api.apify.com/v2/key-value-stores/LrAgSnN4OePsEA4TB/records/beb0b8b5ddbc5e91d0d41a18168ff694.zip"
},
{
  "url": "https://www.bing.com/images/create/portrait-photo-of-a-female-cat-dressed-in-modern-i/1-6580127e8c24423e9082a6b2a371ab55?id=pZfKvMcg%2b4yG4wRVWUTHRg%3d%3d&view=detailv2&idpp=genimg&idpbck=1&form=BICREC",
  "urlHash": "5d1469a2ff7432a3c16060aeaba4c6c7",
  "download": "https://api.apify.com/v2/key-value-stores/LrAgSnN4OePsEA4TB/records/5d1469a2ff7432a3c16060aeaba4c6c7.zip"
},
{
  "url": "https://www.bing.com/images/create/portrait-photo-of-a-female-cat-dressed-in-modern-i/1-6580127e8c24423e9082a6b2a371ab55?id=F9xLdVzbII0g0T8GhvB70g%3d%3d&view=detailv2&idpp=genimg&idpbck=1&form=BICREC",
  "urlHash": "9a17dd27ec9523cf242a06b45f6696d6",
  "download": "https://api.apify.com/v2/key-value-stores/LrAgSnN4OePsEA4TB/records/9a17dd27ec9523cf242a06b45f6696d6.zip"
},
{
  "url": "https://www.bing.com/images/create/portrait-photo-of-a-female-cat-dressed-in-modern-i/1-6580127e8c24423e9082a6b2a371ab55?id=PsKQjvj2SFJExDcGPmeqWQ%3d%3d&view=detailv2&idpp=genimg&idpbck=1&form=BICREC",
  "urlHash": "870e0302ee14ce157467a502a886a495",
  "download": "https://api.apify.com/v2/key-value-stores/LrAgSnN4OePsEA4TB/records/870e0302ee14ce157467a502a886a495.zip"
},
{
  "url": "https://www.bing.com/images/create/portrait-photo-of-a-female-cat-dressed-in-modern-i/1-6580127e8c24423e9082a6b2a371ab55?id=mpMVsen8%2b21mAYhfeuSx3A%3d%3d&view=detailv2&idpp=genimg&idpbck=1&form=BICREC",
  "urlHash": "ce80be034165a2dd0736f47663ff7ce5",
  "download": "https://api.apify.com/v2/key-value-stores/LrAgSnN4OePsEA4TB/records/ce80be034165a2dd0736f47663ff7ce5.zip"
},
{
  "url": "https://www.bing.com/images/create/portrait-photo-of-a-female-cat-dressed-in-modern-i/1-6580125d2acf43a9ac81325cb8002138?id=uV3zLoa9Vm3xBO8cL4LA0Q%3d%3d&view=detailv2&idpp=genimg&idpbck=1&form=BICREC",
  "urlHash": "61fb65c9392268fba519a6768299287e",
  "download": "https://api.apify.com/v2/key-value-stores/LrAgSnN4OePsEA4TB/records/61fb65c9392268fba519a6768299287e.zip"
},
{
  "url": "https://www.bing.com/images/create/portrait-photo-of-a-female-cat-dressed-in-modern-i/1-6580125d2acf43a9ac81325cb8002138?id=jBntwwNF4vSnftDCgC33zw%3d%3d&view=detailv2&idpp=genimg&idpbck=1&form=BICREC",
  "urlHash": "af13c6bc839c7716b1db7e2953ea9627",
  "download": "https://api.apify.com/v2/key-value-stores/LrAgSnN4OePsEA4TB/records/af13c6bc839c7716b1db7e2953ea9627.zip"
},
{
  "url": "https://www.bing.com/images/create/portrait-photo-of-a-female-cat-dressed-in-modern-i/1-6580125d2acf43a9ac81325cb8002138?id=f%2fx4KxVddgSMxJxe9Zh2JQ%3d%3d&view=detailv2&idpp=genimg&idpbck=1&form=BICREC",
  "urlHash": "cf15f71a40b13e46efd666c6160dda0b",
  "download": "https://api.apify.com/v2/key-value-stores/LrAgSnN4OePsEA4TB/records/cf15f71a40b13e46efd666c6160dda0b.zip"
},
{
  "url": "https://www.bing.com/images/create/portrait-photo-of-a-female-cat-dressed-in-modern-i/1-65801246b05f48ceb2b31cd04bcd0bd4?id=yH%2bQ7wXIHUT6RXZu3nZuKg%3d%3d&view=detailv2&idpp=genimg&idpbck=1&form=BICREC",
  "urlHash": "9a69c1fd393e6e7c61b143f9ef25750b",
  "download": "https://api.apify.com/v2/key-value-stores/LrAgSnN4OePsEA4TB/records/9a69c1fd393e6e7c61b143f9ef25750b.zip"
},
{
  "url": "https://www.bing.com/images/create/portrait-photo-of-a-female-cat-dressed-in-modern-i/1-6580125d2acf43a9ac81325cb8002138?id=6b%2bFwH03XIj3mpZXmnAnTg%3d%3d&view=detailv2&idpp=genimg&idpbck=1&form=BICREC",
  "urlHash": "6f2718020bf1522659f7a3b7504a1f05",
  "download": "https://api.apify.com/v2/key-value-stores/LrAgSnN4OePsEA4TB/records/6f2718020bf1522659f7a3b7504a1f05.zip"
},
{
  "url": "https://www.bing.com/images/create/portrait-photo-of-a-female-cat-dressed-in-modern-i/1-65801246b05f48ceb2b31cd04bcd0bd4?id=omr8jiVlM5eSFZ%2bKOgyGIA%3d%3d&view=detailv2&idpp=genimg&idpbck=1&form=BICREC",
  "urlHash": "e7f437679494a22b3c2af2b180fcd966",
  "download": "https://api.apify.com/v2/key-value-stores/LrAgSnN4OePsEA4TB/records/e7f437679494a22b3c2af2b180fcd966.zip"
},
{
  "url": "https://www.bing.com/images/create/portrait-photo-of-a-female-cat-dressed-in-modern-i/1-65801246b05f48ceb2b31cd04bcd0bd4?id=GUvSFKS8CU2gL2kjiopLlA%3d%3d&view=detailv2&idpp=genimg&idpbck=1&form=BICREC",
  "urlHash": "1871825d733fbbbfd3f2269f2b5523c2",
  "download": "https://api.apify.com/v2/key-value-stores/LrAgSnN4OePsEA4TB/records/1871825d733fbbbfd3f2269f2b5523c2.zip"
},
{
  "url": "https://www.bing.com/images/create/portrait-photo-of-a-female-cat-dressed-in-modern-i/1-65801212e44c49ae85770776f77f8aa0?id=9SQy2N5AdjbYv6JpgHQACg%3d%3d&view=detailv2&idpp=genimg&idpbck=1&form=BICREC",
  "urlHash": "a3ef655b76b4b162244dc710527917a5",
  "download": "https://api.apify.com/v2/key-value-stores/LrAgSnN4OePsEA4TB/records/a3ef655b76b4b162244dc710527917a5.zip"
},
{
  "url": "https://www.bing.com/images/create/portrait-photo-of-a-female-cat-dressed-in-modern-i/1-65801246b05f48ceb2b31cd04bcd0bd4?id=Oib99lbcju8k8lHBRytWjw%3d%3d&view=detailv2&idpp=genimg&idpbck=1&form=BICREC",
  "urlHash": "c34ce392874a3fa3618049a7356845df",
  "download": "https://api.apify.com/v2/key-value-stores/LrAgSnN4OePsEA4TB/records/c34ce392874a3fa3618049a7356845df.zip"
},
{
  "url": "https://www.bing.com/images/create/portrait-photo-of-a-female-cat-dressed-in-modern-i/1-65801212e44c49ae85770776f77f8aa0?id=vzw1vVtG2eZ16SpnMivUwQ%3d%3d&view=detailv2&idpp=genimg&idpbck=1&form=BICREC",
  "urlHash": "e84012e63189c5d3f71ae0aa1cf63614",
  "download": "https://api.apify.com/v2/key-value-stores/LrAgSnN4OePsEA4TB/records/e84012e63189c5d3f71ae0aa1cf63614.zip"
},
{
  "url": "https://www.bing.com/images/create/portrait-photo-of-a-female-cat-dressed-in-modern-i/1-65801212e44c49ae85770776f77f8aa0?id=Uf8PUPWFRASV%2bk9LfrbWsA%3d%3d&view=detailv2&idpp=genimg&idpbck=1&form=BICREC",
  "urlHash": "3113ea3d89365befd3d010b90e2d822e",
  "download": "https://api.apify.com/v2/key-value-stores/LrAgSnN4OePsEA4TB/records/3113ea3d89365befd3d010b90e2d822e.zip"
},
{
  "url": "https://www.bing.com/images/create/portrait-photo-of-a-female-cat-dressed-in-modern-i/1-65801212e44c49ae85770776f77f8aa0?id=uqaKdGiQtaofTFXFN3aZhg%3d%3d&view=detailv2&idpp=genimg&idpbck=1&form=BICREC",
  "urlHash": "58c8b4ffdf8c8cfb8132323aa104d91a",
  "download": "https://api.apify.com/v2/key-value-stores/LrAgSnN4OePsEA4TB/records/58c8b4ffdf8c8cfb8132323aa104d91a.zip"
},
{
  "url": "https://www.bing.com/images/create/portrait-photo-of-a-female-cat-dressed-in-modern-i/1-658015e104d2477c9e7a9124381f57b7?id=2ZxmgG5veq0ubMnSvgPKZQ%3d%3d&view=detailv2&idpp=genimg&idpbck=1&form=BICREC",
  "urlHash": "d86686b47853d1fd63ebd1cd946cc01d",
  "download": "https://api.apify.com/v2/key-value-stores/LrAgSnN4OePsEA4TB/records/d86686b47853d1fd63ebd1cd946cc01d.zip"
},
{
  "url": "https://www.bing.com/images/create/portrait-photo-of-a-female-cat-dressed-in-modern-i/1-658015e104d2477c9e7a9124381f57b7?id=dhjwSju43fp9PaD%2fxXWqfA%3d%3d&view=detailv2&idpp=genimg&idpbck=1&form=BICREC",
  "urlHash": "c78f6f18e2c6516b67ccdec5ab5848f1",
  "download": "https://api.apify.com/v2/key-value-stores/LrAgSnN4OePsEA4TB/records/c78f6f18e2c6516b67ccdec5ab5848f1.zip"
},
{
  "url": "https://www.bing.com/images/create/portrait-photo-of-a-female-cat-dressed-in-modern-i/1-658015e104d2477c9e7a9124381f57b7?id=s6RJb3LWw4qe%2fs8CIUC3ng%3d%3d&view=detailv2&idpp=genimg&idpbck=1&form=BICREC",
  "urlHash": "8a33e2059d7bd0861bf1404c7bba4a82",
  "download": "https://api.apify.com/v2/key-value-stores/LrAgSnN4OePsEA4TB/records/8a33e2059d7bd0861bf1404c7bba4a82.zip"
},
{
  "url": "https://www.bing.com/images/create/portrait-photo-of-a-female-cat-dressed-in-modern-i/1-658015e104d2477c9e7a9124381f57b7?id=kW9k97v0V25Gw6LUbVodWQ%3d%3d&view=detailv2&idpp=genimg&idpbck=1&form=BICREC",
  "urlHash": "856f95443381a491cdebc1c8a46ee8ff",
  "download": "https://api.apify.com/v2/key-value-stores/LrAgSnN4OePsEA4TB/records/856f95443381a491cdebc1c8a46ee8ff.zip"
},
{
  "url": "https://www.bing.com/images/create/portrait-photo-of-a-female-cat-dressed-in-modern-i/1-658015b79fa04beda39d8f025eaf30a7?id=CQlFVpu2VACd%2fQBIgE2j4g%3d%3d&view=detailv2&idpp=genimg&idpbck=1&form=BICREC",
  "urlHash": "bdad778e68d771154585aa5e0d1f5e3f",
  "download": "https://api.apify.com/v2/key-value-stores/LrAgSnN4OePsEA4TB/records/bdad778e68d771154585aa5e0d1f5e3f.zip"
},
{
  "url": "https://www.bing.com/images/create/portrait-photo-of-a-female-cat-dressed-in-modern-i/1-658015b79fa04beda39d8f025eaf30a7?id=F3XP3wx2a1KH%2bVgOXG1GgA%3d%3d&view=detailv2&idpp=genimg&idpbck=1&form=BICREC",
  "urlHash": "53215c307239285357f2a2d4ad0773eb",
  "download": "https://api.apify.com/v2/key-value-stores/LrAgSnN4OePsEA4TB/records/53215c307239285357f2a2d4ad0773eb.zip"
},
{
  "url": "https://www.bing.com/images/create/portrait-photo-of-a-female-cat-dressed-in-modern-i/1-658015b79fa04beda39d8f025eaf30a7?id=ZMfTt9SFjxdBjQFknxJObg%3d%3d&view=detailv2&idpp=genimg&idpbck=1&form=BICREC",
  "urlHash": "46ed93d011c97688a423c51d4551965c",
  "download": "https://api.apify.com/v2/key-value-stores/LrAgSnN4OePsEA4TB/records/46ed93d011c97688a423c51d4551965c.zip"
},
{
  "url": "https://www.bing.com/images/create/portrait-photo-of-a-female-cat-dressed-in-modern-i/1-658015b79fa04beda39d8f025eaf30a7?id=%2b5Be7ml1V9QwarsjlWtUYQ%3d%3d&view=detailv2&idpp=genimg&idpbck=1&form=BICREC",
  "urlHash": "1e2f975a9893bf05732de8a39b1260c8",
  "download": "https://api.apify.com/v2/key-value-stores/LrAgSnN4OePsEA4TB/records/1e2f975a9893bf05732de8a39b1260c8.zip"
},
{
  "url": "https://www.bing.com/images/create/portrait-photo-of-a-female-cat-dressed-in-modern-i/1-658015659f6e4b678a2acc9add53faa7?id=HLAPi4mvaTXJtwj2iXK1WA%3d%3d&view=detailv2&idpp=genimg&idpbck=1&form=BICREC",
  "urlHash": "88c44bc333a85b6d935c20d9e050d7f0",
  "download": "https://api.apify.com/v2/key-value-stores/LrAgSnN4OePsEA4TB/records/88c44bc333a85b6d935c20d9e050d7f0.zip"
},
{
  "url": "https://www.bing.com/images/create/portrait-photo-of-a-female-cat-dressed-in-modern-i/1-658015659f6e4b678a2acc9add53faa7?id=G4Xzp7tGpEmeeGe5ocqnrQ%3d%3d&view=detailv2&idpp=genimg&idpbck=1&form=BICREC",
  "urlHash": "e739516517d7a9133265fc51dac04df2",
  "download": "https://api.apify.com/v2/key-value-stores/LrAgSnN4OePsEA4TB/records/e739516517d7a9133265fc51dac04df2.zip"
},
{
  "url": "https://www.bing.com/images/create/portrait-photo-of-a-female-cat-dressed-in-modern-i/1-658015659f6e4b678a2acc9add53faa7?id=tjLiXvskf8kUwakqWv%2fCFw%3d%3d&view=detailv2&idpp=genimg&idpbck=1&form=BICREC",
  "urlHash": "2e58afe886f116f1ac7a9000bff2dd25",
  "download": "https://api.apify.com/v2/key-value-stores/LrAgSnN4OePsEA4TB/records/2e58afe886f116f1ac7a9000bff2dd25.zip"
},
{
  "url": "https://www.bing.com/images/create/portrait-photo-of-a-female-cat-dressed-in-modern-i/1-6580154510b84b259e45a7f437926d64?id=pQQx5U2RXbbqKwlIf7XRSw%3d%3d&view=detailv2&idpp=genimg&idpbck=1&form=BICREC",
  "urlHash": "8b2762e2bbe6e0a8637c6d7bf5548f94",
  "download": "https://api.apify.com/v2/key-value-stores/LrAgSnN4OePsEA4TB/records/8b2762e2bbe6e0a8637c6d7bf5548f94.zip"
},
{
  "url": "https://www.bing.com/images/create/portrait-photo-of-a-female-cat-dressed-in-modern-i/1-658015659f6e4b678a2acc9add53faa7?id=cgWASJRD6knQH07nS7GTrw%3d%3d&view=detailv2&idpp=genimg&idpbck=1&form=BICREC",
  "urlHash": "882f74608d6a071bd0c732c0244b49f4",
  "download": "https://api.apify.com/v2/key-value-stores/LrAgSnN4OePsEA4TB/records/882f74608d6a071bd0c732c0244b49f4.zip"
},
{
  "url": "https://www.bing.com/images/create/portrait-photo-of-a-female-cat-dressed-in-modern-i/1-6580154510b84b259e45a7f437926d64?id=GGt3yeoxHWkeSfuvELetpQ%3d%3d&view=detailv2&idpp=genimg&idpbck=1&form=BICREC",
  "urlHash": "4ed6c079ee1b4ee5352dfd6bbd5b34f6",
  "download": "https://api.apify.com/v2/key-value-stores/LrAgSnN4OePsEA4TB/records/4ed6c079ee1b4ee5352dfd6bbd5b34f6.zip"
},
{
  "url": "https://www.bing.com/images/create/portrait-photo-of-a-female-cat-dressed-in-modern-i/1-6580154510b84b259e45a7f437926d64?id=RAcXSenY3hpBcQSQKl5drg%3d%3d&view=detailv2&idpp=genimg&idpbck=1&form=BICREC",
  "urlHash": "f64ba40a1d801e54cbccdd7eae3fd233",
  "download": "https://api.apify.com/v2/key-value-stores/LrAgSnN4OePsEA4TB/records/f64ba40a1d801e54cbccdd7eae3fd233.zip"
},
{
  "url": "https://www.bing.com/images/create/portrait-photo-of-a-female-cat-dressed-in-modern-i/1-6580154510b84b259e45a7f437926d64?id=EFRb8CSYQ4ghlFvcWhj8FA%3d%3d&view=detailv2&idpp=genimg&idpbck=1&form=BICREC",
  "urlHash": "98d9f688042ebf716292ca41ec397f45",
  "download": "https://api.apify.com/v2/key-value-stores/LrAgSnN4OePsEA4TB/records/98d9f688042ebf716292ca41ec397f45.zip"
},
{
  "url": "https://www.bing.com/images/create/portrait-photo-of-a-female-cat-dressed-in-modern-i/1-658014d144184af9bccb86e955654b8b?id=CRYbOUmHVkh6lSJ5F%2bRODg%3d%3d&view=detailv2&idpp=genimg&idpbck=1&form=BICREC",
  "urlHash": "756b5c52ed79773bb1c37694dc3fad7a",
  "download": "https://api.apify.com/v2/key-value-stores/LrAgSnN4OePsEA4TB/records/756b5c52ed79773bb1c37694dc3fad7a.zip"
},
{
  "url": "https://www.bing.com/images/create/portrait-photo-of-a-female-cat-dressed-in-modern-i/1-658014d144184af9bccb86e955654b8b?id=%2bM%2b5TRGu8MjaxMbyVsk3BA%3d%3d&view=detailv2&idpp=genimg&idpbck=1&form=BICREC",
  "urlHash": "3275f51b539a60244d246d3966d82a66",
  "download": "https://api.apify.com/v2/key-value-stores/LrAgSnN4OePsEA4TB/records/3275f51b539a60244d246d3966d82a66.zip"
},
{
  "url": "https://www.bing.com/images/create/portrait-photo-of-a-female-cat-dressed-in-modern-i/1-658014d144184af9bccb86e955654b8b?id=sc4%2b2Z3zpFxj9cKwiYuQZw%3d%3d&view=detailv2&idpp=genimg&idpbck=1&form=BICREC",
  "urlHash": "8081286ba42eaea1bba304807252f238",
  "download": "https://api.apify.com/v2/key-value-stores/LrAgSnN4OePsEA4TB/records/8081286ba42eaea1bba304807252f238.zip"
},
{
  "url": "https://www.bing.com/images/create/portrait-photo-of-a-female-cat-dressed-in-modern-i/1-658014d144184af9bccb86e955654b8b?id=V2dqVZbRAeZocQMuf5%2b5lg%3d%3d&view=detailv2&idpp=genimg&idpbck=1&form=BICREC",
  "urlHash": "0a2889df6a5e83d8d236b0d22cfc1d06",
  "download": "https://api.apify.com/v2/key-value-stores/LrAgSnN4OePsEA4TB/records/0a2889df6a5e83d8d236b0d22cfc1d06.zip"
},
{
  "url": "https://www.bing.com/images/create/portrait-photo-of-a-female-cat-dressed-in-modern-i/1-658014b7614a4e37a2d7d64d9ba99926?id=s%2fXQ1SbgHiarfYE1VD4Wzg%3d%3d&view=detailv2&idpp=genimg&idpbck=1&form=BICREC",
  "urlHash": "5c1a65e7f014baddabd90e1b4fc388b0",
  "download": "https://api.apify.com/v2/key-value-stores/LrAgSnN4OePsEA4TB/records/5c1a65e7f014baddabd90e1b4fc388b0.zip"
},
{
  "url": "https://www.bing.com/images/create/portrait-photo-of-a-female-cat-dressed-in-modern-i/1-658014b7614a4e37a2d7d64d9ba99926?id=AZn3D21PEVmhNofevf1JHw%3d%3d&view=detailv2&idpp=genimg&idpbck=1&form=BICREC",
  "urlHash": "3b95820e0c80ec8dd9ee718f94358cf0",
  "download": "https://api.apify.com/v2/key-value-stores/LrAgSnN4OePsEA4TB/records/3b95820e0c80ec8dd9ee718f94358cf0.zip"
},
{
  "url": "https://www.bing.com/images/create/portrait-photo-of-a-female-cat-dressed-in-modern-i/1-658014b7614a4e37a2d7d64d9ba99926?id=L2AI%2fMvdb0ruWSHm6sg3EA%3d%3d&view=detailv2&idpp=genimg&idpbck=1&form=BICREC",
  "urlHash": "1be24219040a2030364f6b37f53871dc",
  "download": "https://api.apify.com/v2/key-value-stores/LrAgSnN4OePsEA4TB/records/1be24219040a2030364f6b37f53871dc.zip"
},
{
  "url": "https://www.bing.com/images/create/portrait-photo-of-a-female-cat-dressed-in-modern-i/1-658014b7614a4e37a2d7d64d9ba99926?id=rzBJhRJDOuxePZm%2fr6pCRQ%3d%3d&view=detailv2&idpp=genimg&idpbck=1&form=BICREC",
  "urlHash": "30e1b3c0478c6b9940d4206e73701402",
  "download": "https://api.apify.com/v2/key-value-stores/LrAgSnN4OePsEA4TB/records/30e1b3c0478c6b9940d4206e73701402.zip"
},
{
  "url": "https://www.bing.com/images/create/portrait-photo-of-a-female-cat-dressed-in-modern-i/1-658014988fd748f2b1e8857bb3461fcd?id=xqo0kKrjd3fNGCWvNc2IFA%3d%3d&view=detailv2&idpp=genimg&idpbck=1&form=BICREC",
  "urlHash": "554d88587fbbbe3b0b1109b91d4909d1",
  "download": "https://api.apify.com/v2/key-value-stores/LrAgSnN4OePsEA4TB/records/554d88587fbbbe3b0b1109b91d4909d1.zip"
},
{
  "url": "https://www.bing.com/images/create/portrait-photo-of-a-female-cat-dressed-in-modern-i/1-658014988fd748f2b1e8857bb3461fcd?id=SNttuR4MfRZEJIkG4wdflA%3d%3d&view=detailv2&idpp=genimg&idpbck=1&form=BICREC",
  "urlHash": "c3bdbbb2be8eacd0daf981c682b9fc33",
  "download": "https://api.apify.com/v2/key-value-stores/LrAgSnN4OePsEA4TB/records/c3bdbbb2be8eacd0daf981c682b9fc33.zip"
},
{
  "url": "https://www.bing.com/images/create/portrait-photo-of-a-female-cat-dressed-in-modern-i/1-6580146f3efa4f868328629997ab9766?id=TOWdK6Hwjfz%2fq2YScNxObg%3d%3d&view=detailv2&idpp=genimg&idpbck=1&form=BICREC",
  "urlHash": "ed4b58738ba09ac2fe207bfe67458708",
  "download": "https://api.apify.com/v2/key-value-stores/LrAgSnN4OePsEA4TB/records/ed4b58738ba09ac2fe207bfe67458708.zip"
},
{
  "url": "https://www.bing.com/images/create/portrait-photo-of-a-female-cat-dressed-in-modern-i/1-6580146f3efa4f868328629997ab9766?id=wApQHuFfC827y5CcjRKeAw%3d%3d&view=detailv2&idpp=genimg&idpbck=1&form=BICREC",
  "urlHash": "ec4e15b03f92ca509d05a8611764f9f6",
  "download": "https://api.apify.com/v2/key-value-stores/LrAgSnN4OePsEA4TB/records/ec4e15b03f92ca509d05a8611764f9f6.zip"
},
{
  "url": "https://www.bing.com/images/create/portrait-photo-of-a-female-cat-dressed-in-modern-i/1-6580146f3efa4f868328629997ab9766?id=FNdP6MmLDD4J4KjONCIltQ%3d%3d&view=detailv2&idpp=genimg&idpbck=1&form=BICREC",
  "urlHash": "8c73a196583d546d5e791d566e55f5a3",
  "download": "https://api.apify.com/v2/key-value-stores/LrAgSnN4OePsEA4TB/records/8c73a196583d546d5e791d566e55f5a3.zip"
},
{
  "url": "https://www.bing.com/images/create/portrait-photo-of-a-female-cat-dressed-in-modern-i/1-6580141e6abe47ac92398d43abf1058b?id=Zhbz6mk7ACVpcsboW3X0Bw%3d%3d&view=detailv2&idpp=genimg&idpbck=1&form=BICREC",
  "urlHash": "f8d5b05ecf204cbc037702817535ecb3",
  "download": "https://api.apify.com/v2/key-value-stores/LrAgSnN4OePsEA4TB/records/f8d5b05ecf204cbc037702817535ecb3.zip"
},
{
  "url": "https://www.bing.com/images/create/portrait-photo-of-a-female-cat-dressed-in-modern-i/1-6580141e6abe47ac92398d43abf1058b?id=%2f8tn4iiNQG8p3kLFZrJk0A%3d%3d&view=detailv2&idpp=genimg&idpbck=1&form=BICREC",
  "urlHash": "c2663de122b5811c6795758c6260d160",
  "download": "https://api.apify.com/v2/key-value-stores/LrAgSnN4OePsEA4TB/records/c2663de122b5811c6795758c6260d160.zip"
},
{
  "url": "https://www.bing.com/images/create/portrait-photo-of-a-female-cat-dressed-in-modern-i/1-6580141e6abe47ac92398d43abf1058b?id=rk%2bFQSEf4riD0qukykGGbg%3d%3d&view=detailv2&idpp=genimg&idpbck=1&form=BICREC",
  "urlHash": "e6ef3342c09b89667ff866d6371e44fc",
  "download": "https://api.apify.com/v2/key-value-stores/LrAgSnN4OePsEA4TB/records/e6ef3342c09b89667ff866d6371e44fc.zip"
},
{
  "url": "https://www.bing.com/images/create/portrait-photo-of-a-female-cat-dressed-in-modern-i/1-6580141e6abe47ac92398d43abf1058b?id=2YCvIjO1hQkyXF2IC1ziDA%3d%3d&view=detailv2&idpp=genimg&idpbck=1&form=BICREC",
  "urlHash": "6cce142bd297bf930829e025d3c7bcd3",
  "download": "https://api.apify.com/v2/key-value-stores/LrAgSnN4OePsEA4TB/records/6cce142bd297bf930829e025d3c7bcd3.zip"
},
{
  "url": "https://www.bing.com/images/create/portrait-photo-of-a-female-cat-dressed-in-modern-i/1-65801b7fe87e43109dfb6c6d9006ca6b?id=JN5eGu6OmKVQLOJgA1z%2fkA%3d%3d&view=detailv2&idpp=genimg&idpbck=1&form=BICREC",
  "urlHash": "a1507332233b04b21b9e3d63e0ede44c",
  "download": "https://api.apify.com/v2/key-value-stores/LrAgSnN4OePsEA4TB/records/a1507332233b04b21b9e3d63e0ede44c.zip"
},
{
  "url": "https://www.bing.com/images/create/portrait-photo-of-a-female-cat-dressed-in-modern-i/1-65801b7fe87e43109dfb6c6d9006ca6b?id=%2bGlSIYNWu4fLjckvDkoWPg%3d%3d&view=detailv2&idpp=genimg&idpbck=1&form=BICREC",
  "urlHash": "ce07965b3a08f055c08e69b4bef5cf03",
  "download": "https://api.apify.com/v2/key-value-stores/LrAgSnN4OePsEA4TB/records/ce07965b3a08f055c08e69b4bef5cf03.zip"
},
{
  "url": "https://www.bing.com/images/create/portrait-photo-of-a-female-cat-dressed-in-modern-i/1-65801b7fe87e43109dfb6c6d9006ca6b?id=DbsEbGmplrvTPOfqrbxO0A%3d%3d&view=detailv2&idpp=genimg&idpbck=1&form=BICREC",
  "urlHash": "ac2a8da5a41b9501cc0f6fe485577d9d",
  "download": "https://api.apify.com/v2/key-value-stores/LrAgSnN4OePsEA4TB/records/ac2a8da5a41b9501cc0f6fe485577d9d.zip"
},
{
  "url": "https://www.bing.com/images/create/portrait-photo-of-a-female-cat-dressed-in-modern-i/1-65801b7fe87e43109dfb6c6d9006ca6b?id=6E6L3zE1pCEY%2b%2bQcj29Jbw%3d%3d&view=detailv2&idpp=genimg&idpbck=1&form=BICREC",
  "urlHash": "09954b53ec503c500d27f5cadbbf02f3",
  "download": "https://api.apify.com/v2/key-value-stores/LrAgSnN4OePsEA4TB/records/09954b53ec503c500d27f5cadbbf02f3.zip"
},
{
  "url": "https://www.bing.com/images/create/portrait-photo-of-a-female-cat-dressed-in-modern-i/1-65801b640e77449485a0e0feee4d9c66?id=fukZRom4RY8H2eaThWqZ6g%3d%3d&view=detailv2&idpp=genimg&idpbck=1&form=BICREC",
  "urlHash": "5526e703eb93966e03966a353caa0dff",
  "download": "https://api.apify.com/v2/key-value-stores/LrAgSnN4OePsEA4TB/records/5526e703eb93966e03966a353caa0dff.zip"
},
{
  "url": "https://www.bing.com/images/create/portrait-photo-of-a-female-cat-dressed-in-modern-i/1-65801b640e77449485a0e0feee4d9c66?id=JfBndYkwYGlazgU7OoqqdA%3d%3d&view=detailv2&idpp=genimg&idpbck=1&form=BICREC",
  "urlHash": "0ccd94dc3f7566c734f294dc25f526fe",
  "download": "https://api.apify.com/v2/key-value-stores/LrAgSnN4OePsEA4TB/records/0ccd94dc3f7566c734f294dc25f526fe.zip"
},
{
  "url": "https://www.bing.com/images/create/portrait-photo-of-a-female-cat-dressed-in-modern-i/1-65801b640e77449485a0e0feee4d9c66?id=yMAC%2fBR3YyJ352odSL3pGg%3d%3d&view=detailv2&idpp=genimg&idpbck=1&form=BICREC",
  "urlHash": "5fcc551f43f857de3adcdd2426579f90",
  "download": "https://api.apify.com/v2/key-value-stores/LrAgSnN4OePsEA4TB/records/5fcc551f43f857de3adcdd2426579f90.zip"
},
{
  "url": "https://www.bing.com/images/create/portrait-photo-of-a-female-cat-dressed-in-modern-i/1-65801b640e77449485a0e0feee4d9c66?id=CdhKIeGshsNGslpJjCVmhg%3d%3d&view=detailv2&idpp=genimg&idpbck=1&form=BICREC",
  "urlHash": "1916bebc8ed6f92637bea17582367323",
  "download": "https://api.apify.com/v2/key-value-stores/LrAgSnN4OePsEA4TB/records/1916bebc8ed6f92637bea17582367323.zip"
},
{
  "url": "https://www.bing.com/images/create/portrait-photo-of-a-female-cat-dressed-in-modern-i/1-65801b4a4b794eaab9a0e3250223a42b?id=7Kt53fcppMA0ZrjF8D8gaQ%3d%3d&view=detailv2&idpp=genimg&idpbck=1&form=BICREC",
  "urlHash": "53eb9b2a78440dc5ffe80db8aa82d51e",
  "download": "https://api.apify.com/v2/key-value-stores/LrAgSnN4OePsEA4TB/records/53eb9b2a78440dc5ffe80db8aa82d51e.zip"
},
{
  "url": "https://www.bing.com/images/create/portrait-photo-of-a-female-cat-dressed-in-modern-i/1-65801b4a4b794eaab9a0e3250223a42b?id=Upa6V3TUlnbBHIcLebHtLA%3d%3d&view=detailv2&idpp=genimg&idpbck=1&form=BICREC",
  "urlHash": "218d9561cdb6b0c20d376cad5538a8f6",
  "download": "https://api.apify.com/v2/key-value-stores/LrAgSnN4OePsEA4TB/records/218d9561cdb6b0c20d376cad5538a8f6.zip"
},
{
  "url": "https://www.bing.com/images/create/portrait-photo-of-a-female-cat-dressed-in-modern-i/1-65801b4a4b794eaab9a0e3250223a42b?id=J9%2bbr5bXKkTmEC9Jbz56iw%3d%3d&view=detailv2&idpp=genimg&idpbck=1&form=BICREC",
  "urlHash": "083ca199445f00d79f16addf3733b776",
  "download": "https://api.apify.com/v2/key-value-stores/LrAgSnN4OePsEA4TB/records/083ca199445f00d79f16addf3733b776.zip"
},
{
  "url": "https://www.bing.com/images/create/portrait-photo-of-a-female-cat-dressed-in-modern-i/1-65801b4a4b794eaab9a0e3250223a42b?id=tsu5bR79B30BVJ0Y1Bv6aQ%3d%3d&view=detailv2&idpp=genimg&idpbck=1&form=BICREC",
  "urlHash": "f52f033f540a9334700dd04ef3e99009",
  "download": "https://api.apify.com/v2/key-value-stores/LrAgSnN4OePsEA4TB/records/f52f033f540a9334700dd04ef3e99009.zip"
},
{
  "url": "https://www.bing.com/images/create/portrait-photo-of-a-female-cat-dressed-in-modern-i/1-65801af332df4b08a7562c09de995cab?id=zl8bRDbhW4boWQ1kXgxDsw%3d%3d&view=detailv2&idpp=genimg&idpbck=1&form=BICREC",
  "urlHash": "bb8f75412c8cb7c2ed6919111882a3da",
  "download": "https://api.apify.com/v2/key-value-stores/LrAgSnN4OePsEA4TB/records/bb8f75412c8cb7c2ed6919111882a3da.zip"
},
{
  "url": "https://www.bing.com/images/create/portrait-photo-of-a-female-cat-dressed-in-modern-i/1-65801af332df4b08a7562c09de995cab?id=zDeyAisqdcWLndpQ6P88pA%3d%3d&view=detailv2&idpp=genimg&idpbck=1&form=BICREC",
  "urlHash": "39f8e36359a1e4cbf361489acd7b7258",
  "download": "https://api.apify.com/v2/key-value-stores/LrAgSnN4OePsEA4TB/records/39f8e36359a1e4cbf361489acd7b7258.zip"
},
{
  "url": "https://www.bing.com/images/create/portrait-photo-of-a-female-cat-dressed-in-modern-i/1-65801af332df4b08a7562c09de995cab?id=gWd34IZUxEAARJXDl8Ohcg%3d%3d&view=detailv2&idpp=genimg&idpbck=1&form=BICREC",
  "urlHash": "43a35c9b44a31c4d78acbcbfb05910aa",
  "download": "https://api.apify.com/v2/key-value-stores/LrAgSnN4OePsEA4TB/records/43a35c9b44a31c4d78acbcbfb05910aa.zip"
},
{
  "url": "https://www.bing.com/images/create/portrait-photo-of-a-female-cat-dressed-in-modern-i/1-65801af332df4b08a7562c09de995cab?id=ZtoABkLUF5Z%2fQ%2f8UquXE9A%3d%3d&view=detailv2&idpp=genimg&idpbck=1&form=BICREC",
  "urlHash": "6d4f83c0fdba675f06bdbf0984e25a25",
  "download": "https://api.apify.com/v2/key-value-stores/LrAgSnN4OePsEA4TB/records/6d4f83c0fdba675f06bdbf0984e25a25.zip"
},
{
  "url": "https://www.bing.com/images/create/portrait-photo-of-a-female-cat-dressed-in-modern-i/1-658016a72a6d45ecae71e49b2b3705fd?id=JYLoDgnqK4EKRAJLAyBoxw%3d%3d&view=detailv2&idpp=genimg&idpbck=1&form=BICREC",
  "urlHash": "919539c33cd4e29f77f1dba030212f20",
  "download": "https://api.apify.com/v2/key-value-stores/LrAgSnN4OePsEA4TB/records/919539c33cd4e29f77f1dba030212f20.zip"
},
{
  "url": "https://www.bing.com/images/create/portrait-photo-of-a-female-cat-dressed-in-modern-i/1-658016a72a6d45ecae71e49b2b3705fd?id=XJFStqunu3XhOmyxx7fnLA%3d%3d&view=detailv2&idpp=genimg&idpbck=1&form=BICREC",
  "urlHash": "0fbcee2ee6de1210bb023dd0302666fc",
  "download": "https://api.apify.com/v2/key-value-stores/LrAgSnN4OePsEA4TB/records/0fbcee2ee6de1210bb023dd0302666fc.zip"
},
{
  "url": "https://www.bing.com/images/create/portrait-photo-of-a-female-cat-dressed-in-modern-i/1-658016a72a6d45ecae71e49b2b3705fd?id=oS8xl5oy7na7h%2fT8ICJiYA%3d%3d&view=detailv2&idpp=genimg&idpbck=1&form=BICREC",
  "urlHash": "81e2f799794029b972e37bf901015995",
  "download": "https://api.apify.com/v2/key-value-stores/LrAgSnN4OePsEA4TB/records/81e2f799794029b972e37bf901015995.zip"
},
{
  "url": "https://www.bing.com/images/create/portrait-photo-of-a-female-cat-dressed-in-modern-i/1-658016a72a6d45ecae71e49b2b3705fd?id=CN546D8WikXqqE7x1%2fPRFw%3d%3d&view=detailv2&idpp=genimg&idpbck=1&form=BICREC",
  "urlHash": "5568c157969075587fec1a20c06e1232",
  "download": "https://api.apify.com/v2/key-value-stores/LrAgSnN4OePsEA4TB/records/5568c157969075587fec1a20c06e1232.zip"
},
{
  "url": "https://www.bing.com/images/create/portrait-photo-of-a-female-cat-dressed-in-modern-i/1-6580168889524ebab66e63fb0c5a3811?id=oT%2b1XNklACGpnW8qhcnPEA%3d%3d&view=detailv2&idpp=genimg&idpbck=1&form=BICREC",
  "urlHash": "2327caa7acdc4a78db9ce5f0b82c5b1c",
  "download": "https://api.apify.com/v2/key-value-stores/LrAgSnN4OePsEA4TB/records/2327caa7acdc4a78db9ce5f0b82c5b1c.zip"
},
{
  "url": "https://www.bing.com/images/create/portrait-photo-of-a-female-cat-dressed-in-modern-i/1-6580168889524ebab66e63fb0c5a3811?id=tfuNBr0YTenuU2HeQuic6A%3d%3d&view=detailv2&idpp=genimg&idpbck=1&form=BICREC",
  "urlHash": "b1789f731278e99f9c4bd34be9c1750c",
  "download": "https://api.apify.com/v2/key-value-stores/LrAgSnN4OePsEA4TB/records/b1789f731278e99f9c4bd34be9c1750c.zip"
},
{
  "url": "https://www.bing.com/images/create/portrait-photo-of-a-female-cat-dressed-in-modern-i/1-6580168889524ebab66e63fb0c5a3811?id=dkHzw0UVL1wwlQSLqbgm9A%3d%3d&view=detailv2&idpp=genimg&idpbck=1&form=BICREC",
  "urlHash": "8e1af4eea60fbfe0c08e687e043f2e1b",
  "download": "https://api.apify.com/v2/key-value-stores/LrAgSnN4OePsEA4TB/records/8e1af4eea60fbfe0c08e687e043f2e1b.zip"
},
{
  "url": "https://www.bing.com/images/create/portrait-photo-of-a-female-cat-dressed-in-modern-i/1-6580168889524ebab66e63fb0c5a3811?id=tuxNuqQPN%2bLSvEWlorI53g%3d%3d&view=detailv2&idpp=genimg&idpbck=1&form=BICREC",
  "urlHash": "6d6f3825f3cf7807f4b7a0192539ae5c",
  "download": "https://api.apify.com/v2/key-value-stores/LrAgSnN4OePsEA4TB/records/6d6f3825f3cf7807f4b7a0192539ae5c.zip"
},
{
  "url": "https://www.bing.com/images/create/portrait-photo-of-a-female-cat-dressed-in-modern-i/1-65801662b744460da32f8c10d5ebca5d?id=Vd%2fGEniEDCAr93tcmJl%2fIA%3d%3d&view=detailv2&idpp=genimg&idpbck=1&form=BICREC",
  "urlHash": "45a83e1aa09c48cb92512b915bfde6d7",
  "download": "https://api.apify.com/v2/key-value-stores/LrAgSnN4OePsEA4TB/records/45a83e1aa09c48cb92512b915bfde6d7.zip"
},
{
  "url": "https://www.bing.com/images/create/portrait-photo-of-a-female-cat-dressed-in-modern-i/1-65801662b744460da32f8c10d5ebca5d?id=qeZZQ0waUJM3jNS7VNY0iw%3d%3d&view=detailv2&idpp=genimg&idpbck=1&form=BICREC",
  "urlHash": "381fa8ba7d95b2fe8727f2d22632e936",
  "download": "https://api.apify.com/v2/key-value-stores/LrAgSnN4OePsEA4TB/records/381fa8ba7d95b2fe8727f2d22632e936.zip"
},
{
  "url": "https://www.bing.com/images/create/portrait-photo-of-a-female-cat-dressed-in-modern-i/1-65801662b744460da32f8c10d5ebca5d?id=Yq5ZEO6NDnmGeLh6mQE1tw%3d%3d&view=detailv2&idpp=genimg&idpbck=1&form=BICREC",
  "urlHash": "5fd9f4a86bece64a75e34961f7a388f7",
  "download": "https://api.apify.com/v2/key-value-stores/LrAgSnN4OePsEA4TB/records/5fd9f4a86bece64a75e34961f7a388f7.zip"
},
{
  "url": "https://www.bing.com/images/create/portrait-photo-of-a-female-cat-dressed-in-modern-i/1-65801662b744460da32f8c10d5ebca5d?id=xN03swXcAmEo32qG0CYhjA%3d%3d&view=detailv2&idpp=genimg&idpbck=1&form=BICREC",
  "urlHash": "8ec6ffb728b3faf110ba23744f64d75f",
  "download": "https://api.apify.com/v2/key-value-stores/LrAgSnN4OePsEA4TB/records/8ec6ffb728b3faf110ba23744f64d75f.zip"
},
{
  "url": "https://www.bing.com/images/create/portrait-photo-of-a-female-cat-dressed-in-modern-i/1-6580163a203c42c9a1a263d4ab304c5d?id=%2fq79Y2t4KFI4HpwOXzbS7w%3d%3d&view=detailv2&idpp=genimg&idpbck=1&form=BICREC",
  "urlHash": "f1e946bdd244934ec560e5885843d8c7",
  "download": "https://api.apify.com/v2/key-value-stores/LrAgSnN4OePsEA4TB/records/f1e946bdd244934ec560e5885843d8c7.zip"
},
{
  "url": "https://www.bing.com/images/create/portrait-photo-of-a-female-cat-dressed-in-modern-i/1-6580163a203c42c9a1a263d4ab304c5d?id=oM3d6GG1%2fdEZ2Zhw5kEgpg%3d%3d&view=detailv2&idpp=genimg&idpbck=1&form=BICREC",
  "urlHash": "c9aec46516b2d4f9ab11a5e090f55907",
  "download": "https://api.apify.com/v2/key-value-stores/LrAgSnN4OePsEA4TB/records/c9aec46516b2d4f9ab11a5e090f55907.zip"
},
{
  "url": "https://www.bing.com/images/create/portrait-photo-of-a-female-cat-dressed-in-modern-i/1-6580163a203c42c9a1a263d4ab304c5d?id=pvrJ%2bvSj4eoZSEHD0jvSiQ%3d%3d&view=detailv2&idpp=genimg&idpbck=1&form=BICREC",
  "urlHash": "d3a7a2f20ef5c735c411e2a8f5b21ac0",
  "download": "https://api.apify.com/v2/key-value-stores/LrAgSnN4OePsEA4TB/records/d3a7a2f20ef5c735c411e2a8f5b21ac0.zip"
},
{
  "url": "https://www.bing.com/images/create/portrait-photo-of-a-female-cat-dressed-in-modern-i/1-6580163a203c42c9a1a263d4ab304c5d?id=MlyN2Ui10HViMds%2bE%2f6qmA%3d%3d&view=detailv2&idpp=genimg&idpbck=1&form=BICREC",
  "urlHash": "9ed0492a5b5ab74eb1ae0c14d8619d70",
  "download": "https://api.apify.com/v2/key-value-stores/LrAgSnN4OePsEA4TB/records/9ed0492a5b5ab74eb1ae0c14d8619d70.zip"
},
{
  "url": "https://www.bing.com/images/create/portrait-photo-of-a-female-cat-dressed-in-modern-i/1-658011f5f08c4ebf83ee7717d139ee76?id=4yhRflqclz%2fbciOHM0Mhpw%3d%3d&view=detailv2&idpp=genimg&idpbck=1&form=BICREC",
  "urlHash": "9988ba1add50da6c9956e4bb2801ec6b",
  "download": "https://api.apify.com/v2/key-value-stores/LrAgSnN4OePsEA4TB/records/9988ba1add50da6c9956e4bb2801ec6b.zip"
},
{
  "url": "https://www.bing.com/images/create/portrait-photo-of-a-female-cat-dressed-in-modern-i/1-658011f5f08c4ebf83ee7717d139ee76?id=1UfstZpW439ksjirEobUnQ%3d%3d&view=detailv2&idpp=genimg&idpbck=1&form=BICREC",
  "urlHash": "f5ead06732efad16698e4010a50b0378",
  "download": "https://api.apify.com/v2/key-value-stores/LrAgSnN4OePsEA4TB/records/f5ead06732efad16698e4010a50b0378.zip"
},
{
  "url": "https://www.bing.com/images/create/portrait-photo-of-a-female-cat-dressed-in-modern-i/1-658011f5f08c4ebf83ee7717d139ee76?id=cF8ktZtjl3C3PN12qkHirg%3d%3d&view=detailv2&idpp=genimg&idpbck=1&form=BICREC",
  "urlHash": "00e61ce82961e3e153188a0e6df19254",
  "download": "https://api.apify.com/v2/key-value-stores/LrAgSnN4OePsEA4TB/records/00e61ce82961e3e153188a0e6df19254.zip"
},
{
  "url": "https://www.bing.com/images/create/portrait-photo-of-a-female-cat-dressed-in-modern-i/1-658011b555914afd8d95ef88510979e5?id=BoXDtxeqElm%2fF%2b%2f8WuN2uA%3d%3d&view=detailv2&idpp=genimg&idpbck=1&form=BICREC",
  "urlHash": "308ff7274d73a857fdc53504fb824393",
  "download": "https://api.apify.com/v2/key-value-stores/LrAgSnN4OePsEA4TB/records/308ff7274d73a857fdc53504fb824393.zip"
},
{
  "url": "https://www.bing.com/images/create/portrait-photo-of-a-female-cat-dressed-in-modern-i/1-658011b555914afd8d95ef88510979e5?id=rCAiMw4xq%2f%2bFHqkCbTHUaw%3d%3d&view=detailv2&idpp=genimg&idpbck=1&form=BICREC",
  "urlHash": "e19d99fd644fddbd848a6983078aee5b",
  "download": "https://api.apify.com/v2/key-value-stores/LrAgSnN4OePsEA4TB/records/e19d99fd644fddbd848a6983078aee5b.zip"
},
{
  "url": "https://www.bing.com/images/create/portrait-photo-of-a-female-cat-dressed-in-modern-i/1-658011f5f08c4ebf83ee7717d139ee76?id=2XEVoWm%2fP4%2fUYqB%2bO%2bZ8Cg%3d%3d&view=detailv2&idpp=genimg&idpbck=1&form=BICREC",
  "urlHash": "ca8d6577ba615c2706149a556e920e7d",
  "download": "https://api.apify.com/v2/key-value-stores/LrAgSnN4OePsEA4TB/records/ca8d6577ba615c2706149a556e920e7d.zip"
},
{
  "url": "https://www.bing.com/images/create/portrait-photo-of-a-female-cat-dressed-in-modern-i/1-658011b555914afd8d95ef88510979e5?id=j8UC2kuobvw6aldUeNrxqw%3d%3d&view=detailv2&idpp=genimg&idpbck=1&form=BICREC",
  "urlHash": "ce5c04ffa44e767f11534d613eb2d22b",
  "download": "https://api.apify.com/v2/key-value-stores/LrAgSnN4OePsEA4TB/records/ce5c04ffa44e767f11534d613eb2d22b.zip"
},
{
  "url": "https://www.bing.com/images/create/portrait-photo-of-a-female-cat-dressed-in-modern-i/1-65801192471c46879a49d6f036573235?id=OokF2PuCWuKiV%2fbckIibmQ%3d%3d&view=detailv2&idpp=genimg&idpbck=1&form=BICREC",
  "urlHash": "a9675f017d062ba984ea51287aacdf8a",
  "download": "https://api.apify.com/v2/key-value-stores/LrAgSnN4OePsEA4TB/records/a9675f017d062ba984ea51287aacdf8a.zip"
},
{
  "url": "https://www.bing.com/images/create/portrait-photo-of-a-female-cat-dressed-in-modern-i/1-658011b555914afd8d95ef88510979e5?id=eCkBGS58SApbaxSCehEZRA%3d%3d&view=detailv2&idpp=genimg&idpbck=1&form=BICREC",
  "urlHash": "868e6a651e330b157e2af8354344aa1a",
  "download": "https://api.apify.com/v2/key-value-stores/LrAgSnN4OePsEA4TB/records/868e6a651e330b157e2af8354344aa1a.zip"
},
{
  "url": "https://www.bing.com/images/create/portrait-photo-of-a-female-cat-dressed-in-modern-i/1-65801192471c46879a49d6f036573235?id=ji7LU%2bMAo4X6s7HdbW6OFg%3d%3d&view=detailv2&idpp=genimg&idpbck=1&form=BICREC",
  "urlHash": "c1f909cfd32ee8da351ae1509a1c716d",
  "download": "https://api.apify.com/v2/key-value-stores/LrAgSnN4OePsEA4TB/records/c1f909cfd32ee8da351ae1509a1c716d.zip"
},
{
  "url": "https://www.bing.com/images/create/portrait-photo-of-a-female-cat-dressed-in-modern-i/1-65801192471c46879a49d6f036573235?id=GrSfzC5SMxWSbi8qppq%2fmg%3d%3d&view=detailv2&idpp=genimg&idpbck=1&form=BICREC",
  "urlHash": "807be37c11cb299537e1a3c57d95f999",
  "download": "https://api.apify.com/v2/key-value-stores/LrAgSnN4OePsEA4TB/records/807be37c11cb299537e1a3c57d95f999.zip"
},
{
  "url": "https://www.bing.com/images/create/portrait-photo-of-a-female-cat-dressed-in-modern-i/1-65801192471c46879a49d6f036573235?id=SSRCV7A%2fWQRSzgU43zbiew%3d%3d&view=detailv2&idpp=genimg&idpbck=1&form=BICREC",
  "urlHash": "91221c98996cba625f288b24ba056460",
  "download": "https://api.apify.com/v2/key-value-stores/LrAgSnN4OePsEA4TB/records/91221c98996cba625f288b24ba056460.zip"
},
{
  "url": "https://www.bing.com/images/create/portrait-photo-of-a-female-cat-dressed-in-modern-i/1-65801175faca420589f301643123f934?id=MwiDyM0vLkOrTSHAKc6pMA%3d%3d&view=detailv2&idpp=genimg&idpbck=1&form=BICREC",
  "urlHash": "3fac2f2064f1967ec475892c6580b526",
  "download": "https://api.apify.com/v2/key-value-stores/LrAgSnN4OePsEA4TB/records/3fac2f2064f1967ec475892c6580b526.zip"
},
{
  "url": "https://www.bing.com/images/create/portrait-photo-of-a-female-cat-dressed-in-modern-i/1-65801175faca420589f301643123f934?id=9ysP%2bmDDR04XAEcO%2buXpYg%3d%3d&view=detailv2&idpp=genimg&idpbck=1&form=BICREC",
  "urlHash": "fb7f3c58142633cb6e3c98099d52160a",
  "download": "https://api.apify.com/v2/key-value-stores/LrAgSnN4OePsEA4TB/records/fb7f3c58142633cb6e3c98099d52160a.zip"
},
{
  "url": "https://www.bing.com/images/create/portrait-photo-of-a-female-cat-dressed-in-modern-i/1-65801175faca420589f301643123f934?id=mxgGBC202L%2b%2brGrSOjUyfQ%3d%3d&view=detailv2&idpp=genimg&idpbck=1&form=BICREC",
  "urlHash": "4037c5767181b194f65a5fa3027a8b44",
  "download": "https://api.apify.com/v2/key-value-stores/LrAgSnN4OePsEA4TB/records/4037c5767181b194f65a5fa3027a8b44.zip"
},
{
  "url": "https://www.bing.com/images/create/portrait-photo-of-a-female-cat-dressed-in-modern-i/1-65801175faca420589f301643123f934?id=sbVvUiNPj5rRALdisB%2fiSw%3d%3d&view=detailv2&idpp=genimg&idpbck=1&form=BICREC",
  "urlHash": "9d46b15d2b2fc7b8efd834044d1c703e",
  "download": "https://api.apify.com/v2/key-value-stores/LrAgSnN4OePsEA4TB/records/9d46b15d2b2fc7b8efd834044d1c703e.zip"
},
{
  "url": "https://www.bing.com/images/create/portrait-photo-of-a-female-cat-dressed-in-modern-i/1-6580110100ca4eaabcaa405de4bc36d8?id=venFbXyPdpFv7NVHnbG9PA%3d%3d&view=detailv2&idpp=genimg&idpbck=1&form=BICREC",
  "urlHash": "61e97171bddcc816f160423928e40959",
  "download": "https://api.apify.com/v2/key-value-stores/LrAgSnN4OePsEA4TB/records/61e97171bddcc816f160423928e40959.zip"
},
{
  "url": "https://www.bing.com/images/create/portrait-photo-of-a-female-cat-dressed-in-modern-i/1-6580110100ca4eaabcaa405de4bc36d8?id=k7m1AQIAYkKYHXLQez2Pmg%3d%3d&view=detailv2&idpp=genimg&idpbck=1&form=BICREC",
  "urlHash": "26fae84ccdfc70be183b032b4101e665",
  "download": "https://api.apify.com/v2/key-value-stores/LrAgSnN4OePsEA4TB/records/26fae84ccdfc70be183b032b4101e665.zip"
},
{
  "url": "https://www.bing.com/images/create/portrait-photo-of-a-female-cat-dressed-in-modern-i/1-6580110100ca4eaabcaa405de4bc36d8?id=vlBLz6dmfmUxx7%2fWscqMfQ%3d%3d&view=detailv2&idpp=genimg&idpbck=1&form=BICREC",
  "urlHash": "d4fb417556bd579d95c9fd3823373d88",
  "download": "https://api.apify.com/v2/key-value-stores/LrAgSnN4OePsEA4TB/records/d4fb417556bd579d95c9fd3823373d88.zip"
},
{
  "url": "https://www.bing.com/images/create/portrait-photo-of-a-female-cat-dressed-in-modern-i/1-6580110100ca4eaabcaa405de4bc36d8?id=nGNIOib0pEFUFRsqHMrgHg%3d%3d&view=detailv2&idpp=genimg&idpbck=1&form=BICREC",
  "urlHash": "53d22d7f7330b36d04b4180d6b5444fc",
  "download": "https://api.apify.com/v2/key-value-stores/LrAgSnN4OePsEA4TB/records/53d22d7f7330b36d04b4180d6b5444fc.zip"
},
{
  "url": "https://www.bing.com/images/create/portrait-photo-of-a-female-dog-dressed-in-modern-i/1-657d460b983841128794ebc6de9555cb?id=w%2fHdkm7iqWZU6AVTgJsjog%3d%3d&view=detailv2&idpp=genimg&idpbck=1&form=BICREC",
  "urlHash": "4cc36b7fb9b782dc9053b3559df7d4cc",
  "download": "https://api.apify.com/v2/key-value-stores/LrAgSnN4OePsEA4TB/records/4cc36b7fb9b782dc9053b3559df7d4cc.zip"
},
{
  "url": "https://www.bing.com/images/create/portrait-photo-of-a-female-dog-dressed-in-modern-i/1-657d460b983841128794ebc6de9555cb?id=%2blooDR5N5sJFXibc93rUog%3d%3d&view=detailv2&idpp=genimg&idpbck=1&form=BICREC",
  "urlHash": "b8010294cee901621364f0750fd9e311",
  "download": "https://api.apify.com/v2/key-value-stores/LrAgSnN4OePsEA4TB/records/b8010294cee901621364f0750fd9e311.zip"
},
{
  "url": "https://www.bing.com/images/create/portrait-photo-of-a-female-dog-dressed-in-modern-i/1-657d460b983841128794ebc6de9555cb?id=yb3EvSiRgzYf%2bSkl73JgxA%3d%3d&view=detailv2&idpp=genimg&idpbck=1&form=BICREC",
  "urlHash": "fff95f58a994c2abe3ff482fb14c4eac",
  "download": "https://api.apify.com/v2/key-value-stores/LrAgSnN4OePsEA4TB/records/fff95f58a994c2abe3ff482fb14c4eac.zip"
},
{
  "url": "https://www.bing.com/images/create/portrait-photo-of-a-female-dog-dressed-in-modern-i/1-657d460b983841128794ebc6de9555cb?id=a1l094pG8IGmae6yxwhA3w%3d%3d&view=detailv2&idpp=genimg&idpbck=1&form=BICREC",
  "urlHash": "fc4343fc55b8058ff7d730275405c217",
  "download": "https://api.apify.com/v2/key-value-stores/LrAgSnN4OePsEA4TB/records/fc4343fc55b8058ff7d730275405c217.zip"
},
{
  "url": "https://www.bing.com/images/create/portrait-photo-of-a-female-dog-dressed-in-modern-i/1-657d45f23c464efe8a2e9e569b0dc2cc?id=V%2f1wKI5WoLvgB10%2b8YObYw%3d%3d&view=detailv2&idpp=genimg&idpbck=1&form=BICREC",
  "urlHash": "ded63071398dde02beb17966c7bcd582",
  "download": "https://api.apify.com/v2/key-value-stores/LrAgSnN4OePsEA4TB/records/ded63071398dde02beb17966c7bcd582.zip"
},
{
  "url": "https://www.bing.com/images/create/portrait-photo-of-a-female-dog-dressed-in-modern-i/1-657d45f23c464efe8a2e9e569b0dc2cc?id=%2bdFDIIsaQK%2bZn3jDXe%2bJlQ%3d%3d&view=detailv2&idpp=genimg&idpbck=1&form=BICREC",
  "urlHash": "3f0e8c835f630b5bb9c615fd49375b1a",
  "download": "https://api.apify.com/v2/key-value-stores/LrAgSnN4OePsEA4TB/records/3f0e8c835f630b5bb9c615fd49375b1a.zip"
},
{
  "url": "https://www.bing.com/images/create/portrait-photo-of-a-female-dog-dressed-in-modern-i/1-657d45f23c464efe8a2e9e569b0dc2cc?id=K9CKZAF77HzPslUXcEAteQ%3d%3d&view=detailv2&idpp=genimg&idpbck=1&form=BICREC",
  "urlHash": "ada2d9a790ae2d283f5ac02778ad5b53",
  "download": "https://api.apify.com/v2/key-value-stores/LrAgSnN4OePsEA4TB/records/ada2d9a790ae2d283f5ac02778ad5b53.zip"
},
{
  "url": "https://www.bing.com/images/create/portrait-photo-of-a-female-dog-dressed-in-modern-i/1-657d45f23c464efe8a2e9e569b0dc2cc?id=DAqDST2XdUUX9TFO%2fXr3SQ%3d%3d&view=detailv2&idpp=genimg&idpbck=1&form=BICREC",
  "urlHash": "f0881d759547386477ec452aadf44ed4",
  "download": "https://api.apify.com/v2/key-value-stores/LrAgSnN4OePsEA4TB/records/f0881d759547386477ec452aadf44ed4.zip"
},
{
  "url": "https://www.bing.com/images/create/portrait-photo-of-a-female-dog-dressed-in-modern-i/1-657d45d800f34908a12e2c757393e71e?id=3Om%2fxS6SlT0ZvZfAtpKGrQ%3d%3d&view=detailv2&idpp=genimg&idpbck=1&form=BICREC",
  "urlHash": "708773ca1824ff30218424e6c3dd5b38",
  "download": "https://api.apify.com/v2/key-value-stores/LrAgSnN4OePsEA4TB/records/708773ca1824ff30218424e6c3dd5b38.zip"
},
{
  "url": "https://www.bing.com/images/create/portrait-photo-of-a-female-dog-dressed-in-modern-i/1-657d45d800f34908a12e2c757393e71e?id=nHkc%2fp5zgOA06VPwB5hTKw%3d%3d&view=detailv2&idpp=genimg&idpbck=1&form=BICREC",
  "urlHash": "ddd595799d18f6dd6e5c3f8f3ed77c18",
  "download": "https://api.apify.com/v2/key-value-stores/LrAgSnN4OePsEA4TB/records/ddd595799d18f6dd6e5c3f8f3ed77c18.zip"
},
{
  "url": "https://www.bing.com/images/create/portrait-photo-of-a-female-dog-dressed-in-modern-i/1-657d45d800f34908a12e2c757393e71e?id=XDMouAKL5vK5H2AqE56o%2fQ%3d%3d&view=detailv2&idpp=genimg&idpbck=1&form=BICREC",
  "urlHash": "602bfcd1a8c6bf212126d8c2c15ce89e",
  "download": "https://api.apify.com/v2/key-value-stores/LrAgSnN4OePsEA4TB/records/602bfcd1a8c6bf212126d8c2c15ce89e.zip"
},
{
  "url": "https://www.bing.com/images/create/portrait-photo-of-a-female-dog-dressed-in-modern-i/1-657d45d800f34908a12e2c757393e71e?id=eNXntQAKs2lVqtJv0Uz4QQ%3d%3d&view=detailv2&idpp=genimg&idpbck=1&form=BICREC",
  "urlHash": "5cc7ca97b39e33e7e8728126e3ad0d93",
  "download": "https://api.apify.com/v2/key-value-stores/LrAgSnN4OePsEA4TB/records/5cc7ca97b39e33e7e8728126e3ad0d93.zip"
},
{
  "url": "https://www.bing.com/images/create/portrait-photo-of-a-female-dog-dressed-in-modern-i/1-657d45b9e2ee48e79db89f72b8a2d8c2?id=f5Hm0Q1CqalYFF7nAX4Iog%3d%3d&view=detailv2&idpp=genimg&idpbck=1&form=BICREC",
  "urlHash": "e748b18504824068920499270af973bc",
  "download": "https://api.apify.com/v2/key-value-stores/LrAgSnN4OePsEA4TB/records/e748b18504824068920499270af973bc.zip"
},
{
  "url": "https://www.bing.com/images/create/portrait-photo-of-a-female-dog-dressed-in-modern-i/1-657d45b9e2ee48e79db89f72b8a2d8c2?id=%2flaeGd5KzNkyixhEbZ7EaA%3d%3d&view=detailv2&idpp=genimg&idpbck=1&form=BICREC",
  "urlHash": "a1236522ada51ca07695eb57b01c14af",
  "download": "https://api.apify.com/v2/key-value-stores/LrAgSnN4OePsEA4TB/records/a1236522ada51ca07695eb57b01c14af.zip"
},
{
  "url": "https://www.bing.com/images/create/portrait-photo-of-a-female-dog-dressed-in-modern-i/1-657d45b9e2ee48e79db89f72b8a2d8c2?id=cGG7Holc84dg6cP1J%2bsrsw%3d%3d&view=detailv2&idpp=genimg&idpbck=1&form=BICREC",
  "urlHash": "f66a3fd88a02d45a08b4a0c1f6de9ad8",
  "download": "https://api.apify.com/v2/key-value-stores/LrAgSnN4OePsEA4TB/records/f66a3fd88a02d45a08b4a0c1f6de9ad8.zip"
},
{
  "url": "https://www.bing.com/images/create/portrait-photo-of-a-female-cat-dressed-in-modern-i/1-6580146f3efa4f868328629997ab9766?id=qXgflkz6KFt%2ffdJDrQ9LBg%3d%3d&view=detailv2&idpp=genimg&idpbck=1&form=BICREC",
  "urlHash": "8a17a41c3f35231d1df37bcf4e7c711c",
  "download": "https://api.apify.com/v2/key-value-stores/LrAgSnN4OePsEA4TB/records/8a17a41c3f35231d1df37bcf4e7c711c.zip"
},
{
  "url": "https://www.bing.com/images/create/portrait-photo-of-a-female-cat-dressed-in-modern-i/1-658014988fd748f2b1e8857bb3461fcd?id=wt%2fF%2fGIlzDb8abbSKTY%2b6w%3d%3d&view=detailv2&idpp=genimg&idpbck=1&form=BICREC",
  "urlHash": "640c2ac532baad1be3f6cc5504c00438",
  "download": "https://api.apify.com/v2/key-value-stores/LrAgSnN4OePsEA4TB/records/640c2ac532baad1be3f6cc5504c00438.zip"
},
{
  "url": "https://www.bing.com/images/create/portrait-photo-of-a-female-cat-dressed-in-modern-i/1-658014988fd748f2b1e8857bb3461fcd?id=m1KEcIUI25ZOqPa1ZpajmQ%3d%3d&view=detailv2&idpp=genimg&idpbck=1&form=BICREC",
  "urlHash": "7155fd80e336e9cd8009f83bf66695da",
  "download": "https://api.apify.com/v2/key-value-stores/LrAgSnN4OePsEA4TB/records/7155fd80e336e9cd8009f83bf66695da.zip"
},
{
  "url": "https://www.bing.com/images/create/portrait-photo-of-a-female-dog-dressed-in-modern-i/1-657d45b9e2ee48e79db89f72b8a2d8c2?id=myMIDSso99mD2J%2bpgo43CQ%3d%3d&view=detailv2&idpp=genimg&idpbck=1&form=BICREC",
  "urlHash": "81cac56b9627f1b5033160de3bd98b8d",
  "download": "https://api.apify.com/v2/key-value-stores/LrAgSnN4OePsEA4TB/records/81cac56b9627f1b5033160de3bd98b8d.zip"
},
{
  "url": "https://www.bing.com/images/create/portrait-photo-of-a-female-dog-dressed-in-modern-i/1-657d47094fb24350a162c6c7c7708d34?id=xXMceccJClkIm7c1XrcXIg%3d%3d&view=detailv2&idpp=genimg&idpbck=1&form=BICREC",
  "urlHash": "fceea715665d3df41be40c2b9bc7199d",
  "download": "https://api.apify.com/v2/key-value-stores/LrAgSnN4OePsEA4TB/records/fceea715665d3df41be40c2b9bc7199d.zip"
},
{
  "url": "https://www.bing.com/images/create/portrait-photo-of-a-female-dog-dressed-in-modern-i/1-657d47094fb24350a162c6c7c7708d34?id=afhV9zTmlcofMUXR%2fTflUA%3d%3d&view=detailv2&idpp=genimg&idpbck=1&form=BICREC",
  "urlHash": "1e856c77c0c8d9c1ca96643d9e81bef1",
  "download": "https://api.apify.com/v2/key-value-stores/LrAgSnN4OePsEA4TB/records/1e856c77c0c8d9c1ca96643d9e81bef1.zip"
},
{
  "url": "https://www.bing.com/images/create/portrait-photo-of-a-female-dog-dressed-in-modern-i/1-657d47094fb24350a162c6c7c7708d34?id=Ic%2fbIZHE3tmGtJDX%2fMu9WA%3d%3d&view=detailv2&idpp=genimg&idpbck=1&form=BICREC",
  "urlHash": "2e59cacd25a8a0ba2e86dabbce936d52",
  "download": "https://api.apify.com/v2/key-value-stores/LrAgSnN4OePsEA4TB/records/2e59cacd25a8a0ba2e86dabbce936d52.zip"
},
{
  "url": "https://www.bing.com/images/create/portrait-photo-of-a-female-dog-dressed-in-modern-i/1-657d47094fb24350a162c6c7c7708d34?id=ex6zGM2Bai9IaWqUguZxNw%3d%3d&view=detailv2&idpp=genimg&idpbck=1&form=BICREC",
  "urlHash": "65acaa109b1f553cbdd4a70d601bf160",
  "download": "https://api.apify.com/v2/key-value-stores/LrAgSnN4OePsEA4TB/records/65acaa109b1f553cbdd4a70d601bf160.zip"
},
{
  "url": "https://www.bing.com/images/create/portrait-photo-of-a-female-dog-dressed-in-modern-i/1-657d46f02851414d93811717c8d4b8ed?id=bkqjTXYhon5ewWFiGAXNTg%3d%3d&view=detailv2&idpp=genimg&idpbck=1&form=BICREC",
  "urlHash": "dc8647297dc2daf363caa68cbcb5013d",
  "download": "https://api.apify.com/v2/key-value-stores/LrAgSnN4OePsEA4TB/records/dc8647297dc2daf363caa68cbcb5013d.zip"
},
{
  "url": "https://www.bing.com/images/create/portrait-photo-of-a-female-dog-dressed-in-modern-i/1-657d46f02851414d93811717c8d4b8ed?id=LThIMlIw5cdZLReKKcnv8w%3d%3d&view=detailv2&idpp=genimg&idpbck=1&form=BICREC",
  "urlHash": "076206efaeacac38ea5b012f0709ca31",
  "download": "https://api.apify.com/v2/key-value-stores/LrAgSnN4OePsEA4TB/records/076206efaeacac38ea5b012f0709ca31.zip"
},
{
  "url": "https://www.bing.com/images/create/portrait-photo-of-a-female-dog-dressed-in-modern-i/1-657d46f02851414d93811717c8d4b8ed?id=sp1tkXEFFpWlVjYQyojMPA%3d%3d&view=detailv2&idpp=genimg&idpbck=1&form=BICREC",
  "urlHash": "ea11ea102bf0393819e9b2958be09cf8",
  "download": "https://api.apify.com/v2/key-value-stores/LrAgSnN4OePsEA4TB/records/ea11ea102bf0393819e9b2958be09cf8.zip"
},
{
  "url": "https://www.bing.com/images/create/portrait-photo-of-a-female-dog-dressed-in-modern-i/1-657d46f02851414d93811717c8d4b8ed?id=RKgqMG8kJhiXt4lGxqd91w%3d%3d&view=detailv2&idpp=genimg&idpbck=1&form=BICREC",
  "urlHash": "7e1df20de343c60c15084b81881e9556",
  "download": "https://api.apify.com/v2/key-value-stores/LrAgSnN4OePsEA4TB/records/7e1df20de343c60c15084b81881e9556.zip"
},
{
  "url": "https://www.bing.com/images/create/portrait-photo-of-a-female-dog-dressed-in-modern-i/1-657d46dcd9d44fc5bd60ac74b26dde5a?id=3I%2fXshqEayfXShdjKMCB0g%3d%3d&view=detailv2&idpp=genimg&idpbck=1&form=BICREC",
  "urlHash": "8bc5be21471298de854110661dabb802",
  "download": "https://api.apify.com/v2/key-value-stores/LrAgSnN4OePsEA4TB/records/8bc5be21471298de854110661dabb802.zip"
},
{
  "url": "https://www.bing.com/images/create/portrait-photo-of-a-female-dog-dressed-in-modern-i/1-657d46dcd9d44fc5bd60ac74b26dde5a?id=9lVPOCILGJJJVDhFDeKplA%3d%3d&view=detailv2&idpp=genimg&idpbck=1&form=BICREC",
  "urlHash": "a40361cbfe4dcc12a6427dd057615096",
  "download": "https://api.apify.com/v2/key-value-stores/LrAgSnN4OePsEA4TB/records/a40361cbfe4dcc12a6427dd057615096.zip"
},
{
  "url": "https://www.bing.com/images/create/portrait-photo-of-a-female-dog-dressed-in-modern-i/1-657d46dcd9d44fc5bd60ac74b26dde5a?id=CPrEjmSmd42wgdynbHhniA%3d%3d&view=detailv2&idpp=genimg&idpbck=1&form=BICREC",
  "urlHash": "bb9f938f59d8b40155f8c759a9dddffb",
  "download": "https://api.apify.com/v2/key-value-stores/LrAgSnN4OePsEA4TB/records/bb9f938f59d8b40155f8c759a9dddffb.zip"
},
{
  "url": "https://www.bing.com/images/create/portrait-photo-of-a-female-dog-dressed-in-modern-i/1-657d46dcd9d44fc5bd60ac74b26dde5a?id=2WmAjId5M9lVbJtTFT1z%2bA%3d%3d&view=detailv2&idpp=genimg&idpbck=1&form=BICREC",
  "urlHash": "fc19b10b67be01cbe7e2487e39bceef4",
  "download": "https://api.apify.com/v2/key-value-stores/LrAgSnN4OePsEA4TB/records/fc19b10b67be01cbe7e2487e39bceef4.zip"
},
{
  "url": "https://www.bing.com/images/create/portrait-photo-of-a-female-dog-dressed-in-modern-i/1-657d46bad6b74ff598b027742cb7ad02?id=tgDgRN73JgFmi97XQWoNhQ%3d%3d&view=detailv2&idpp=genimg&idpbck=1&form=BICREC",
  "urlHash": "ebc5044490051f6e311c52fbf37e07dc",
  "download": "https://api.apify.com/v2/key-value-stores/LrAgSnN4OePsEA4TB/records/ebc5044490051f6e311c52fbf37e07dc.zip"
},
{
  "url": "https://www.bing.com/images/create/portrait-photo-of-a-female-dog-dressed-in-modern-i/1-657d46bad6b74ff598b027742cb7ad02?id=xolrye1i0eJAN5bu7CJ6hQ%3d%3d&view=detailv2&idpp=genimg&idpbck=1&form=BICREC",
  "urlHash": "3011b7a59effe0a1228c724a564de5f0",
  "download": "https://api.apify.com/v2/key-value-stores/LrAgSnN4OePsEA4TB/records/3011b7a59effe0a1228c724a564de5f0.zip"
},
{
  "url": "https://www.bing.com/images/create/portrait-photo-of-a-female-dog-dressed-in-modern-i/1-657d46bad6b74ff598b027742cb7ad02?id=oE3xXFo2kKWuhOEOK7lvrw%3d%3d&view=detailv2&idpp=genimg&idpbck=1&form=BICREC",
  "urlHash": "45d9816648513430b0e7f2698c808a62",
  "download": "https://api.apify.com/v2/key-value-stores/LrAgSnN4OePsEA4TB/records/45d9816648513430b0e7f2698c808a62.zip"
},
{
  "url": "https://www.bing.com/images/create/portrait-photo-of-a-female-dog-dressed-in-modern-i/1-657d46bad6b74ff598b027742cb7ad02?id=xKnXt9YUccEIqpyPAcYMvQ%3d%3d&view=detailv2&idpp=genimg&idpbck=1&form=BICREC",
  "urlHash": "27f35faf30f5ad8576aed3f705faf06d",
  "download": "https://api.apify.com/v2/key-value-stores/LrAgSnN4OePsEA4TB/records/27f35faf30f5ad8576aed3f705faf06d.zip"
},
{
  "url": "https://www.bing.com/images/create/portrait-photo-of-a-female-dog-dressed-in-modern-i/1-657fea654792476aa24bfff0811b31d9?id=6Aek3j8dKWBm1Jh%2faYbcuQ%3d%3d&view=detailv2&idpp=genimg&idpbck=1&form=BICREC",
  "urlHash": "7b872dad955cb21ddf298d8b88f9b8d2",
  "download": "https://api.apify.com/v2/key-value-stores/LrAgSnN4OePsEA4TB/records/7b872dad955cb21ddf298d8b88f9b8d2.zip"
},
{
  "url": "https://www.bing.com/images/create/portrait-photo-of-a-female-dog-dressed-in-modern-i/1-657fea654792476aa24bfff0811b31d9?id=d%2fsUz8oPZym%2fKvFd2UP0%2fg%3d%3d&view=detailv2&idpp=genimg&idpbck=1&form=BICREC",
  "urlHash": "807a50c9ff2344a52565719c2961b16d",
  "download": "https://api.apify.com/v2/key-value-stores/LrAgSnN4OePsEA4TB/records/807a50c9ff2344a52565719c2961b16d.zip"
},
{
  "url": "https://www.bing.com/images/create/portrait-photo-of-a-female-dog-dressed-in-modern-i/1-657fea654792476aa24bfff0811b31d9?id=r6rrML77naHIjowHTc6I7A%3d%3d&view=detailv2&idpp=genimg&idpbck=1&form=BICREC",
  "urlHash": "85ba560691b84f543a4723a2489098ff",
  "download": "https://api.apify.com/v2/key-value-stores/LrAgSnN4OePsEA4TB/records/85ba560691b84f543a4723a2489098ff.zip"
},
{
  "url": "https://www.bing.com/images/create/portrait-photo-of-a-female-dog-dressed-in-modern-i/1-657fea654792476aa24bfff0811b31d9?id=Z%2bPLw6p5Ms6kBV%2fJ%2bhpnzg%3d%3d&view=detailv2&idpp=genimg&idpbck=1&form=BICREC",
  "urlHash": "546d70b96d485bc1ea49f88959891108",
  "download": "https://api.apify.com/v2/key-value-stores/LrAgSnN4OePsEA4TB/records/546d70b96d485bc1ea49f88959891108.zip"
},
{
  "url": "https://www.bing.com/images/create/portrait-photo-of-a-female-dog-dressed-in-modern-i/1-657fea4926824634a35786f03d3ed168?id=IidYWyDmv6K99sGvNglJ6w%3d%3d&view=detailv2&idpp=genimg&idpbck=1&form=BICREC",
  "urlHash": "d0584dd547d7e214ace3290560e61c53",
  "download": "https://api.apify.com/v2/key-value-stores/LrAgSnN4OePsEA4TB/records/d0584dd547d7e214ace3290560e61c53.zip"
},
{
  "url": "https://www.bing.com/images/create/portrait-photo-of-a-female-dog-dressed-in-modern-i/1-657fea4926824634a35786f03d3ed168?id=pvHGQBXCcTW3y5KapU6wwQ%3d%3d&view=detailv2&idpp=genimg&idpbck=1&form=BICREC",
  "urlHash": "11af84043746db6591774c5568af612e",
  "download": "https://api.apify.com/v2/key-value-stores/LrAgSnN4OePsEA4TB/records/11af84043746db6591774c5568af612e.zip"
},
{
  "url": "https://www.bing.com/images/create/portrait-photo-of-a-female-dog-dressed-in-modern-i/1-657fea4926824634a35786f03d3ed168?id=6%2byMHGFJ60E3t%2bHabye0aQ%3d%3d&view=detailv2&idpp=genimg&idpbck=1&form=BICREC",
  "urlHash": "bbfeb5f9edee3c48aee893be9f424945",
  "download": "https://api.apify.com/v2/key-value-stores/LrAgSnN4OePsEA4TB/records/bbfeb5f9edee3c48aee893be9f424945.zip"
},
{
  "url": "https://www.bing.com/images/create/portrait-photo-of-a-female-dog-dressed-in-modern-i/1-657fea4926824634a35786f03d3ed168?id=D5dajgcHRu%2frThiOOt%2fwDg%3d%3d&view=detailv2&idpp=genimg&idpbck=1&form=BICREC",
  "urlHash": "3adeb43e32cdb8b7b26f0efc86d3ceea",
  "download": "https://api.apify.com/v2/key-value-stores/LrAgSnN4OePsEA4TB/records/3adeb43e32cdb8b7b26f0efc86d3ceea.zip"
},
{
  "url": "https://www.bing.com/images/create/portrait-photo-of-a-female-dog-dressed-in-modern-i/1-657fea2fef7f41ad91cb056ca3db6e4c?id=FH2cZI6weOa907bRtQ9xnA%3d%3d&view=detailv2&idpp=genimg&idpbck=1&form=BICREC",
  "urlHash": "0d6ff67486e326e568428d03ff034086",
  "download": "https://api.apify.com/v2/key-value-stores/LrAgSnN4OePsEA4TB/records/0d6ff67486e326e568428d03ff034086.zip"
},
{
  "url": "https://www.bing.com/images/create/portrait-photo-of-a-female-dog-dressed-in-modern-i/1-657fea2fef7f41ad91cb056ca3db6e4c?id=IFRC2aP12wLhQiuv9wrwAQ%3d%3d&view=detailv2&idpp=genimg&idpbck=1&form=BICREC",
  "urlHash": "b402ceab0a211adaceb8e723c3ee897a",
  "download": "https://api.apify.com/v2/key-value-stores/LrAgSnN4OePsEA4TB/records/b402ceab0a211adaceb8e723c3ee897a.zip"
},
{
  "url": "https://www.bing.com/images/create/portrait-photo-of-a-female-dog-dressed-in-modern-i/1-657fea2fef7f41ad91cb056ca3db6e4c?id=Or0QEzrosFLrN%2fb4T7L%2b%2bg%3d%3d&view=detailv2&idpp=genimg&idpbck=1&form=BICREC",
  "urlHash": "b62ee2d9714933a6c40e446e651ee420",
  "download": "https://api.apify.com/v2/key-value-stores/LrAgSnN4OePsEA4TB/records/b62ee2d9714933a6c40e446e651ee420.zip"
},
{
  "url": "https://www.bing.com/images/create/portrait-photo-of-a-female-dog-dressed-in-modern-i/1-657fea2fef7f41ad91cb056ca3db6e4c?id=5nn8On1A4U%2bBRJgXAgLYXw%3d%3d&view=detailv2&idpp=genimg&idpbck=1&form=BICREC",
  "urlHash": "bfe71fb52f090962b6d4fbc1ada09406",
  "download": "https://api.apify.com/v2/key-value-stores/LrAgSnN4OePsEA4TB/records/bfe71fb52f090962b6d4fbc1ada09406.zip"
},
{
  "url": "https://www.bing.com/images/create/portrait-photo-of-a-female-dog-dressed-in-modern-i/1-657fea0cea604b4dad932ad99e41a303?id=IwbjfkQM2Y8auTUH2sh59w%3d%3d&view=detailv2&idpp=genimg&idpbck=1&form=BICREC",
  "urlHash": "0540c835678301674cb3afa05075e7f9",
  "download": "https://api.apify.com/v2/key-value-stores/LrAgSnN4OePsEA4TB/records/0540c835678301674cb3afa05075e7f9.zip"
},
{
  "url": "https://www.bing.com/images/create/portrait-photo-of-a-female-dog-dressed-in-modern-i/1-657fea0cea604b4dad932ad99e41a303?id=KCLobrJwkp0Uc7FQ4lkMrA%3d%3d&view=detailv2&idpp=genimg&idpbck=1&form=BICREC",
  "urlHash": "80629cb0545a93a039e9a952cdc36a75",
  "download": "https://api.apify.com/v2/key-value-stores/LrAgSnN4OePsEA4TB/records/80629cb0545a93a039e9a952cdc36a75.zip"
},
{
  "url": "https://www.bing.com/images/create/portrait-photo-of-a-female-dog-dressed-in-modern-i/1-657fea0cea604b4dad932ad99e41a303?id=nmYuzlJUPsFSbCkfTMHGbA%3d%3d&view=detailv2&idpp=genimg&idpbck=1&form=BICREC",
  "urlHash": "7eac0e9ef89130ed1e73a491bfd5797e",
  "download": "https://api.apify.com/v2/key-value-stores/LrAgSnN4OePsEA4TB/records/7eac0e9ef89130ed1e73a491bfd5797e.zip"
},
{
  "url": "https://www.bing.com/images/create/portrait-photo-of-a-female-dog-dressed-in-modern-i/1-657fea0cea604b4dad932ad99e41a303?id=47ZRcDnCrtMFlLshGz8dOQ%3d%3d&view=detailv2&idpp=genimg&idpbck=1&form=BICREC",
  "urlHash": "a41beb9534434bd5c54faae78e1247ad",
  "download": "https://api.apify.com/v2/key-value-stores/LrAgSnN4OePsEA4TB/records/a41beb9534434bd5c54faae78e1247ad.zip"
},
{
  "url": "https://www.bing.com/images/create/portrait-photo-of-a-female-dog-dressed-in-modern-i/1-657d4684fd6644938ab707e7b017f791?id=C%2fpJ%2bO1UQOCpqWkQpcZ7rg%3d%3d&view=detailv2&idpp=genimg&idpbck=1&form=BICREC",
  "urlHash": "681f3a26ae8409649dc97f34d2bea1b9",
  "download": "https://api.apify.com/v2/key-value-stores/LrAgSnN4OePsEA4TB/records/681f3a26ae8409649dc97f34d2bea1b9.zip"
},
{
  "url": "https://www.bing.com/images/create/portrait-photo-of-a-female-dog-dressed-in-modern-i/1-657d4684fd6644938ab707e7b017f791?id=KsIWymROQ190jGWIfkpTLA%3d%3d&view=detailv2&idpp=genimg&idpbck=1&form=BICREC",
  "urlHash": "84d8b02319e8e3f412a28d8dd13c7044",
  "download": "https://api.apify.com/v2/key-value-stores/LrAgSnN4OePsEA4TB/records/84d8b02319e8e3f412a28d8dd13c7044.zip"
},
{
  "url": "https://www.bing.com/images/create/portrait-photo-of-a-female-dog-dressed-in-modern-i/1-657d4684fd6644938ab707e7b017f791?id=EbyBgShFHFd44%2b9Hpjaqwg%3d%3d&view=detailv2&idpp=genimg&idpbck=1&form=BICREC",
  "urlHash": "5a44881dc6c03450a4d035f875f3ac06",
  "download": "https://api.apify.com/v2/key-value-stores/LrAgSnN4OePsEA4TB/records/5a44881dc6c03450a4d035f875f3ac06.zip"
},
{
  "url": "https://www.bing.com/images/create/portrait-photo-of-a-female-dog-dressed-in-modern-i/1-657d4684fd6644938ab707e7b017f791?id=b8nVMQDIaNz6E896%2blQJbw%3d%3d&view=detailv2&idpp=genimg&idpbck=1&form=BICREC",
  "urlHash": "14fbffdad2841336680b7e437095e60e",
  "download": "https://api.apify.com/v2/key-value-stores/LrAgSnN4OePsEA4TB/records/14fbffdad2841336680b7e437095e60e.zip"
},
{
  "url": "https://www.bing.com/images/create/portrait-photo-of-a-female-dog-dressed-in-modern-i/1-657d466918c248a6832ec81d070b5573?id=LCaVZ6nVNeICRwYxhzJVgg%3d%3d&view=detailv2&idpp=genimg&idpbck=1&form=BICREC",
  "urlHash": "e0331bdd130ff36f31e614d14380fd91",
  "download": "https://api.apify.com/v2/key-value-stores/LrAgSnN4OePsEA4TB/records/e0331bdd130ff36f31e614d14380fd91.zip"
},
{
  "url": "https://www.bing.com/images/create/portrait-photo-of-a-female-dog-dressed-in-modern-i/1-657d466918c248a6832ec81d070b5573?id=OmImbQtHtYNc%2feUJjQck0w%3d%3d&view=detailv2&idpp=genimg&idpbck=1&form=BICREC",
  "urlHash": "c3703e3ffb14d45581ce162f307fce33",
  "download": "https://api.apify.com/v2/key-value-stores/LrAgSnN4OePsEA4TB/records/c3703e3ffb14d45581ce162f307fce33.zip"
},
{
  "url": "https://www.bing.com/images/create/portrait-photo-of-a-female-dog-dressed-in-modern-i/1-657d466918c248a6832ec81d070b5573?id=0DlFBH5L3qv58XZG3bx2Vg%3d%3d&view=detailv2&idpp=genimg&idpbck=1&form=BICREC",
  "urlHash": "cc93600272e8585fff2c20749ff87f49",
  "download": "https://api.apify.com/v2/key-value-stores/LrAgSnN4OePsEA4TB/records/cc93600272e8585fff2c20749ff87f49.zip"
},
{
  "url": "https://www.bing.com/images/create/portrait-photo-of-a-female-dog-dressed-in-modern-i/1-657d4656f1684f2786575d4c9ff6ff3e?id=gZjOEWlnew2TWIfjoSLfmw%3d%3d&view=detailv2&idpp=genimg&idpbck=1&form=BICREC",
  "urlHash": "d950d6ef35ca86b696ff5ed2eb5e760a",
  "download": "https://api.apify.com/v2/key-value-stores/LrAgSnN4OePsEA4TB/records/d950d6ef35ca86b696ff5ed2eb5e760a.zip"
},
{
  "url": "https://www.bing.com/images/create/portrait-photo-of-a-female-dog-dressed-in-modern-i/1-657d466918c248a6832ec81d070b5573?id=yxgo%2bTUJIkgD0mp6C%2fupEg%3d%3d&view=detailv2&idpp=genimg&idpbck=1&form=BICREC",
  "urlHash": "7fd455b75795b44fabf6058a658b7643",
  "download": "https://api.apify.com/v2/key-value-stores/LrAgSnN4OePsEA4TB/records/7fd455b75795b44fabf6058a658b7643.zip"
},
{
  "url": "https://www.bing.com/images/create/portrait-photo-of-a-female-dog-dressed-in-modern-i/1-657d4656f1684f2786575d4c9ff6ff3e?id=TARI9i1vMBAQLu2XXB%2bvQw%3d%3d&view=detailv2&idpp=genimg&idpbck=1&form=BICREC",
  "urlHash": "7c442a1d1f32a2dd5da2948ab5ea3f7c",
  "download": "https://api.apify.com/v2/key-value-stores/LrAgSnN4OePsEA4TB/records/7c442a1d1f32a2dd5da2948ab5ea3f7c.zip"
},
{
  "url": "https://www.bing.com/images/create/portrait-photo-of-a-female-dog-dressed-in-modern-i/1-657d4656f1684f2786575d4c9ff6ff3e?id=oYiDwbUA2lc5FaoFDIz17g%3d%3d&view=detailv2&idpp=genimg&idpbck=1&form=BICREC",
  "urlHash": "4e8095d1cc4ccd1e268cdcaa8a3d6d57",
  "download": "https://api.apify.com/v2/key-value-stores/LrAgSnN4OePsEA4TB/records/4e8095d1cc4ccd1e268cdcaa8a3d6d57.zip"
},
{
  "url": "https://www.bing.com/images/create/portrait-photo-of-a-female-dog-dressed-in-modern-i/1-657d4656f1684f2786575d4c9ff6ff3e?id=7yY4K2blJXtS7j2Ql0QSyw%3d%3d&view=detailv2&idpp=genimg&idpbck=1&form=BICREC",
  "urlHash": "3f9246621978b5bf59cc8c9a4d10b70f",
  "download": "https://api.apify.com/v2/key-value-stores/LrAgSnN4OePsEA4TB/records/3f9246621978b5bf59cc8c9a4d10b70f.zip"
},
{
  "url": "https://www.bing.com/images/create/portrait-photo-of-a-female-dog-dressed-in-modern-i/1-657d4633ea7a4cdfaba9351481c845bf?id=QBn16SiK6a2vqB6aDKnhOg%3d%3d&view=detailv2&idpp=genimg&idpbck=1&form=BICREC",
  "urlHash": "44694336b29f89cc608d1c9f349b7077",
  "download": "https://api.apify.com/v2/key-value-stores/LrAgSnN4OePsEA4TB/records/44694336b29f89cc608d1c9f349b7077.zip"
},
{
  "url": "https://www.bing.com/images/create/portrait-photo-of-a-female-dog-dressed-in-modern-i/1-657d4633ea7a4cdfaba9351481c845bf?id=XWkCkrHWXPkCtJz3dJC1fQ%3d%3d&view=detailv2&idpp=genimg&idpbck=1&form=BICREC",
  "urlHash": "a8bf194f3f5e620de3c65a1d0b9b568a",
  "download": "https://api.apify.com/v2/key-value-stores/LrAgSnN4OePsEA4TB/records/a8bf194f3f5e620de3c65a1d0b9b568a.zip"
},
{
  "url": "https://www.bing.com/images/create/portrait-photo-of-a-female-dog-dressed-in-modern-i/1-657d4633ea7a4cdfaba9351481c845bf?id=y98OJ0GLMOav3zLn0wxeIQ%3d%3d&view=detailv2&idpp=genimg&idpbck=1&form=BICREC",
  "urlHash": "323b80845277592b1052ad8f67332843",
  "download": "https://api.apify.com/v2/key-value-stores/LrAgSnN4OePsEA4TB/records/323b80845277592b1052ad8f67332843.zip"
},
{
  "url": "https://www.bing.com/images/create/portrait-photo-of-a-female-dog-dressed-in-modern-i/1-657d4633ea7a4cdfaba9351481c845bf?id=UsNno0Yr6%2fq7cAP8bub61g%3d%3d&view=detailv2&idpp=genimg&idpbck=1&form=BICREC",
  "urlHash": "c7342632f2fd0a01aa86141cd0fcab5f",
  "download": "https://api.apify.com/v2/key-value-stores/LrAgSnN4OePsEA4TB/records/c7342632f2fd0a01aa86141cd0fcab5f.zip"
},
{
  "url": "https://www.bing.com/images/create/portrait-photo-of-a-female-dog-dressed-in-modern-i/1-657d459331114ac181803d5a62b091b2?id=FtuJ7e2eQpNHfFgiMhHqYQ%3d%3d&view=detailv2&idpp=genimg&idpbck=1&form=BICREC",
  "urlHash": "4f3c6eceeb5aa284abd7586eec01f405",
  "download": "https://api.apify.com/v2/key-value-stores/LrAgSnN4OePsEA4TB/records/4f3c6eceeb5aa284abd7586eec01f405.zip"
},
{
  "url": "https://www.bing.com/images/create/portrait-photo-of-a-female-dog-dressed-in-modern-i/1-657d459331114ac181803d5a62b091b2?id=ykkvG6g%2f%2fWil80Oc3ho3Mw%3d%3d&view=detailv2&idpp=genimg&idpbck=1&form=BICREC",
  "urlHash": "cdddb2d6f1c76a9f628fa9b2d41d6747",
  "download": "https://api.apify.com/v2/key-value-stores/LrAgSnN4OePsEA4TB/records/cdddb2d6f1c76a9f628fa9b2d41d6747.zip"
},
{
  "url": "https://www.bing.com/images/create/portrait-photo-of-a-female-dog-dressed-in-modern-i/1-657d459331114ac181803d5a62b091b2?id=A%2beSLIwTZbFIYjzSIpm%2fWw%3d%3d&view=detailv2&idpp=genimg&idpbck=1&form=BICREC",
  "urlHash": "a6cac97311da6b0bb8c840196eb52a6b",
  "download": "https://api.apify.com/v2/key-value-stores/LrAgSnN4OePsEA4TB/records/a6cac97311da6b0bb8c840196eb52a6b.zip"
},
{
  "url": "https://www.bing.com/images/create/portrait-photo-of-a-female-dog-dressed-in-modern-i/1-657d459331114ac181803d5a62b091b2?id=o1xRQEgk1Eh5Ex69Xb%2bJQg%3d%3d&view=detailv2&idpp=genimg&idpbck=1&form=BICREC",
  "urlHash": "660cea733c0629a36e15f1bee0396120",
  "download": "https://api.apify.com/v2/key-value-stores/LrAgSnN4OePsEA4TB/records/660cea733c0629a36e15f1bee0396120.zip"
},
{
  "url": "https://www.bing.com/images/create/portrait-photo-of-a-female-dog-dressed-in-modern-i/1-657d4573e40342aca25bed53c9ca134f?id=U1w%2fyUKV9XEqMi2SkqZlFw%3d%3d&view=detailv2&idpp=genimg&idpbck=1&form=BICREC",
  "urlHash": "a5c0f1f449ff95efd65cb47757099d0b",
  "download": "https://api.apify.com/v2/key-value-stores/LrAgSnN4OePsEA4TB/records/a5c0f1f449ff95efd65cb47757099d0b.zip"
},
{
  "url": "https://www.bing.com/images/create/portrait-photo-of-a-female-dog-dressed-in-modern-i/1-657d4573e40342aca25bed53c9ca134f?id=Jzat0rjW2uHrOSIiK7w7hg%3d%3d&view=detailv2&idpp=genimg&idpbck=1&form=BICREC",
  "urlHash": "fcc74f0bc4d40de5247c5517fcd0c261",
  "download": "https://api.apify.com/v2/key-value-stores/LrAgSnN4OePsEA4TB/records/fcc74f0bc4d40de5247c5517fcd0c261.zip"
},
{
  "url": "https://www.bing.com/images/create/portrait-photo-of-a-female-dog-dressed-in-modern-i/1-657d455ba5e94024a0623db66d671b26?id=jPRis2L72aNppgLXonic%2bw%3d%3d&view=detailv2&idpp=genimg&idpbck=1&form=BICREC",
  "urlHash": "035e1ac61274edd5c2680b8815ff311c",
  "download": "https://api.apify.com/v2/key-value-stores/LrAgSnN4OePsEA4TB/records/035e1ac61274edd5c2680b8815ff311c.zip"
},
{
  "url": "https://www.bing.com/images/create/portrait-photo-of-a-female-dog-dressed-in-modern-i/1-657d4573e40342aca25bed53c9ca134f?id=ycmPHEFGSN%2fXYpIwYGllyA%3d%3d&view=detailv2&idpp=genimg&idpbck=1&form=BICREC",
  "urlHash": "f5e45e691edbde146d9ed755be4f86ed",
  "download": "https://api.apify.com/v2/key-value-stores/LrAgSnN4OePsEA4TB/records/f5e45e691edbde146d9ed755be4f86ed.zip"
},
{
  "url": "https://www.bing.com/images/create/portrait-photo-of-a-female-dog-dressed-in-modern-i/1-657d455ba5e94024a0623db66d671b26?id=nkakbTgGO%2fBaAhw%2bMArnKQ%3d%3d&view=detailv2&idpp=genimg&idpbck=1&form=BICREC",
  "urlHash": "fed45403df8921368c603a79740cc936",
  "download": "https://api.apify.com/v2/key-value-stores/LrAgSnN4OePsEA4TB/records/fed45403df8921368c603a79740cc936.zip"
},
{
  "url": "https://www.bing.com/images/create/portrait-photo-of-a-female-dog-dressed-in-modern-i/1-657d4573e40342aca25bed53c9ca134f?id=ycmPHEFGSN%2fXYpIwYGllyA%3d%3d&view=detailv2&idpp=genimg&idpbck=1&form=BICREC",
  "urlHash": "f5e45e691edbde146d9ed755be4f86ed",
  "download": "https://api.apify.com/v2/key-value-stores/LrAgSnN4OePsEA4TB/records/f5e45e691edbde146d9ed755be4f86ed.zip"
},
{
  "url": "https://www.bing.com/images/create/portrait-photo-of-a-female-dog-dressed-in-modern-i/1-657d4573e40342aca25bed53c9ca134f?id=IAiL2bIGEkoV3EIsPRCWYg%3d%3d&view=detailv2&idpp=genimg&idpbck=1&form=BICREC",
  "urlHash": "92655e38a84267b0fe9b1d3fd5e99f3e",
  "download": "https://api.apify.com/v2/key-value-stores/LrAgSnN4OePsEA4TB/records/92655e38a84267b0fe9b1d3fd5e99f3e.zip"
},
{
  "url": "https://www.bing.com/images/create/portrait-photo-of-a-female-dog-dressed-in-modern-i/1-657d455ba5e94024a0623db66d671b26?id=ZGR6CyUTdYXwaCHqm2gu8g%3d%3d&view=detailv2&idpp=genimg&idpbck=1&form=BICREC",
  "urlHash": "d6a460293559cb6bb6c959725bc78f49",
  "download": "https://api.apify.com/v2/key-value-stores/LrAgSnN4OePsEA4TB/records/d6a460293559cb6bb6c959725bc78f49.zip"
},
{
  "url": "https://www.bing.com/images/create/portrait-photo-of-a-female-dog-dressed-in-modern-i/1-657d455ba5e94024a0623db66d671b26?id=U9cASK1vtSHPPKFsmHcZdA%3d%3d&view=detailv2&idpp=genimg&idpbck=1&form=BICREC",
  "urlHash": "922c1879c8d9cdd18c65d452045b8e4a",
  "download": "https://api.apify.com/v2/key-value-stores/LrAgSnN4OePsEA4TB/records/922c1879c8d9cdd18c65d452045b8e4a.zip"
},
{
  "url": "https://www.bing.com/images/create/portrait-photo-of-a-female-dog-dressed-in-modern-i/1-657d45412b294b03911ec2252579e1b8?id=XAZMNPAm1ZjvIvSzKJTQjQ%3d%3d&view=detailv2&idpp=genimg&idpbck=1&form=BICREC",
  "urlHash": "c0248288ea92e63eb4e58c85cd706936",
  "download": "https://api.apify.com/v2/key-value-stores/LrAgSnN4OePsEA4TB/records/c0248288ea92e63eb4e58c85cd706936.zip"
},
{
  "url": "https://www.bing.com/images/create/portrait-photo-of-a-female-dog-dressed-in-modern-i/1-657d45412b294b03911ec2252579e1b8?id=25oRERBnk%2f4Es%2fgR%2fIYfMw%3d%3d&view=detailv2&idpp=genimg&idpbck=1&form=BICREC",
  "urlHash": "9865af4618f34c2704bbf9587a74ab1a",
  "download": "https://api.apify.com/v2/key-value-stores/LrAgSnN4OePsEA4TB/records/9865af4618f34c2704bbf9587a74ab1a.zip"
},
{
  "url": "https://www.bing.com/images/create/portrait-photo-of-a-female-dog-dressed-in-modern-i/1-657d45412b294b03911ec2252579e1b8?id=tY4YXrcK04yK99%2f%2baAvjFw%3d%3d&view=detailv2&idpp=genimg&idpbck=1&form=BICREC",
  "urlHash": "a59ba64f1f55d3f27a9e0a17fc44ac5a",
  "download": "https://api.apify.com/v2/key-value-stores/LrAgSnN4OePsEA4TB/records/a59ba64f1f55d3f27a9e0a17fc44ac5a.zip"
},
{
  "url": "https://www.bing.com/images/create/portrait-photo-of-a-female-dog-dressed-in-modern-i/1-657d45412b294b03911ec2252579e1b8?id=1gyvNuA%2b8PLoXgWG1cz8hw%3d%3d&view=detailv2&idpp=genimg&idpbck=1&form=BICREC",
  "urlHash": "fd20d4c3137be52281fbf1cb235d0b1c",
  "download": "https://api.apify.com/v2/key-value-stores/LrAgSnN4OePsEA4TB/records/fd20d4c3137be52281fbf1cb235d0b1c.zip"
}]