[{
  "url": "https://www.bing.com/images/create/portrait-photo-of-a-female-cat-dressed-in-modern-i/1-65813cb6dc394300b90db222850f5c8e?id=o2JRMG6bIRzKjlMXBFrFPA%3d%3d&view=detailv2&idpp=genimg&idpbck=1&form=BICREC",
  "urlHash": "7f7fe4f0371d94dbc73096b75672dcb9",
  "download": "https://api.apify.com/v2/key-value-stores/GqKx8xgiCRngoHyCT/records/7f7fe4f0371d94dbc73096b75672dcb9.zip"
},
{
  "url": "https://www.bing.com/images/create/portrait-photo-of-a-female-cat-dressed-in-modern-i/1-65813cb6dc394300b90db222850f5c8e?id=VrPNCZ%2b1QIc1CnLkyiRnJQ%3d%3d&view=detailv2&idpp=genimg&idpbck=1&form=BICREC",
  "urlHash": "ff28c032618e9fdc248bc692abd0270f",
  "download": "https://api.apify.com/v2/key-value-stores/GqKx8xgiCRngoHyCT/records/ff28c032618e9fdc248bc692abd0270f.zip"
},
{
  "url": "https://www.bing.com/images/create/portrait-photo-of-a-female-cat-dressed-in-modern-i/1-65813cb6dc394300b90db222850f5c8e?id=QcfVDbygrJwpIEDopfrZ%2fQ%3d%3d&view=detailv2&idpp=genimg&idpbck=1&form=BICREC",
  "urlHash": "e752e12adc695492accf92b7dcc42d96",
  "download": "https://api.apify.com/v2/key-value-stores/GqKx8xgiCRngoHyCT/records/e752e12adc695492accf92b7dcc42d96.zip"
},
{
  "url": "https://www.bing.com/images/create/portrait-photo-of-a-female-cat-dressed-in-modern-i/1-65813cb6dc394300b90db222850f5c8e?id=WZfi2pu7dxg06W8PeQ4UoA%3d%3d&view=detailv2&idpp=genimg&idpbck=1&form=BICREC",
  "urlHash": "1f761a2e50440336053c7781f5648926",
  "download": "https://api.apify.com/v2/key-value-stores/GqKx8xgiCRngoHyCT/records/1f761a2e50440336053c7781f5648926.zip"
},
{
  "url": "https://www.bing.com/images/create/portrait-photo-of-a-female-cat-dressed-in-modern-i/1-65813c6dcf7f4a13bd55679accff15ed?id=jBU196xy8P2vd103Al15Zg%3d%3d&view=detailv2&idpp=genimg&idpbck=1&form=BICREC",
  "urlHash": "3a5713f1a64b74a18e4ff1b26f72164a",
  "download": "https://api.apify.com/v2/key-value-stores/GqKx8xgiCRngoHyCT/records/3a5713f1a64b74a18e4ff1b26f72164a.zip"
},
{
  "url": "https://www.bing.com/images/create/portrait-photo-of-a-female-cat-dressed-in-modern-i/1-65813c6dcf7f4a13bd55679accff15ed?id=fA6IxJSOZxAtO4DnXa7RQw%3d%3d&view=detailv2&idpp=genimg&idpbck=1&form=BICREC",
  "urlHash": "c04f485a2317384b3faa8543e80d69fd",
  "download": "https://api.apify.com/v2/key-value-stores/GqKx8xgiCRngoHyCT/records/c04f485a2317384b3faa8543e80d69fd.zip"
},
{
  "url": "https://www.bing.com/images/create/portrait-photo-of-a-female-cat-dressed-in-modern-i/1-65813c6dcf7f4a13bd55679accff15ed?id=Zs3Q4T9bAH%2bfKIqfkZ%2fw0g%3d%3d&view=detailv2&idpp=genimg&idpbck=1&form=BICREC",
  "urlHash": "1096c0dc71596e8dcd2b5f6fc8a344f8",
  "download": "https://api.apify.com/v2/key-value-stores/GqKx8xgiCRngoHyCT/records/1096c0dc71596e8dcd2b5f6fc8a344f8.zip"
},
{
  "url": "https://www.bing.com/images/create/portrait-photo-of-a-female-cat-dressed-in-modern-i/1-65813c6dcf7f4a13bd55679accff15ed?id=GxVnddFzPYkDhakk2DD%2f%2bw%3d%3d&view=detailv2&idpp=genimg&idpbck=1&form=BICREC",
  "urlHash": "9118eeba79cb0b5ff553c3759d4f098f",
  "download": "https://api.apify.com/v2/key-value-stores/GqKx8xgiCRngoHyCT/records/9118eeba79cb0b5ff553c3759d4f098f.zip"
},
{
  "url": "https://www.bing.com/images/create/portrait-photo-of-a-female-cat-dressed-in-modern-i/1-65813b2b799b4a169459e71dade3989c?id=QEf2AL%2fw4Mh3tqtfbM9nNg%3d%3d&view=detailv2&idpp=genimg&idpbck=1&form=BICREC",
  "urlHash": "035aa76facd409272f6ed7d7b905c615",
  "download": "https://api.apify.com/v2/key-value-stores/GqKx8xgiCRngoHyCT/records/035aa76facd409272f6ed7d7b905c615.zip"
},
{
  "url": "https://www.bing.com/images/create/portrait-photo-of-a-female-cat-dressed-in-modern-i/1-65813b2b799b4a169459e71dade3989c?id=JIbVltV%2bGgkHzh616yxcrg%3d%3d&view=detailv2&idpp=genimg&idpbck=1&form=BICREC",
  "urlHash": "620e9a572723d7d26fa726994778fc4a",
  "download": "https://api.apify.com/v2/key-value-stores/GqKx8xgiCRngoHyCT/records/620e9a572723d7d26fa726994778fc4a.zip"
},
{
  "url": "https://www.bing.com/images/create/portrait-photo-of-a-female-cat-dressed-in-modern-i/1-65813b2b799b4a169459e71dade3989c?id=hN5CN9yX4TiDhZB9TLm36A%3d%3d&view=detailv2&idpp=genimg&idpbck=1&form=BICREC",
  "urlHash": "c36d8b8a57c338f3a2f690a1ef518595",
  "download": "https://api.apify.com/v2/key-value-stores/GqKx8xgiCRngoHyCT/records/c36d8b8a57c338f3a2f690a1ef518595.zip"
},
{
  "url": "https://www.bing.com/images/create/portrait-photo-of-a-female-cat-dressed-in-modern-i/1-65813b2b799b4a169459e71dade3989c?id=ibqSwq6EvjFB%2fQmv8gJArw%3d%3d&view=detailv2&idpp=genimg&idpbck=1&form=BICREC",
  "urlHash": "c08d76b9c0271ab9f75ac9d0f86356f9",
  "download": "https://api.apify.com/v2/key-value-stores/GqKx8xgiCRngoHyCT/records/c08d76b9c0271ab9f75ac9d0f86356f9.zip"
},
{
  "url": "https://www.bing.com/images/create/portrait-photo-of-a-female-cat-dressed-in-modern-i/1-65813ae539634144a76e85ed2191cdeb?id=YFb3SsDrRE8tmLKoZfIC6w%3d%3d&view=detailv2&idpp=genimg&idpbck=1&form=BICREC",
  "urlHash": "32ba91cb2484001ef96d62c5816d48e7",
  "download": "https://api.apify.com/v2/key-value-stores/GqKx8xgiCRngoHyCT/records/32ba91cb2484001ef96d62c5816d48e7.zip"
},
{
  "url": "https://www.bing.com/images/create/portrait-photo-of-a-female-cat-dressed-in-modern-i/1-65813ae539634144a76e85ed2191cdeb?id=3gRmEEn4kPqN7l2kdcolFQ%3d%3d&view=detailv2&idpp=genimg&idpbck=1&form=BICREC",
  "urlHash": "d0d31ffe5fb138e8f98eae807f503a89",
  "download": "https://api.apify.com/v2/key-value-stores/GqKx8xgiCRngoHyCT/records/d0d31ffe5fb138e8f98eae807f503a89.zip"
},
{
  "url": "https://www.bing.com/images/create/portrait-photo-of-a-female-cat-dressed-in-modern-i/1-65813ae539634144a76e85ed2191cdeb?id=ILy1HxvurPiLLiOjkPjpeg%3d%3d&view=detailv2&idpp=genimg&idpbck=1&form=BICREC",
  "urlHash": "0bfbd16944aabd243ee59c5b49dc6661",
  "download": "https://api.apify.com/v2/key-value-stores/GqKx8xgiCRngoHyCT/records/0bfbd16944aabd243ee59c5b49dc6661.zip"
},
{
  "url": "https://www.bing.com/images/create/portrait-photo-of-a-female-cat-dressed-in-modern-i/1-65813ae539634144a76e85ed2191cdeb?id=2f5l7tIw4ups5NaIzWsv7A%3d%3d&view=detailv2&idpp=genimg&idpbck=1&form=BICREC",
  "urlHash": "6aadc317764c66e25ad9bd0ad6ee8a74",
  "download": "https://api.apify.com/v2/key-value-stores/GqKx8xgiCRngoHyCT/records/6aadc317764c66e25ad9bd0ad6ee8a74.zip"
},
{
  "url": "https://www.bing.com/images/create/portrait-photo-of-a-female-cat-dressed-in-modern-i/1-6581308bca504150b32acec149f0e6e0?id=Jip8M4iWG3NJTtvTGCCC%2bw%3d%3d&view=detailv2&idpp=genimg&idpbck=1&form=BICREC",
  "urlHash": "3f42f196f6db659d7893856a10d069b5",
  "download": "https://api.apify.com/v2/key-value-stores/GqKx8xgiCRngoHyCT/records/3f42f196f6db659d7893856a10d069b5.zip"
},
{
  "url": "https://www.bing.com/images/create/portrait-photo-of-a-female-cat-dressed-in-modern-i/1-6581308bca504150b32acec149f0e6e0?id=S3wwDNkyBEXpuvD%2b%2b3xmKg%3d%3d&view=detailv2&idpp=genimg&idpbck=1&form=BICREC",
  "urlHash": "bc5e9d8178be6a5ea2bbb61149d2c125",
  "download": "https://api.apify.com/v2/key-value-stores/GqKx8xgiCRngoHyCT/records/bc5e9d8178be6a5ea2bbb61149d2c125.zip"
},
{
  "url": "https://www.bing.com/images/create/portrait-photo-of-a-female-cat-dressed-in-modern-i/1-6581308bca504150b32acec149f0e6e0?id=vyx0N2eZ0onC2ZNiVvPCuA%3d%3d&view=detailv2&idpp=genimg&idpbck=1&form=BICREC",
  "urlHash": "b8b89f0fb31596cf55f8a2511acde7cc",
  "download": "https://api.apify.com/v2/key-value-stores/GqKx8xgiCRngoHyCT/records/b8b89f0fb31596cf55f8a2511acde7cc.zip"
},
{
  "url": "https://www.bing.com/images/create/portrait-photo-of-a-female-cat-dressed-in-modern-i/1-6581308bca504150b32acec149f0e6e0?id=J65wvcdv5NGZuWf6%2frYZaQ%3d%3d&view=detailv2&idpp=genimg&idpbck=1&form=BICREC",
  "urlHash": "61f248497a883690ee54c81adbcf6d03",
  "download": "https://api.apify.com/v2/key-value-stores/GqKx8xgiCRngoHyCT/records/61f248497a883690ee54c81adbcf6d03.zip"
},
{
  "url": "https://www.bing.com/images/create/portrait-photo-of-a-female-cat-dressed-in-modern-i/1-65813b9595ca4fcaa919846da94772d7?id=8rTTb222ttY%2b7FLSOX44hg%3d%3d&view=detailv2&idpp=genimg&idpbck=1&form=BICREC",
  "urlHash": "74ccb5bdf98793acd0a4e5fa3e6d5718",
  "download": "https://api.apify.com/v2/key-value-stores/GqKx8xgiCRngoHyCT/records/74ccb5bdf98793acd0a4e5fa3e6d5718.zip"
},
{
  "url": "https://www.bing.com/images/create/portrait-photo-of-a-female-cat-dressed-in-modern-i/1-65813b9595ca4fcaa919846da94772d7?id=zHKJ6YiXxUjMzpUXCe2LMg%3d%3d&view=detailv2&idpp=genimg&idpbck=1&form=BICREC",
  "urlHash": "efd8aefbc4b6f0591364c8caf4725bd9",
  "download": "https://api.apify.com/v2/key-value-stores/GqKx8xgiCRngoHyCT/records/efd8aefbc4b6f0591364c8caf4725bd9.zip"
},
{
  "url": "https://www.bing.com/images/create/portrait-photo-of-a-female-cat-dressed-in-modern-i/1-65813b9595ca4fcaa919846da94772d7?id=xE3KC2c%2f%2b46JB%2fSsgsV3Tw%3d%3d&view=detailv2&idpp=genimg&idpbck=1&form=BICREC",
  "urlHash": "48fca2075fb7a2a5c3b59e40f9c6fca5",
  "download": "https://api.apify.com/v2/key-value-stores/GqKx8xgiCRngoHyCT/records/48fca2075fb7a2a5c3b59e40f9c6fca5.zip"
},
{
  "url": "https://www.bing.com/images/create/portrait-photo-of-a-female-cat-dressed-in-modern-i/1-65813b9595ca4fcaa919846da94772d7?id=uU%2fN9UKGi8%2bPsYdE301Ksw%3d%3d&view=detailv2&idpp=genimg&idpbck=1&form=BICREC",
  "urlHash": "31479ab3906e13397036f98d6cb100ca",
  "download": "https://api.apify.com/v2/key-value-stores/GqKx8xgiCRngoHyCT/records/31479ab3906e13397036f98d6cb100ca.zip"
},
{
  "url": "https://www.bing.com/images/create/portrait-photo-of-a-female-cat-dressed-in-modern-i/1-65813b7ebc4547c9ad8138610aae211a?id=831WGdUpAFb9UECzc0wn1A%3d%3d&view=detailv2&idpp=genimg&idpbck=1&form=BICREC",
  "urlHash": "bb1a57f6e45bf5500cdca14cb1c3666d",
  "download": "https://api.apify.com/v2/key-value-stores/GqKx8xgiCRngoHyCT/records/bb1a57f6e45bf5500cdca14cb1c3666d.zip"
},
{
  "url": "https://www.bing.com/images/create/portrait-photo-of-a-female-cat-dressed-in-modern-i/1-65813b7ebc4547c9ad8138610aae211a?id=PIDlZ85S%2fZNIeLDHIsy7GA%3d%3d&view=detailv2&idpp=genimg&idpbck=1&form=BICREC",
  "urlHash": "749a872ae9f6c74b6d1012d20187a6c4",
  "download": "https://api.apify.com/v2/key-value-stores/GqKx8xgiCRngoHyCT/records/749a872ae9f6c74b6d1012d20187a6c4.zip"
},
{
  "url": "https://www.bing.com/images/create/portrait-photo-of-a-female-cat-dressed-in-modern-i/1-65813b7ebc4547c9ad8138610aae211a?id=U%2fLo3LZjQzGN%2f9mbHN%2fn2w%3d%3d&view=detailv2&idpp=genimg&idpbck=1&form=BICREC",
  "urlHash": "76060ede92bc1597a62d6d0dffdad33e",
  "download": "https://api.apify.com/v2/key-value-stores/GqKx8xgiCRngoHyCT/records/76060ede92bc1597a62d6d0dffdad33e.zip"
},
{
  "url": "https://www.bing.com/images/create/portrait-photo-of-a-female-cat-dressed-in-modern-i/1-65813b7ebc4547c9ad8138610aae211a?id=Xhp6VPdZ59hm11BLKgRgDg%3d%3d&view=detailv2&idpp=genimg&idpbck=1&form=BICREC",
  "urlHash": "ba8867cb9e9b0dde6c9d33ef53e0c42d",
  "download": "https://api.apify.com/v2/key-value-stores/GqKx8xgiCRngoHyCT/records/ba8867cb9e9b0dde6c9d33ef53e0c42d.zip"
},
{
  "url": "https://www.bing.com/images/create/portrait-photo-of-a-female-cat-dressed-in-modern-i/1-65813b6440cb4d17a608a7da9498db36?id=1ARUPsIilGQogDDlFEaQLw%3d%3d&view=detailv2&idpp=genimg&idpbck=1&form=BICREC",
  "urlHash": "1b96f8c01be55ec5dd574d4ba9093257",
  "download": "https://api.apify.com/v2/key-value-stores/GqKx8xgiCRngoHyCT/records/1b96f8c01be55ec5dd574d4ba9093257.zip"
},
{
  "url": "https://www.bing.com/images/create/portrait-photo-of-a-female-cat-dressed-in-modern-i/1-65813b6440cb4d17a608a7da9498db36?id=wBq0PDltIScs0v0908kzCA%3d%3d&view=detailv2&idpp=genimg&idpbck=1&form=BICREC",
  "urlHash": "5ab04300bbf31d4f728dfb5b42c0dfe6",
  "download": "https://api.apify.com/v2/key-value-stores/GqKx8xgiCRngoHyCT/records/5ab04300bbf31d4f728dfb5b42c0dfe6.zip"
},
{
  "url": "https://www.bing.com/images/create/portrait-photo-of-a-female-cat-dressed-in-modern-i/1-65813b6440cb4d17a608a7da9498db36?id=1hkiGXnuSWUV4l4e4DM5pw%3d%3d&view=detailv2&idpp=genimg&idpbck=1&form=BICREC",
  "urlHash": "0086d83061900c7f5fd0c82b13fe5359",
  "download": "https://api.apify.com/v2/key-value-stores/GqKx8xgiCRngoHyCT/records/0086d83061900c7f5fd0c82b13fe5359.zip"
},
{
  "url": "https://www.bing.com/images/create/portrait-photo-of-a-female-dog-dressed-in-modern-i/1-657d329e33b54b9b89474d143c11741d?id=e6wEnE9QdJmwz5q4kPEqZg%3d%3d&view=detailv2&idpp=genimg&idpbck=1&form=BICREC",
  "urlHash": "beded11b9320d47cec3129827389e0ba",
  "download": "https://api.apify.com/v2/key-value-stores/GqKx8xgiCRngoHyCT/records/beded11b9320d47cec3129827389e0ba.zip"
},
{
  "url": "https://www.bing.com/images/create/portrait-photo-of-a-female-cat-dressed-in-modern-i/1-65813b6440cb4d17a608a7da9498db36?id=HPexnLQPwddfACj1Aj2rgg%3d%3d&view=detailv2&idpp=genimg&idpbck=1&form=BICREC",
  "urlHash": "c8fd04886167b287c7a9c291df839863",
  "download": "https://api.apify.com/v2/key-value-stores/GqKx8xgiCRngoHyCT/records/c8fd04886167b287c7a9c291df839863.zip"
},
{
  "url": "https://www.bing.com/images/create/portrait-photo-of-a-female-dog-dressed-in-modern-i/1-657d329e33b54b9b89474d143c11741d?id=AuZO8a6aMod2gD80pvi8eA%3d%3d&view=detailv2&idpp=genimg&idpbck=1&form=BICREC",
  "urlHash": "ed42eddf09388540d05d05fe77ff1d71",
  "download": "https://api.apify.com/v2/key-value-stores/GqKx8xgiCRngoHyCT/records/ed42eddf09388540d05d05fe77ff1d71.zip"
},
{
  "url": "https://www.bing.com/images/create/portrait-photo-of-a-female-dog-dressed-in-modern-i/1-657d329e33b54b9b89474d143c11741d?id=lraBLbyNuU2JWegoGuU9DQ%3d%3d&view=detailv2&idpp=genimg&idpbck=1&form=BICREC",
  "urlHash": "c0929ce57cd16acd24a2956285bfd29f",
  "download": "https://api.apify.com/v2/key-value-stores/GqKx8xgiCRngoHyCT/records/c0929ce57cd16acd24a2956285bfd29f.zip"
},
{
  "url": "https://www.bing.com/images/create/portrait-photo-of-a-female-dog-dressed-in-modern-i/1-657d329e33b54b9b89474d143c11741d?id=AdrmohDeEt4hbcjMi3m10A%3d%3d&view=detailv2&idpp=genimg&idpbck=1&form=BICREC",
  "urlHash": "eba13f17d56ad2ce15e7b3a91ae7d756",
  "download": "https://api.apify.com/v2/key-value-stores/GqKx8xgiCRngoHyCT/records/eba13f17d56ad2ce15e7b3a91ae7d756.zip"
},
{
  "url": "https://www.bing.com/images/create/portrait-photo-of-a-female-dog-dressed-in-modern-i/1-657d327f6976494ebfe933a106a1845a?id=%2bFbRZxC%2fF7kLlPEIolX9UQ%3d%3d&view=detailv2&idpp=genimg&idpbck=1&form=BICREC",
  "urlHash": "d5c973e185247027e134a61a09647419",
  "download": "https://api.apify.com/v2/key-value-stores/GqKx8xgiCRngoHyCT/records/d5c973e185247027e134a61a09647419.zip"
},
{
  "url": "https://www.bing.com/images/create/portrait-photo-of-a-female-dog-dressed-in-modern-i/1-657d327f6976494ebfe933a106a1845a?id=Q8Q6Jdx9hlsJGVgTn0jFzQ%3d%3d&view=detailv2&idpp=genimg&idpbck=1&form=BICREC",
  "urlHash": "2431746b3905a9f5156d0b4653a6e7c8",
  "download": "https://api.apify.com/v2/key-value-stores/GqKx8xgiCRngoHyCT/records/2431746b3905a9f5156d0b4653a6e7c8.zip"
},
{
  "url": "https://www.bing.com/images/create/portrait-photo-of-a-female-dog-dressed-in-modern-i/1-657d327f6976494ebfe933a106a1845a?id=5L75rBZzqZrwUkS8wWFrkw%3d%3d&view=detailv2&idpp=genimg&idpbck=1&form=BICREC",
  "urlHash": "060a4a106a8da4dd807f180d714e6347",
  "download": "https://api.apify.com/v2/key-value-stores/GqKx8xgiCRngoHyCT/records/060a4a106a8da4dd807f180d714e6347.zip"
},
{
  "url": "https://www.bing.com/images/create/portrait-photo-of-a-female-dog-dressed-in-modern-i/1-657d3263dfd44fbf97e06964082b23de?id=H1hev2lSXKT2UXSUzx5YDg%3d%3d&view=detailv2&idpp=genimg&idpbck=1&form=BICREC",
  "urlHash": "ede88b31abedecef8d5d81d2a4833756",
  "download": "https://api.apify.com/v2/key-value-stores/GqKx8xgiCRngoHyCT/records/ede88b31abedecef8d5d81d2a4833756.zip"
},
{
  "url": "https://www.bing.com/images/create/portrait-photo-of-a-female-dog-dressed-in-modern-i/1-657d327f6976494ebfe933a106a1845a?id=wtduLfAUnK%2f3vUWbHPljPA%3d%3d&view=detailv2&idpp=genimg&idpbck=1&form=BICREC",
  "urlHash": "d69ad39891fcaa1d89fb74b90abec93a",
  "download": "https://api.apify.com/v2/key-value-stores/GqKx8xgiCRngoHyCT/records/d69ad39891fcaa1d89fb74b90abec93a.zip"
},
{
  "url": "https://www.bing.com/images/create/portrait-photo-of-a-female-dog-dressed-in-modern-i/1-657d3263dfd44fbf97e06964082b23de?id=imKGdYi6Qmhfrh6ln%2b2cYg%3d%3d&view=detailv2&idpp=genimg&idpbck=1&form=BICREC",
  "urlHash": "e6c69d62b32618b4a5853ec5745c5686",
  "download": "https://api.apify.com/v2/key-value-stores/GqKx8xgiCRngoHyCT/records/e6c69d62b32618b4a5853ec5745c5686.zip"
},
{
  "url": "https://www.bing.com/images/create/portrait-photo-of-a-female-dog-dressed-in-modern-i/1-657d3263dfd44fbf97e06964082b23de?id=uphbfGnd4J%2f0PvFqLK0GWg%3d%3d&view=detailv2&idpp=genimg&idpbck=1&form=BICREC",
  "urlHash": "7bffd6c98f3b66f2526d2baf71487889",
  "download": "https://api.apify.com/v2/key-value-stores/GqKx8xgiCRngoHyCT/records/7bffd6c98f3b66f2526d2baf71487889.zip"
},
{
  "url": "https://www.bing.com/images/create/portrait-photo-of-a-female-dog-dressed-in-modern-i/1-657d3263dfd44fbf97e06964082b23de?id=UJRw7tSo1ImUyaic3PbeRQ%3d%3d&view=detailv2&idpp=genimg&idpbck=1&form=BICREC",
  "urlHash": "2c2452e2b5c4c0d7c7843f506ecee750",
  "download": "https://api.apify.com/v2/key-value-stores/GqKx8xgiCRngoHyCT/records/2c2452e2b5c4c0d7c7843f506ecee750.zip"
},
{
  "url": "https://www.bing.com/images/create/portrait-photo-of-a-female-dog-dressed-in-modern-i/1-657d3226372a42f180f8bfb1c11ef60b?id=zU0sLgm2eM%2fRM9%2bvFVSzOA%3d%3d&view=detailv2&idpp=genimg&idpbck=1&form=BICREC",
  "urlHash": "819a8e4c2fc13461867aa316431b5622",
  "download": "https://api.apify.com/v2/key-value-stores/GqKx8xgiCRngoHyCT/records/819a8e4c2fc13461867aa316431b5622.zip"
},
{
  "url": "https://www.bing.com/images/create/portrait-photo-of-a-female-dog-dressed-in-modern-i/1-657d3226372a42f180f8bfb1c11ef60b?id=ydg0bCf6QkFSoypGGR3WuQ%3d%3d&view=detailv2&idpp=genimg&idpbck=1&form=BICREC",
  "urlHash": "1c639302bd14b3a4501963a051623d58",
  "download": "https://api.apify.com/v2/key-value-stores/GqKx8xgiCRngoHyCT/records/1c639302bd14b3a4501963a051623d58.zip"
},
{
  "url": "https://www.bing.com/images/create/portrait-photo-of-a-female-dog-dressed-in-modern-i/1-657d3226372a42f180f8bfb1c11ef60b?id=R7ntmNGiL%2fMBUK4SGzt0ZA%3d%3d&view=detailv2&idpp=genimg&idpbck=1&form=BICREC",
  "urlHash": "f25aec3c084627b4a0e5cac73de17735",
  "download": "https://api.apify.com/v2/key-value-stores/GqKx8xgiCRngoHyCT/records/f25aec3c084627b4a0e5cac73de17735.zip"
},
{
  "url": "https://www.bing.com/images/create/portrait-photo-of-a-female-dog-dressed-in-modern-i/1-657d3208d23544d2bb146456f3ee92da?id=RFuZ%2fONlybsQFsaSNtJyRQ%3d%3d&view=detailv2&idpp=genimg&idpbck=1&form=BICREC",
  "urlHash": "f4655ad339fb2b25fa6b941b89c3bccc",
  "download": "https://api.apify.com/v2/key-value-stores/GqKx8xgiCRngoHyCT/records/f4655ad339fb2b25fa6b941b89c3bccc.zip"
},
{
  "url": "https://www.bing.com/images/create/portrait-photo-of-a-female-dog-dressed-in-modern-i/1-657d3226372a42f180f8bfb1c11ef60b?id=O2gRkSMcK0NbuNFQ3jHCYQ%3d%3d&view=detailv2&idpp=genimg&idpbck=1&form=BICREC",
  "urlHash": "87d43e6b05af59d520a8b3e5381ee9a5",
  "download": "https://api.apify.com/v2/key-value-stores/GqKx8xgiCRngoHyCT/records/87d43e6b05af59d520a8b3e5381ee9a5.zip"
},
{
  "url": "https://www.bing.com/images/create/portrait-photo-of-a-female-dog-dressed-in-modern-i/1-657d3208d23544d2bb146456f3ee92da?id=PUS%2fc7XhGnxYHTE1%2fnHJzQ%3d%3d&view=detailv2&idpp=genimg&idpbck=1&form=BICREC",
  "urlHash": "f521cb236cbed9bfee4087469e5ca482",
  "download": "https://api.apify.com/v2/key-value-stores/GqKx8xgiCRngoHyCT/records/f521cb236cbed9bfee4087469e5ca482.zip"
},
{
  "url": "https://www.bing.com/images/create/portrait-photo-of-a-female-dog-dressed-in-modern-i/1-657d31ec2c514c1093633166891683b9?id=KWySLiS%2bqfYaDM3t2G21UQ%3d%3d&view=detailv2&idpp=genimg&idpbck=1&form=BICREC",
  "urlHash": "4ca7000156161a36e9a4196e9e2f2f97",
  "download": "https://api.apify.com/v2/key-value-stores/GqKx8xgiCRngoHyCT/records/4ca7000156161a36e9a4196e9e2f2f97.zip"
},
{
  "url": "https://www.bing.com/images/create/portrait-photo-of-a-female-dog-dressed-in-modern-i/1-657d3208d23544d2bb146456f3ee92da?id=BpodfHdJYwH2mFrYDdxd7A%3d%3d&view=detailv2&idpp=genimg&idpbck=1&form=BICREC",
  "urlHash": "66ed3d615a1a973f6577476d4805764b",
  "download": "https://api.apify.com/v2/key-value-stores/GqKx8xgiCRngoHyCT/records/66ed3d615a1a973f6577476d4805764b.zip"
},
{
  "url": "https://www.bing.com/images/create/portrait-photo-of-a-female-dog-dressed-in-modern-i/1-657d3208d23544d2bb146456f3ee92da?id=DtK4p9PjUy%2bMjQeTYSLyGw%3d%3d&view=detailv2&idpp=genimg&idpbck=1&form=BICREC",
  "urlHash": "6d13df3afbcb99792734a67a13f5cca1",
  "download": "https://api.apify.com/v2/key-value-stores/GqKx8xgiCRngoHyCT/records/6d13df3afbcb99792734a67a13f5cca1.zip"
},
{
  "url": "https://www.bing.com/images/create/portrait-photo-of-a-female-dog-dressed-in-modern-i/1-657d31ec2c514c1093633166891683b9?id=SuHJ11EUFlo8gIXz2D1x6Q%3d%3d&view=detailv2&idpp=genimg&idpbck=1&form=BICREC",
  "urlHash": "8bd8884c5aa30ee25dcf388432a207db",
  "download": "https://api.apify.com/v2/key-value-stores/GqKx8xgiCRngoHyCT/records/8bd8884c5aa30ee25dcf388432a207db.zip"
},
{
  "url": "https://www.bing.com/images/create/portrait-photo-of-a-female-dog-dressed-in-modern-i/1-657d31ec2c514c1093633166891683b9?id=NVI8AWOa7pSjCaRRN31Gwg%3d%3d&view=detailv2&idpp=genimg&idpbck=1&form=BICREC",
  "urlHash": "62640398fc9339ea1f0551a55b629606",
  "download": "https://api.apify.com/v2/key-value-stores/GqKx8xgiCRngoHyCT/records/62640398fc9339ea1f0551a55b629606.zip"
},
{
  "url": "https://www.bing.com/images/create/portrait-photo-of-a-female-dog-dressed-in-modern-i/1-657d31ec2c514c1093633166891683b9?id=m3NH%2bksmEewCCkmwV2a40Q%3d%3d&view=detailv2&idpp=genimg&idpbck=1&form=BICREC",
  "urlHash": "d6105e46f9ed23cc136ed909941ec930",
  "download": "https://api.apify.com/v2/key-value-stores/GqKx8xgiCRngoHyCT/records/d6105e46f9ed23cc136ed909941ec930.zip"
},
{
  "url": "https://www.bing.com/images/create/portrait-photo-of-a-female-dog-dressed-in-modern-i/1-657d31ba30c34828b795ae9a7381c592?id=M%2f0MQwab5Agj8R7lfbahBw%3d%3d&view=detailv2&idpp=genimg&idpbck=1&form=BICREC",
  "urlHash": "710567b4f66c9ca3fc2f494fdbdef7dd",
  "download": "https://api.apify.com/v2/key-value-stores/GqKx8xgiCRngoHyCT/records/710567b4f66c9ca3fc2f494fdbdef7dd.zip"
},
{
  "url": "https://www.bing.com/images/create/portrait-photo-of-a-female-dog-dressed-in-modern-i/1-657d31ba30c34828b795ae9a7381c592?id=C5z%2fgrHcRbiYrofcYHQEwg%3d%3d&view=detailv2&idpp=genimg&idpbck=1&form=BICREC",
  "urlHash": "b192f0590f1e9197fca17e803f924f57",
  "download": "https://api.apify.com/v2/key-value-stores/GqKx8xgiCRngoHyCT/records/b192f0590f1e9197fca17e803f924f57.zip"
},
{
  "url": "https://www.bing.com/images/create/portrait-photo-of-a-female-dog-dressed-in-modern-i/1-657d31ba30c34828b795ae9a7381c592?id=ZcTtoFGSRmmh89Uanx25iQ%3d%3d&view=detailv2&idpp=genimg&idpbck=1&form=BICREC",
  "urlHash": "4092a6be4f0f8f9848725bf82953769f",
  "download": "https://api.apify.com/v2/key-value-stores/GqKx8xgiCRngoHyCT/records/4092a6be4f0f8f9848725bf82953769f.zip"
},
{
  "url": "https://www.bing.com/images/create/portrait-photo-of-a-female-dog-dressed-in-modern-i/1-657d31ba30c34828b795ae9a7381c592?id=nD35wL2tvtmMMhl11s3E2w%3d%3d&view=detailv2&idpp=genimg&idpbck=1&form=BICREC",
  "urlHash": "ff184da1893be19d2fb123003e783e28",
  "download": "https://api.apify.com/v2/key-value-stores/GqKx8xgiCRngoHyCT/records/ff184da1893be19d2fb123003e783e28.zip"
},
{
  "url": "https://www.bing.com/images/create/portrait-photo-of-a-female-dog-dressed-in-modern-i/1-657d30cf9c454915a8076b643ac98e45?id=G3GAN8Qi3pmv%2b%2biyoYLqcw%3d%3d&view=detailv2&idpp=genimg&idpbck=1&form=BICREC",
  "urlHash": "99ea0dac09f2361785ea968801eb136a",
  "download": "https://api.apify.com/v2/key-value-stores/GqKx8xgiCRngoHyCT/records/99ea0dac09f2361785ea968801eb136a.zip"
},
{
  "url": "https://www.bing.com/images/create/portrait-photo-of-a-female-dog-dressed-in-modern-i/1-657d30cf9c454915a8076b643ac98e45?id=zFYJc%2bFdoIM473XqI8qL0w%3d%3d&view=detailv2&idpp=genimg&idpbck=1&form=BICREC",
  "urlHash": "6d4fa941c95d63b75df551a9fa3ba8f8",
  "download": "https://api.apify.com/v2/key-value-stores/GqKx8xgiCRngoHyCT/records/6d4fa941c95d63b75df551a9fa3ba8f8.zip"
},
{
  "url": "https://www.bing.com/images/create/portrait-photo-of-a-female-dog-dressed-in-modern-i/1-657d30cf9c454915a8076b643ac98e45?id=guv87Zi2UWgV%2bd9kJz64ew%3d%3d&view=detailv2&idpp=genimg&idpbck=1&form=BICREC",
  "urlHash": "39a60ff88256fc792ee77b0c09231bce",
  "download": "https://api.apify.com/v2/key-value-stores/GqKx8xgiCRngoHyCT/records/39a60ff88256fc792ee77b0c09231bce.zip"
},
{
  "url": "https://www.bing.com/images/create/portrait-photo-of-a-female-dog-dressed-in-modern-i/1-657d30cf9c454915a8076b643ac98e45?id=hMCaKQC2o4jQov2icDGaNA%3d%3d&view=detailv2&idpp=genimg&idpbck=1&form=BICREC",
  "urlHash": "97a2a11e1e97fccf80ae38656ec021c8",
  "download": "https://api.apify.com/v2/key-value-stores/GqKx8xgiCRngoHyCT/records/97a2a11e1e97fccf80ae38656ec021c8.zip"
},
{
  "url": "https://www.bing.com/images/create/portrait-photo-of-a-female-dog-dressed-in-modern-i/1-657d309fc2b841bbb18f6a1cfdb44192?id=I6v2vhip5ZAAX4Atq8DkXQ%3d%3d&view=detailv2&idpp=genimg&idpbck=1&form=BICREC",
  "urlHash": "7bf7a77f8c845c038bc301ac8a12da7a",
  "download": "https://api.apify.com/v2/key-value-stores/GqKx8xgiCRngoHyCT/records/7bf7a77f8c845c038bc301ac8a12da7a.zip"
},
{
  "url": "https://www.bing.com/images/create/portrait-photo-of-a-female-dog-dressed-in-modern-i/1-657d309fc2b841bbb18f6a1cfdb44192?id=un3UKPcanSjrdz5etvxy%2fA%3d%3d&view=detailv2&idpp=genimg&idpbck=1&form=BICREC",
  "urlHash": "745696ee296c2f1099e0a7059097d895",
  "download": "https://api.apify.com/v2/key-value-stores/GqKx8xgiCRngoHyCT/records/745696ee296c2f1099e0a7059097d895.zip"
},
{
  "url": "https://www.bing.com/images/create/portrait-photo-of-a-female-dog-dressed-in-modern-i/1-657d309fc2b841bbb18f6a1cfdb44192?id=2s3fHlLRStfr4%2fHcOHoNOw%3d%3d&view=detailv2&idpp=genimg&idpbck=1&form=BICREC",
  "urlHash": "cbca18b968110403fbb2f7c591ffed0d",
  "download": "https://api.apify.com/v2/key-value-stores/GqKx8xgiCRngoHyCT/records/cbca18b968110403fbb2f7c591ffed0d.zip"
},
{
  "url": "https://www.bing.com/images/create/portrait-photo-of-a-female-dog-dressed-in-modern-i/1-657d309fc2b841bbb18f6a1cfdb44192?id=EX3T4MRbkTZfpHlckuTrKQ%3d%3d&view=detailv2&idpp=genimg&idpbck=1&form=BICREC",
  "urlHash": "bd4ebc62bbf7e8eec2e31f51518e4af2",
  "download": "https://api.apify.com/v2/key-value-stores/GqKx8xgiCRngoHyCT/records/bd4ebc62bbf7e8eec2e31f51518e4af2.zip"
},
{
  "url": "https://www.bing.com/images/create/portrait-photo-of-a-female-dog-dressed-in-modern-i/1-657d3079b8694d0e9711c5377d19c6d0?id=3QM7i8tZrnuc7zxuuMhoQg%3d%3d&view=detailv2&idpp=genimg&idpbck=1&form=BICREC",
  "urlHash": "d5dd9627aa16be887203c9fdb5da48dd",
  "download": "https://api.apify.com/v2/key-value-stores/GqKx8xgiCRngoHyCT/records/d5dd9627aa16be887203c9fdb5da48dd.zip"
},
{
  "url": "https://www.bing.com/images/create/portrait-photo-of-a-female-dog-dressed-in-modern-i/1-657d3079b8694d0e9711c5377d19c6d0?id=Un3mxvzxNAZ8wpZor7ErKA%3d%3d&view=detailv2&idpp=genimg&idpbck=1&form=BICREC",
  "urlHash": "2c496a6038e48b2fb58efbf7ee02cedc",
  "download": "https://api.apify.com/v2/key-value-stores/GqKx8xgiCRngoHyCT/records/2c496a6038e48b2fb58efbf7ee02cedc.zip"
},
{
  "url": "https://www.bing.com/images/create/portrait-photo-of-a-female-dog-dressed-in-modern-i/1-657d3079b8694d0e9711c5377d19c6d0?id=3DdSKNGHeipJa1GIp%2bYvVg%3d%3d&view=detailv2&idpp=genimg&idpbck=1&form=BICREC",
  "urlHash": "1755caae08b35b227cc142632b830b0f",
  "download": "https://api.apify.com/v2/key-value-stores/GqKx8xgiCRngoHyCT/records/1755caae08b35b227cc142632b830b0f.zip"
},
{
  "url": "https://www.bing.com/images/create/portrait-photo-of-a-female-dog-dressed-in-modern-i/1-657d3079b8694d0e9711c5377d19c6d0?id=YcVItjVJhxR5Kw5%2b8dr0zA%3d%3d&view=detailv2&idpp=genimg&idpbck=1&form=BICREC",
  "urlHash": "6d20f5a23eaa21016819c7d25cf29110",
  "download": "https://api.apify.com/v2/key-value-stores/GqKx8xgiCRngoHyCT/records/6d20f5a23eaa21016819c7d25cf29110.zip"
},
{
  "url": "https://www.bing.com/images/create/portrait-photo-of-a-female-dog-dressed-in-modern-i/1-657d304f0dbe49198198d62acc1c4a98?id=tcUwVL27Tg8EpAYLj3RRuQ%3d%3d&view=detailv2&idpp=genimg&idpbck=1&form=BICREC",
  "urlHash": "e8e31e19b8faa3375968d18243d1d185",
  "download": "https://api.apify.com/v2/key-value-stores/GqKx8xgiCRngoHyCT/records/e8e31e19b8faa3375968d18243d1d185.zip"
},
{
  "url": "https://www.bing.com/images/create/portrait-photo-of-a-female-dog-dressed-in-modern-i/1-657d304f0dbe49198198d62acc1c4a98?id=SodEDXup3WAMV%2fC5mjfxJg%3d%3d&view=detailv2&idpp=genimg&idpbck=1&form=BICREC",
  "urlHash": "4e330d17a46eda540208c5000a49955d",
  "download": "https://api.apify.com/v2/key-value-stores/GqKx8xgiCRngoHyCT/records/4e330d17a46eda540208c5000a49955d.zip"
},
{
  "url": "https://www.bing.com/images/create/portrait-photo-of-a-female-dog-dressed-in-modern-i/1-657d304f0dbe49198198d62acc1c4a98?id=hL54Gpf9%2f4ptnCMTwJMrlw%3d%3d&view=detailv2&idpp=genimg&idpbck=1&form=BICREC",
  "urlHash": "125fb06387cfa1d3c3aab0baaf4bcb03",
  "download": "https://api.apify.com/v2/key-value-stores/GqKx8xgiCRngoHyCT/records/125fb06387cfa1d3c3aab0baaf4bcb03.zip"
},
{
  "url": "https://www.bing.com/images/create/portrait-photo-of-a-female-dog-dressed-in-modern-i/1-657d31991c5045149b3e449fbca7bf6b?id=rua0UdnClgEelGrtGFqbdw%3d%3d&view=detailv2&idpp=genimg&idpbck=1&form=BICREC",
  "urlHash": "49b5c4c9ef0f800b1c14b74630dca16e",
  "download": "https://api.apify.com/v2/key-value-stores/GqKx8xgiCRngoHyCT/records/49b5c4c9ef0f800b1c14b74630dca16e.zip"
},
{
  "url": "https://www.bing.com/images/create/portrait-photo-of-a-female-dog-dressed-in-modern-i/1-657d304f0dbe49198198d62acc1c4a98?id=Q88XJDy4a2KsHJF5gORm%2bg%3d%3d&view=detailv2&idpp=genimg&idpbck=1&form=BICREC",
  "urlHash": "78edc333ec79707ab22adfabd2e2c58d",
  "download": "https://api.apify.com/v2/key-value-stores/GqKx8xgiCRngoHyCT/records/78edc333ec79707ab22adfabd2e2c58d.zip"
},
{
  "url": "https://www.bing.com/images/create/portrait-photo-of-a-female-dog-dressed-in-modern-i/1-657d31991c5045149b3e449fbca7bf6b?id=pTMaPEQCa0K1CdpyRPqh1Q%3d%3d&view=detailv2&idpp=genimg&idpbck=1&form=BICREC",
  "urlHash": "5d98b6fec460e24fabc8a5545a5a23f1",
  "download": "https://api.apify.com/v2/key-value-stores/GqKx8xgiCRngoHyCT/records/5d98b6fec460e24fabc8a5545a5a23f1.zip"
},
{
  "url": "https://www.bing.com/images/create/portrait-photo-of-a-female-dog-dressed-in-modern-i/1-657d31991c5045149b3e449fbca7bf6b?id=gQ9fg14axQg5%2bKShcHIU8g%3d%3d&view=detailv2&idpp=genimg&idpbck=1&form=BICREC",
  "urlHash": "b8ca5f8435f5e443e4232f3ce6a85f1a",
  "download": "https://api.apify.com/v2/key-value-stores/GqKx8xgiCRngoHyCT/records/b8ca5f8435f5e443e4232f3ce6a85f1a.zip"
},
{
  "url": "https://www.bing.com/images/create/portrait-photo-of-a-female-dog-dressed-in-modern-i/1-657d31991c5045149b3e449fbca7bf6b?id=zVDZRyUxFLDtLmfXsHj%2bHg%3d%3d&view=detailv2&idpp=genimg&idpbck=1&form=BICREC",
  "urlHash": "e980a972be62cdad6a05e17c436021ea",
  "download": "https://api.apify.com/v2/key-value-stores/GqKx8xgiCRngoHyCT/records/e980a972be62cdad6a05e17c436021ea.zip"
},
{
  "url": "https://www.bing.com/images/create/portrait-photo-of-a-female-dog-dressed-in-modern-i/1-657d315b1f0747d39c419162a67388d6?id=mmb%2fFDEBvQDLBgYRo8CcKQ%3d%3d&view=detailv2&idpp=genimg&idpbck=1&form=BICREC",
  "urlHash": "47d69f1c19cdc7cd126ec44e610dfd06",
  "download": "https://api.apify.com/v2/key-value-stores/GqKx8xgiCRngoHyCT/records/47d69f1c19cdc7cd126ec44e610dfd06.zip"
},
{
  "url": "https://www.bing.com/images/create/portrait-photo-of-a-female-dog-dressed-in-modern-i/1-657d315b1f0747d39c419162a67388d6?id=9954bWJLbESrrLPJfz2Xew%3d%3d&view=detailv2&idpp=genimg&idpbck=1&form=BICREC",
  "urlHash": "b0f9a343b3627c0b0f85b0c0f78b4d52",
  "download": "https://api.apify.com/v2/key-value-stores/GqKx8xgiCRngoHyCT/records/b0f9a343b3627c0b0f85b0c0f78b4d52.zip"
},
{
  "url": "https://www.bing.com/images/create/portrait-photo-of-a-female-dog-dressed-in-modern-i/1-657d315b1f0747d39c419162a67388d6?id=ro%2bEpsHrtgutM781hpM%2baA%3d%3d&view=detailv2&idpp=genimg&idpbck=1&form=BICREC",
  "urlHash": "95ffee803572a32a9eb6377b3f2e9afd",
  "download": "https://api.apify.com/v2/key-value-stores/GqKx8xgiCRngoHyCT/records/95ffee803572a32a9eb6377b3f2e9afd.zip"
},
{
  "url": "https://www.bing.com/images/create/portrait-photo-of-a-female-dog-dressed-in-modern-i/1-657d315b1f0747d39c419162a67388d6?id=JQxT62Kpyu5kSewW%2bd6X%2bw%3d%3d&view=detailv2&idpp=genimg&idpbck=1&form=BICREC",
  "urlHash": "e87cb12d87852c647e83d60e92961882",
  "download": "https://api.apify.com/v2/key-value-stores/GqKx8xgiCRngoHyCT/records/e87cb12d87852c647e83d60e92961882.zip"
},
{
  "url": "https://www.bing.com/images/create/portrait-photo-of-a-female-dog-dressed-in-modern-i/1-657d313388854b9f81fba14d438ba093?id=8NnkjfoRGOYBOuDm1Odp1w%3d%3d&view=detailv2&idpp=genimg&idpbck=1&form=BICREC",
  "urlHash": "689fcdd1f97ba1721c8da45e05074020",
  "download": "https://api.apify.com/v2/key-value-stores/GqKx8xgiCRngoHyCT/records/689fcdd1f97ba1721c8da45e05074020.zip"
},
{
  "url": "https://www.bing.com/images/create/portrait-photo-of-a-female-dog-dressed-in-modern-i/1-657d313388854b9f81fba14d438ba093?id=aXWLujGgNZC%2f3BYC%2fH8VdQ%3d%3d&view=detailv2&idpp=genimg&idpbck=1&form=BICREC",
  "urlHash": "4a5cd46c6c35c74134fcc891f5207c4d",
  "download": "https://api.apify.com/v2/key-value-stores/GqKx8xgiCRngoHyCT/records/4a5cd46c6c35c74134fcc891f5207c4d.zip"
},
{
  "url": "https://www.bing.com/images/create/portrait-photo-of-a-female-dog-dressed-in-modern-i/1-657d313388854b9f81fba14d438ba093?id=sKPXKw75kTq3UxQe3GrHcw%3d%3d&view=detailv2&idpp=genimg&idpbck=1&form=BICREC",
  "urlHash": "0455c71b909dc6bcd89de0e25234de2f",
  "download": "https://api.apify.com/v2/key-value-stores/GqKx8xgiCRngoHyCT/records/0455c71b909dc6bcd89de0e25234de2f.zip"
},
{
  "url": "https://www.bing.com/images/create/portrait-photo-of-a-female-dog-dressed-in-modern-i/1-657d313388854b9f81fba14d438ba093?id=Avn9YmyTPuYqJHuj2rRaJg%3d%3d&view=detailv2&idpp=genimg&idpbck=1&form=BICREC",
  "urlHash": "5d5a576b87326b962219e8b477bbf832",
  "download": "https://api.apify.com/v2/key-value-stores/GqKx8xgiCRngoHyCT/records/5d5a576b87326b962219e8b477bbf832.zip"
},
{
  "url": "https://www.bing.com/images/create/portrait-photo-of-a-female-dog-dressed-in-modern-i/1-657d31076f85418a89360ba6383c502f?id=3C%2bxxiqGPeLiXPeulYsnIA%3d%3d&view=detailv2&idpp=genimg&idpbck=1&form=BICREC",
  "urlHash": "3d04850d08e49b547218cf2db74f0142",
  "download": "https://api.apify.com/v2/key-value-stores/GqKx8xgiCRngoHyCT/records/3d04850d08e49b547218cf2db74f0142.zip"
},
{
  "url": "https://www.bing.com/images/create/portrait-photo-of-a-female-dog-dressed-in-modern-i/1-657d31076f85418a89360ba6383c502f?id=o61HkhRWRTEbx9s1VMrwqA%3d%3d&view=detailv2&idpp=genimg&idpbck=1&form=BICREC",
  "urlHash": "3831fdcb1f1aa54e989347cee3328e04",
  "download": "https://api.apify.com/v2/key-value-stores/GqKx8xgiCRngoHyCT/records/3831fdcb1f1aa54e989347cee3328e04.zip"
},
{
  "url": "https://www.bing.com/images/create/portrait-photo-of-a-female-dog-dressed-in-modern-i/1-657d31076f85418a89360ba6383c502f?id=93vJbfTBKhrCQwwRBYHTXQ%3d%3d&view=detailv2&idpp=genimg&idpbck=1&form=BICREC",
  "urlHash": "9c7de55bb8e2cc0f47a30464adb5be47",
  "download": "https://api.apify.com/v2/key-value-stores/GqKx8xgiCRngoHyCT/records/9c7de55bb8e2cc0f47a30464adb5be47.zip"
},
{
  "url": "https://www.bing.com/images/create/portrait-photo-of-a-female-dog-dressed-in-modern-i/1-657d31076f85418a89360ba6383c502f?id=hD85EtttiTti9%2fNWhYcp1g%3d%3d&view=detailv2&idpp=genimg&idpbck=1&form=BICREC",
  "urlHash": "8d4f1fd27566b8e0a03ca24770ac3acb",
  "download": "https://api.apify.com/v2/key-value-stores/GqKx8xgiCRngoHyCT/records/8d4f1fd27566b8e0a03ca24770ac3acb.zip"
},
{
  "url": "https://www.bing.com/images/create/portrait-photo-of-a-female-dog-dressed-in-modern-i/1-657d2ffcd9d3444ab2b3f4d3d452aa75?id=q0kmEGjXzwvuB6JZcIhTuw%3d%3d&view=detailv2&idpp=genimg&idpbck=1&form=BICREC",
  "urlHash": "9909e81cce2200adc1cec2e2df72f98b",
  "download": "https://api.apify.com/v2/key-value-stores/GqKx8xgiCRngoHyCT/records/9909e81cce2200adc1cec2e2df72f98b.zip"
},
{
  "url": "https://www.bing.com/images/create/portrait-photo-of-a-female-dog-dressed-in-modern-i/1-657d2ffcd9d3444ab2b3f4d3d452aa75?id=ui%2b8JZeEzjiRafGQ9zmY0A%3d%3d&view=detailv2&idpp=genimg&idpbck=1&form=BICREC",
  "urlHash": "f55959f52008b969739660b32a89d25d",
  "download": "https://api.apify.com/v2/key-value-stores/GqKx8xgiCRngoHyCT/records/f55959f52008b969739660b32a89d25d.zip"
},
{
  "url": "https://www.bing.com/images/create/portrait-photo-of-a-female-dog-dressed-in-modern-i/1-657d2ffcd9d3444ab2b3f4d3d452aa75?id=F2U8%2fUgPh7f%2fgj7SQxLTUQ%3d%3d&view=detailv2&idpp=genimg&idpbck=1&form=BICREC",
  "urlHash": "24f63ecc3e5575d9afb8eb83f0e178b7",
  "download": "https://api.apify.com/v2/key-value-stores/GqKx8xgiCRngoHyCT/records/24f63ecc3e5575d9afb8eb83f0e178b7.zip"
},
{
  "url": "https://www.bing.com/images/create/portrait-photo-of-a-female-dog-dressed-in-modern-i/1-657d2fdc41a54883bddd4f082d83104d?id=CbFwAvCs81MRM%2bUIicfHXA%3d%3d&view=detailv2&idpp=genimg&idpbck=1&form=BICREC",
  "urlHash": "71518bdfb9c0f4c9124f9a260d5ccb41",
  "download": "https://api.apify.com/v2/key-value-stores/GqKx8xgiCRngoHyCT/records/71518bdfb9c0f4c9124f9a260d5ccb41.zip"
},
{
  "url": "https://www.bing.com/images/create/portrait-photo-of-a-female-dog-dressed-in-modern-i/1-657d2ffcd9d3444ab2b3f4d3d452aa75?id=sI13GzODlfygc8v4FbK2IA%3d%3d&view=detailv2&idpp=genimg&idpbck=1&form=BICREC",
  "urlHash": "da3d32c43b37ec6fb8b0c42e7a010b70",
  "download": "https://api.apify.com/v2/key-value-stores/GqKx8xgiCRngoHyCT/records/da3d32c43b37ec6fb8b0c42e7a010b70.zip"
},
{
  "url": "https://www.bing.com/images/create/portrait-photo-of-a-female-dog-dressed-in-modern-i/1-657d2fdc41a54883bddd4f082d83104d?id=O4BbtrlJzKX%2b9wAFHf99fg%3d%3d&view=detailv2&idpp=genimg&idpbck=1&form=BICREC",
  "urlHash": "74f7050158b0252a4c3ff9b90b2e5d30",
  "download": "https://api.apify.com/v2/key-value-stores/GqKx8xgiCRngoHyCT/records/74f7050158b0252a4c3ff9b90b2e5d30.zip"
},
{
  "url": "https://www.bing.com/images/create/portrait-photo-of-a-female-dog-dressed-in-modern-i/1-657d2fdc41a54883bddd4f082d83104d?id=K9ITlj0edpHmgkZK4bxN%2bA%3d%3d&view=detailv2&idpp=genimg&idpbck=1&form=BICREC",
  "urlHash": "44dac3ec35532225055c869da3dde6eb",
  "download": "https://api.apify.com/v2/key-value-stores/GqKx8xgiCRngoHyCT/records/44dac3ec35532225055c869da3dde6eb.zip"
},
{
  "url": "https://www.bing.com/images/create/portrait-photo-of-a-female-dog-dressed-in-modern-i/1-657d2fdc41a54883bddd4f082d83104d?id=n%2fhCiwBge%2f2X%2bmFlCPiHbA%3d%3d&view=detailv2&idpp=genimg&idpbck=1&form=BICREC",
  "urlHash": "d030cefb0d171075a6d2a126c33ecc42",
  "download": "https://api.apify.com/v2/key-value-stores/GqKx8xgiCRngoHyCT/records/d030cefb0d171075a6d2a126c33ecc42.zip"
},
{
  "url": "https://www.bing.com/images/create/portrait-photo-of-a-female-dog-dressed-in-modern-i/1-657d2f871e1a4f47b5a75b07e95c842e?id=bvFF9cVRc2F3oa14YYR9nA%3d%3d&view=detailv2&idpp=genimg&idpbck=1&form=BICREC",
  "urlHash": "e764d8d1749c97174697d250a9822ca9",
  "download": "https://api.apify.com/v2/key-value-stores/GqKx8xgiCRngoHyCT/records/e764d8d1749c97174697d250a9822ca9.zip"
},
{
  "url": "https://www.bing.com/images/create/portrait-photo-of-a-female-dog-dressed-in-modern-i/1-657d2f871e1a4f47b5a75b07e95c842e?id=orSUckzYh5G0MKxkAMXCwA%3d%3d&view=detailv2&idpp=genimg&idpbck=1&form=BICREC",
  "urlHash": "d08f99fd6eabd2a6ba1f5f0dd1a00a3f",
  "download": "https://api.apify.com/v2/key-value-stores/GqKx8xgiCRngoHyCT/records/d08f99fd6eabd2a6ba1f5f0dd1a00a3f.zip"
},
{
  "url": "https://www.bing.com/images/create/portrait-photo-of-a-female-dog-dressed-in-modern-i/1-657d2f871e1a4f47b5a75b07e95c842e?id=dntFO%2frM7FLqTYArDNFXBg%3d%3d&view=detailv2&idpp=genimg&idpbck=1&form=BICREC",
  "urlHash": "c5162b0bcff7bbbc066ccff094c07a0e",
  "download": "https://api.apify.com/v2/key-value-stores/GqKx8xgiCRngoHyCT/records/c5162b0bcff7bbbc066ccff094c07a0e.zip"
},
{
  "url": "https://www.bing.com/images/create/portrait-photo-of-a-female-dog-dressed-in-modern-i/1-657d2f871e1a4f47b5a75b07e95c842e?id=MmKtn9qqn4RPxEbYr3f3pg%3d%3d&view=detailv2&idpp=genimg&idpbck=1&form=BICREC",
  "urlHash": "54c6874c7ea387a3bd70df510f34771a",
  "download": "https://api.apify.com/v2/key-value-stores/GqKx8xgiCRngoHyCT/records/54c6874c7ea387a3bd70df510f34771a.zip"
},
{
  "url": "https://www.bing.com/images/create/portrait-photo-of-a-female-dog-dressed-in-modern-i/1-657d2f5d433e41a69e47b262f5847901?id=EZlVAG1mRkF4Pgu3g6ZD1w%3d%3d&view=detailv2&idpp=genimg&idpbck=1&form=BICREC",
  "urlHash": "89088c581e0d9daf2b2448cd58600fe1",
  "download": "https://api.apify.com/v2/key-value-stores/GqKx8xgiCRngoHyCT/records/89088c581e0d9daf2b2448cd58600fe1.zip"
},
{
  "url": "https://www.bing.com/images/create/portrait-photo-of-a-female-dog-dressed-in-modern-i/1-657d2f5d433e41a69e47b262f5847901?id=59ILMlt47wJUMvqoajqD4w%3d%3d&view=detailv2&idpp=genimg&idpbck=1&form=BICREC",
  "urlHash": "5774f0053eb204a2f9f065a40097430f",
  "download": "https://api.apify.com/v2/key-value-stores/GqKx8xgiCRngoHyCT/records/5774f0053eb204a2f9f065a40097430f.zip"
},
{
  "url": "https://www.bing.com/images/create/portrait-photo-of-a-female-dog-dressed-in-modern-i/1-657d2f5d433e41a69e47b262f5847901?id=5FHRI%2fdBPwbdo48oCIQSXA%3d%3d&view=detailv2&idpp=genimg&idpbck=1&form=BICREC",
  "urlHash": "89510a82a57923423acd807b1bab3d5a",
  "download": "https://api.apify.com/v2/key-value-stores/GqKx8xgiCRngoHyCT/records/89510a82a57923423acd807b1bab3d5a.zip"
},
{
  "url": "https://www.bing.com/images/create/portrait-photo-of-a-female-dog-dressed-in-modern-i/1-657d2f5d433e41a69e47b262f5847901?id=7HDpzaLvX4zzxHrNW2L2gg%3d%3d&view=detailv2&idpp=genimg&idpbck=1&form=BICREC",
  "urlHash": "731bbeea30ec50570446a8a09d658473",
  "download": "https://api.apify.com/v2/key-value-stores/GqKx8xgiCRngoHyCT/records/731bbeea30ec50570446a8a09d658473.zip"
}]