[{
  "url": "https://www.bing.com/images/create/portrait-photo-of-a-female-cat-dressed-in-modern-i/1-65802353dbb242f597f106eab534e13f?id=WWVlx6VfH9sQxLI2jInD0g%3d%3d&view=detailv2&idpp=genimg&idpbck=1&form=BICREC",
  "urlHash": "9d6794173ce451257e3df3e4e885522b",
  "download": "https://api.apify.com/v2/key-value-stores/D36lrcGGw30jdgX4Z/records/9d6794173ce451257e3df3e4e885522b.zip"
},
{
  "url": "https://www.bing.com/images/create/portrait-photo-of-a-female-cat-dressed-in-modern-i/1-65802353dbb242f597f106eab534e13f?id=CeQ7z95VdJoC8zgQKZeY2w%3d%3d&view=detailv2&idpp=genimg&idpbck=1&form=BICREC",
  "urlHash": "0fdcc099bb9c7487e75254e261bc43c4",
  "download": "https://api.apify.com/v2/key-value-stores/D36lrcGGw30jdgX4Z/records/0fdcc099bb9c7487e75254e261bc43c4.zip"
},
{
  "url": "https://www.bing.com/images/create/portrait-photo-of-a-female-cat-dressed-in-modern-i/1-65802353dbb242f597f106eab534e13f?id=lzNuixD%2fBpzXxnxf2lKMng%3d%3d&view=detailv2&idpp=genimg&idpbck=1&form=BICREC",
  "urlHash": "54ad80420ad9d3aaf98cb12e72f6b55e",
  "download": "https://api.apify.com/v2/key-value-stores/D36lrcGGw30jdgX4Z/records/54ad80420ad9d3aaf98cb12e72f6b55e.zip"
},
{
  "url": "https://www.bing.com/images/create/portrait-photo-of-a-female-cat-dressed-in-modern-i/1-65802353dbb242f597f106eab534e13f?id=HHD7yZZtpU3teJcAOhvqcA%3d%3d&view=detailv2&idpp=genimg&idpbck=1&form=BICREC",
  "urlHash": "0328226a0d0e4d7159122769080f930f",
  "download": "https://api.apify.com/v2/key-value-stores/D36lrcGGw30jdgX4Z/records/0328226a0d0e4d7159122769080f930f.zip"
},
{
  "url": "https://www.bing.com/images/create/portrait-photo-of-a-female-cat-dressed-in-modern-i/1-658023359574444f8f4ae97f1b310909?id=zAWlqpPo0kHnDZ3jqgB78Q%3d%3d&view=detailv2&idpp=genimg&idpbck=1&form=BICREC",
  "urlHash": "861740c6e8193288024ba43cd30a242b",
  "download": "https://api.apify.com/v2/key-value-stores/D36lrcGGw30jdgX4Z/records/861740c6e8193288024ba43cd30a242b.zip"
},
{
  "url": "https://www.bing.com/images/create/portrait-photo-of-a-female-cat-dressed-in-modern-i/1-658023359574444f8f4ae97f1b310909?id=3T6w4Yi9FWCRaG9bhvDuow%3d%3d&view=detailv2&idpp=genimg&idpbck=1&form=BICREC",
  "urlHash": "8adb27edf71d654365502e02faeac7a7",
  "download": "https://api.apify.com/v2/key-value-stores/D36lrcGGw30jdgX4Z/records/8adb27edf71d654365502e02faeac7a7.zip"
},
{
  "url": "https://www.bing.com/images/create/portrait-photo-of-a-female-cat-dressed-in-modern-i/1-658023359574444f8f4ae97f1b310909?id=q76YKACe%2bKBz0HC6OxpE2w%3d%3d&view=detailv2&idpp=genimg&idpbck=1&form=BICREC",
  "urlHash": "573e69c0bb4262191e305beeb864895a",
  "download": "https://api.apify.com/v2/key-value-stores/D36lrcGGw30jdgX4Z/records/573e69c0bb4262191e305beeb864895a.zip"
},
{
  "url": "https://www.bing.com/images/create/portrait-photo-of-a-female-cat-dressed-in-modern-i/1-65802309e0034ea28a5b566509949b16?id=RO7v2qoHmIDBCuQZXrHDWw%3d%3d&view=detailv2&idpp=genimg&idpbck=1&form=BICREC",
  "urlHash": "b56412c4e354fdd3cc6c338517c4d572",
  "download": "https://api.apify.com/v2/key-value-stores/D36lrcGGw30jdgX4Z/records/b56412c4e354fdd3cc6c338517c4d572.zip"
},
{
  "url": "https://www.bing.com/images/create/portrait-photo-of-a-female-cat-dressed-in-modern-i/1-658023359574444f8f4ae97f1b310909?id=Ieq5Iote43A%2fIUvUmLES%2bA%3d%3d&view=detailv2&idpp=genimg&idpbck=1&form=BICREC",
  "urlHash": "cbad16b9c2b5c9b46fee812d7f8bf5ca",
  "download": "https://api.apify.com/v2/key-value-stores/D36lrcGGw30jdgX4Z/records/cbad16b9c2b5c9b46fee812d7f8bf5ca.zip"
},
{
  "url": "https://www.bing.com/images/create/portrait-photo-of-a-female-cat-dressed-in-modern-i/1-65802309e0034ea28a5b566509949b16?id=fkzIPbDcoZ4zAqvbu0Gj4g%3d%3d&view=detailv2&idpp=genimg&idpbck=1&form=BICREC",
  "urlHash": "964485cd12bab3277a775051ca5a0d40",
  "download": "https://api.apify.com/v2/key-value-stores/D36lrcGGw30jdgX4Z/records/964485cd12bab3277a775051ca5a0d40.zip"
},
{
  "url": "https://www.bing.com/images/create/portrait-photo-of-a-female-cat-dressed-in-modern-i/1-65802309e0034ea28a5b566509949b16?id=wPWN8NKh8oVzvs80ngGr7w%3d%3d&view=detailv2&idpp=genimg&idpbck=1&form=BICREC",
  "urlHash": "59e9febeb38cc37878f8e75eb219d1c5",
  "download": "https://api.apify.com/v2/key-value-stores/D36lrcGGw30jdgX4Z/records/59e9febeb38cc37878f8e75eb219d1c5.zip"
},
{
  "url": "https://www.bing.com/images/create/portrait-photo-of-a-female-cat-dressed-in-modern-i/1-65802309e0034ea28a5b566509949b16?id=53VJPceravd%2fGg7YTFBJHg%3d%3d&view=detailv2&idpp=genimg&idpbck=1&form=BICREC",
  "urlHash": "28f0e5760d787268954c061144432d5f",
  "download": "https://api.apify.com/v2/key-value-stores/D36lrcGGw30jdgX4Z/records/28f0e5760d787268954c061144432d5f.zip"
},
{
  "url": "https://www.bing.com/images/create/portrait-photo-of-a-female-cat-dressed-in-modern-i/1-658022db0ee64da1b873cbcfdfe7f184?id=lQZL%2bkEgQEbmqqKoPKdRrg%3d%3d&view=detailv2&idpp=genimg&idpbck=1&form=BICREC",
  "urlHash": "e4abe80c7b7295b88d7e6f7f90de4787",
  "download": "https://api.apify.com/v2/key-value-stores/D36lrcGGw30jdgX4Z/records/e4abe80c7b7295b88d7e6f7f90de4787.zip"
},
{
  "url": "https://www.bing.com/images/create/portrait-photo-of-a-female-cat-dressed-in-modern-i/1-658022db0ee64da1b873cbcfdfe7f184?id=L1mlb%2bB4HvnROioSM4Rlqw%3d%3d&view=detailv2&idpp=genimg&idpbck=1&form=BICREC",
  "urlHash": "26fae8fd6ed93b212a1ad560b05de19e",
  "download": "https://api.apify.com/v2/key-value-stores/D36lrcGGw30jdgX4Z/records/26fae8fd6ed93b212a1ad560b05de19e.zip"
},
{
  "url": "https://www.bing.com/images/create/portrait-photo-of-a-female-cat-dressed-in-modern-i/1-658022db0ee64da1b873cbcfdfe7f184?id=ywtGWG1Fip7EaYaDfC%2bYEw%3d%3d&view=detailv2&idpp=genimg&idpbck=1&form=BICREC",
  "urlHash": "23cfbdb0072871a30e2d9fee98f029c4",
  "download": "https://api.apify.com/v2/key-value-stores/D36lrcGGw30jdgX4Z/records/23cfbdb0072871a30e2d9fee98f029c4.zip"
},
{
  "url": "https://www.bing.com/images/create/portrait-photo-of-a-female-cat-dressed-in-modern-i/1-658022db0ee64da1b873cbcfdfe7f184?id=YBY8sHUsl79Ali9uwzq%2fkA%3d%3d&view=detailv2&idpp=genimg&idpbck=1&form=BICREC",
  "urlHash": "558de2f1adea3061b77e60b8f576e15b",
  "download": "https://api.apify.com/v2/key-value-stores/D36lrcGGw30jdgX4Z/records/558de2f1adea3061b77e60b8f576e15b.zip"
},
{
  "url": "https://www.bing.com/images/create/portrait-photo-of-a-female-cat-dressed-in-modern-i/1-658026114a9140659f067e50e01cde2b?id=iMGxZgsKJz9hDZP8XWn8Dw%3d%3d&view=detailv2&idpp=genimg&idpbck=1&form=BICREC",
  "urlHash": "0a1be97afd83510138809382247995aa",
  "download": "https://api.apify.com/v2/key-value-stores/D36lrcGGw30jdgX4Z/records/0a1be97afd83510138809382247995aa.zip"
},
{
  "url": "https://www.bing.com/images/create/portrait-photo-of-a-female-cat-dressed-in-modern-i/1-658026114a9140659f067e50e01cde2b?id=qxvx9Jlwu7xw8tXkDp5UQQ%3d%3d&view=detailv2&idpp=genimg&idpbck=1&form=BICREC",
  "urlHash": "826c595580b1d05cd3753e04db3319f1",
  "download": "https://api.apify.com/v2/key-value-stores/D36lrcGGw30jdgX4Z/records/826c595580b1d05cd3753e04db3319f1.zip"
},
{
  "url": "https://www.bing.com/images/create/portrait-photo-of-a-female-cat-dressed-in-modern-i/1-658026114a9140659f067e50e01cde2b?id=X02qVzCGEnk4jcTM%2bb9rEQ%3d%3d&view=detailv2&idpp=genimg&idpbck=1&form=BICREC",
  "urlHash": "bef89139cc1883ebf85fa2988afd9476",
  "download": "https://api.apify.com/v2/key-value-stores/D36lrcGGw30jdgX4Z/records/bef89139cc1883ebf85fa2988afd9476.zip"
},
{
  "url": "https://www.bing.com/images/create/portrait-photo-of-a-female-cat-dressed-in-modern-i/1-658026114a9140659f067e50e01cde2b?id=NaHTaNXEPibb%2bK0t7A9igw%3d%3d&view=detailv2&idpp=genimg&idpbck=1&form=BICREC",
  "urlHash": "8a391f11e4ad6d295c6bb756a3e3530d",
  "download": "https://api.apify.com/v2/key-value-stores/D36lrcGGw30jdgX4Z/records/8a391f11e4ad6d295c6bb756a3e3530d.zip"
},
{
  "url": "https://www.bing.com/images/create/portrait-photo-of-a-female-cat-dressed-in-modern-i/1-658025f165134f7d82ee792ce79ee734?id=FhSuDGuJLvVTi1TxJ0x8sA%3d%3d&view=detailv2&idpp=genimg&idpbck=1&form=BICREC",
  "urlHash": "09fd44df19253d0278e731d77fbd9248",
  "download": "https://api.apify.com/v2/key-value-stores/D36lrcGGw30jdgX4Z/records/09fd44df19253d0278e731d77fbd9248.zip"
},
{
  "url": "https://www.bing.com/images/create/portrait-photo-of-a-female-cat-dressed-in-modern-i/1-658025f165134f7d82ee792ce79ee734?id=F90U2%2fdJmfU1vl2PyYkVOw%3d%3d&view=detailv2&idpp=genimg&idpbck=1&form=BICREC",
  "urlHash": "e06a0baaf02141629b04e2fe025239ae",
  "download": "https://api.apify.com/v2/key-value-stores/D36lrcGGw30jdgX4Z/records/e06a0baaf02141629b04e2fe025239ae.zip"
},
{
  "url": "https://www.bing.com/images/create/portrait-photo-of-a-female-cat-dressed-in-modern-i/1-658025f165134f7d82ee792ce79ee734?id=fxHhLwVllHT2MabEF0tRTg%3d%3d&view=detailv2&idpp=genimg&idpbck=1&form=BICREC",
  "urlHash": "247e50a964859b354ef761ca39a96c13",
  "download": "https://api.apify.com/v2/key-value-stores/D36lrcGGw30jdgX4Z/records/247e50a964859b354ef761ca39a96c13.zip"
},
{
  "url": "https://www.bing.com/images/create/portrait-photo-of-a-female-cat-dressed-in-modern-i/1-658025d80c7b4c02bd1381020224f128?id=ITBzNpKPWlhsDbB1SKiXww%3d%3d&view=detailv2&idpp=genimg&idpbck=1&form=BICREC",
  "urlHash": "ba0451a44631ba7cbc9e4adb6e7db005",
  "download": "https://api.apify.com/v2/key-value-stores/D36lrcGGw30jdgX4Z/records/ba0451a44631ba7cbc9e4adb6e7db005.zip"
},
{
  "url": "https://www.bing.com/images/create/portrait-photo-of-a-female-cat-dressed-in-modern-i/1-658025f165134f7d82ee792ce79ee734?id=1EwslieunI7ULdKhi5OdaQ%3d%3d&view=detailv2&idpp=genimg&idpbck=1&form=BICREC",
  "urlHash": "8a728a9399a6c320c335a39a069eb1f1",
  "download": "https://api.apify.com/v2/key-value-stores/D36lrcGGw30jdgX4Z/records/8a728a9399a6c320c335a39a069eb1f1.zip"
},
{
  "url": "https://www.bing.com/images/create/portrait-photo-of-a-female-cat-dressed-in-modern-i/1-658025d80c7b4c02bd1381020224f128?id=9cVlFhiRmZsQpbU48rEjjw%3d%3d&view=detailv2&idpp=genimg&idpbck=1&form=BICREC",
  "urlHash": "6c81d7c039ab0ba4a7ffcb725252ceb9",
  "download": "https://api.apify.com/v2/key-value-stores/D36lrcGGw30jdgX4Z/records/6c81d7c039ab0ba4a7ffcb725252ceb9.zip"
},
{
  "url": "https://www.bing.com/images/create/portrait-photo-of-a-female-cat-dressed-in-modern-i/1-658025a93d664b18927f7f4388a4dcc7?id=jdjpFpCctUsG1yknbjxZYA%3d%3d&view=detailv2&idpp=genimg&idpbck=1&form=BICREC",
  "urlHash": "dc1ed26d08a610140b174447c56b66e2",
  "download": "https://api.apify.com/v2/key-value-stores/D36lrcGGw30jdgX4Z/records/dc1ed26d08a610140b174447c56b66e2.zip"
},
{
  "url": "https://www.bing.com/images/create/portrait-photo-of-a-female-cat-dressed-in-modern-i/1-658025d80c7b4c02bd1381020224f128?id=idDYv7XWmtdvYyo4u9f44g%3d%3d&view=detailv2&idpp=genimg&idpbck=1&form=BICREC",
  "urlHash": "03d32d85e9365a25ffbadc083ba67882",
  "download": "https://api.apify.com/v2/key-value-stores/D36lrcGGw30jdgX4Z/records/03d32d85e9365a25ffbadc083ba67882.zip"
},
{
  "url": "https://www.bing.com/images/create/portrait-photo-of-a-female-cat-dressed-in-modern-i/1-658025d80c7b4c02bd1381020224f128?id=2pFlZ0lhdubIB%2bFFODC%2b9w%3d%3d&view=detailv2&idpp=genimg&idpbck=1&form=BICREC",
  "urlHash": "06c19ba502611674d6bf89b08c6951a6",
  "download": "https://api.apify.com/v2/key-value-stores/D36lrcGGw30jdgX4Z/records/06c19ba502611674d6bf89b08c6951a6.zip"
},
{
  "url": "https://www.bing.com/images/create/portrait-photo-of-a-female-cat-dressed-in-modern-i/1-658025a93d664b18927f7f4388a4dcc7?id=p3rBMGSqxbNlPDDTNyMoAg%3d%3d&view=detailv2&idpp=genimg&idpbck=1&form=BICREC",
  "urlHash": "eb5e491f1c0b2ce806c9b54838edd7d3",
  "download": "https://api.apify.com/v2/key-value-stores/D36lrcGGw30jdgX4Z/records/eb5e491f1c0b2ce806c9b54838edd7d3.zip"
},
{
  "url": "https://www.bing.com/images/create/portrait-photo-of-a-female-cat-dressed-in-modern-i/1-658025a93d664b18927f7f4388a4dcc7?id=VsS4IDDPQPqK%2bFhSqi8N4A%3d%3d&view=detailv2&idpp=genimg&idpbck=1&form=BICREC",
  "urlHash": "1b4db6f941579f4841f5a1a326374547",
  "download": "https://api.apify.com/v2/key-value-stores/D36lrcGGw30jdgX4Z/records/1b4db6f941579f4841f5a1a326374547.zip"
},
{
  "url": "https://www.bing.com/images/create/portrait-photo-of-a-female-cat-dressed-in-modern-i/1-6580254cc0a24550881bfceed11c3246?id=yik%2fkQMTpNj6Hyadbb3tDQ%3d%3d&view=detailv2&idpp=genimg&idpbck=1&form=BICREC",
  "urlHash": "9760d43f7110f12bba5edc11e2f2eab4",
  "download": "https://api.apify.com/v2/key-value-stores/D36lrcGGw30jdgX4Z/records/9760d43f7110f12bba5edc11e2f2eab4.zip"
},
{
  "url": "https://www.bing.com/images/create/portrait-photo-of-a-female-cat-dressed-in-modern-i/1-658025a93d664b18927f7f4388a4dcc7?id=CrtwDitIKHtxosE2Yno4zQ%3d%3d&view=detailv2&idpp=genimg&idpbck=1&form=BICREC",
  "urlHash": "3062065dae6e84826968a0428310ae0b",
  "download": "https://api.apify.com/v2/key-value-stores/D36lrcGGw30jdgX4Z/records/3062065dae6e84826968a0428310ae0b.zip"
},
{
  "url": "https://www.bing.com/images/create/portrait-photo-of-a-female-cat-dressed-in-modern-i/1-6580254cc0a24550881bfceed11c3246?id=z21vHRffxNQBkW3WG3qh4g%3d%3d&view=detailv2&idpp=genimg&idpbck=1&form=BICREC",
  "urlHash": "9c462911a8e9604ae32ffd64b5e639f8",
  "download": "https://api.apify.com/v2/key-value-stores/D36lrcGGw30jdgX4Z/records/9c462911a8e9604ae32ffd64b5e639f8.zip"
},
{
  "url": "https://www.bing.com/images/create/portrait-photo-of-a-female-cat-dressed-in-modern-i/1-6580254cc0a24550881bfceed11c3246?id=lxJ5Xxn%2bef3LNq%2bEOZj8RQ%3d%3d&view=detailv2&idpp=genimg&idpbck=1&form=BICREC",
  "urlHash": "68be96e2c0d65fdd9353f6bf7424416d",
  "download": "https://api.apify.com/v2/key-value-stores/D36lrcGGw30jdgX4Z/records/68be96e2c0d65fdd9353f6bf7424416d.zip"
},
{
  "url": "https://www.bing.com/images/create/portrait-photo-of-a-female-cat-dressed-in-modern-i/1-65802509f8d74945b2567a11599afa8e?id=00o%2b67T1xv5pDRdxz%2fwGYg%3d%3d&view=detailv2&idpp=genimg&idpbck=1&form=BICREC",
  "urlHash": "64faa782c69cf4b8a1a7d14759fb97df",
  "download": "https://api.apify.com/v2/key-value-stores/D36lrcGGw30jdgX4Z/records/64faa782c69cf4b8a1a7d14759fb97df.zip"
},
{
  "url": "https://www.bing.com/images/create/portrait-photo-of-a-female-cat-dressed-in-modern-i/1-65802509f8d74945b2567a11599afa8e?id=zQt9zoZDYscqqkhXNXlSlQ%3d%3d&view=detailv2&idpp=genimg&idpbck=1&form=BICREC",
  "urlHash": "ada66f6215f894ca2a5e9e3f036bd6a5",
  "download": "https://api.apify.com/v2/key-value-stores/D36lrcGGw30jdgX4Z/records/ada66f6215f894ca2a5e9e3f036bd6a5.zip"
},
{
  "url": "https://www.bing.com/images/create/portrait-photo-of-a-female-cat-dressed-in-modern-i/1-65802509f8d74945b2567a11599afa8e?id=TgVN7%2fX%2fZxNtn7JytzAMJg%3d%3d&view=detailv2&idpp=genimg&idpbck=1&form=BICREC",
  "urlHash": "fa8f75d983002b6e59183ccca6a213e2",
  "download": "https://api.apify.com/v2/key-value-stores/D36lrcGGw30jdgX4Z/records/fa8f75d983002b6e59183ccca6a213e2.zip"
},
{
  "url": "https://www.bing.com/images/create/portrait-photo-of-a-female-cat-dressed-in-modern-i/1-65802509f8d74945b2567a11599afa8e?id=N39S4otAR0UJD27E0B%2f91Q%3d%3d&view=detailv2&idpp=genimg&idpbck=1&form=BICREC",
  "urlHash": "e8bf2c13365423872c958736aad38112",
  "download": "https://api.apify.com/v2/key-value-stores/D36lrcGGw30jdgX4Z/records/e8bf2c13365423872c958736aad38112.zip"
},
{
  "url": "https://www.bing.com/images/create/portrait-photo-of-a-female-cat-dressed-in-modern-i/1-658024e8cf1549709b206a86a50eb3cb?id=MnPT2yLOC%2bzYP1pIY1FIrA%3d%3d&view=detailv2&idpp=genimg&idpbck=1&form=BICREC",
  "urlHash": "ac5aa6ddffe0e8d785f1e5057f13d97f",
  "download": "https://api.apify.com/v2/key-value-stores/D36lrcGGw30jdgX4Z/records/ac5aa6ddffe0e8d785f1e5057f13d97f.zip"
},
{
  "url": "https://www.bing.com/images/create/portrait-photo-of-a-female-cat-dressed-in-modern-i/1-658024e8cf1549709b206a86a50eb3cb?id=mUQ0HKeuNwtFwC8OO4Aaxg%3d%3d&view=detailv2&idpp=genimg&idpbck=1&form=BICREC",
  "urlHash": "8d554ba179732e6848f87b08f79a798c",
  "download": "https://api.apify.com/v2/key-value-stores/D36lrcGGw30jdgX4Z/records/8d554ba179732e6848f87b08f79a798c.zip"
},
{
  "url": "https://www.bing.com/images/create/portrait-photo-of-a-female-cat-dressed-in-modern-i/1-658024e8cf1549709b206a86a50eb3cb?id=RLtIvUB7msb89hCVprdb0w%3d%3d&view=detailv2&idpp=genimg&idpbck=1&form=BICREC",
  "urlHash": "f6866b2bd6f9ba31279484816706e912",
  "download": "https://api.apify.com/v2/key-value-stores/D36lrcGGw30jdgX4Z/records/f6866b2bd6f9ba31279484816706e912.zip"
},
{
  "url": "https://www.bing.com/images/create/portrait-photo-of-a-female-cat-dressed-in-modern-i/1-658024cd745043849a16b1e65f48765f?id=aORAIkEoE74um6XaTC0vUw%3d%3d&view=detailv2&idpp=genimg&idpbck=1&form=BICREC",
  "urlHash": "c69be623490251f5d6ebea15993716bd",
  "download": "https://api.apify.com/v2/key-value-stores/D36lrcGGw30jdgX4Z/records/c69be623490251f5d6ebea15993716bd.zip"
},
{
  "url": "https://www.bing.com/images/create/portrait-photo-of-a-female-cat-dressed-in-modern-i/1-658024e8cf1549709b206a86a50eb3cb?id=3dreha5Xf%2bCEgIQWG4BkNg%3d%3d&view=detailv2&idpp=genimg&idpbck=1&form=BICREC",
  "urlHash": "22e8596b56c387abd65614a75251c6c0",
  "download": "https://api.apify.com/v2/key-value-stores/D36lrcGGw30jdgX4Z/records/22e8596b56c387abd65614a75251c6c0.zip"
},
{
  "url": "https://www.bing.com/images/create/portrait-photo-of-a-female-cat-dressed-in-modern-i/1-658024cd745043849a16b1e65f48765f?id=Y398Gbie%2bBmF8Y2tSwsXXQ%3d%3d&view=detailv2&idpp=genimg&idpbck=1&form=BICREC",
  "urlHash": "fac3fff63c4dcc780fbafdd1e56f87ae",
  "download": "https://api.apify.com/v2/key-value-stores/D36lrcGGw30jdgX4Z/records/fac3fff63c4dcc780fbafdd1e56f87ae.zip"
},
{
  "url": "https://www.bing.com/images/create/portrait-photo-of-a-female-cat-dressed-in-modern-i/1-658024cd745043849a16b1e65f48765f?id=kLrEY2C1hNYkQ%2f3DWUljvw%3d%3d&view=detailv2&idpp=genimg&idpbck=1&form=BICREC",
  "urlHash": "8becb4bb4b53d781f26f790a5ff1d502",
  "download": "https://api.apify.com/v2/key-value-stores/D36lrcGGw30jdgX4Z/records/8becb4bb4b53d781f26f790a5ff1d502.zip"
},
{
  "url": "https://www.bing.com/images/create/portrait-photo-of-a-female-cat-dressed-in-modern-i/1-658024cd745043849a16b1e65f48765f?id=1B4EhZOol3lxSQk8pHpocw%3d%3d&view=detailv2&idpp=genimg&idpbck=1&form=BICREC",
  "urlHash": "e155e403e07d9d377379416cd65b7b61",
  "download": "https://api.apify.com/v2/key-value-stores/D36lrcGGw30jdgX4Z/records/e155e403e07d9d377379416cd65b7b61.zip"
},
{
  "url": "https://www.bing.com/images/create/portrait-photo-of-a-female-cat-dressed-in-modern-i/1-6580249d12db45cc9be714a5a5f84ff4?id=DFfcESipR4KbtmhVLYPNdA%3d%3d&view=detailv2&idpp=genimg&idpbck=1&form=BICREC",
  "urlHash": "cb9609f213230579f4c3b2b77941864f",
  "download": "https://api.apify.com/v2/key-value-stores/D36lrcGGw30jdgX4Z/records/cb9609f213230579f4c3b2b77941864f.zip"
},
{
  "url": "https://www.bing.com/images/create/portrait-photo-of-a-female-cat-dressed-in-modern-i/1-6580249d12db45cc9be714a5a5f84ff4?id=qIvF4nS7cJYxjwfvEMzOaQ%3d%3d&view=detailv2&idpp=genimg&idpbck=1&form=BICREC",
  "urlHash": "4df0bc0d84e091ee541792f048f2a5eb",
  "download": "https://api.apify.com/v2/key-value-stores/D36lrcGGw30jdgX4Z/records/4df0bc0d84e091ee541792f048f2a5eb.zip"
},
{
  "url": "https://www.bing.com/images/create/portrait-photo-of-a-female-cat-dressed-in-modern-i/1-6580249d12db45cc9be714a5a5f84ff4?id=FdSKLjUwS5cGHv3nYIw2LA%3d%3d&view=detailv2&idpp=genimg&idpbck=1&form=BICREC",
  "urlHash": "cf9e3f984d54618776cfabaf1a139505",
  "download": "https://api.apify.com/v2/key-value-stores/D36lrcGGw30jdgX4Z/records/cf9e3f984d54618776cfabaf1a139505.zip"
},
{
  "url": "https://www.bing.com/images/create/portrait-photo-of-a-female-cat-dressed-in-modern-i/1-6580249d12db45cc9be714a5a5f84ff4?id=vnqRXkpSncgAfdaMZY1gTw%3d%3d&view=detailv2&idpp=genimg&idpbck=1&form=BICREC",
  "urlHash": "244dfefd8003a896d395db68221376e3",
  "download": "https://api.apify.com/v2/key-value-stores/D36lrcGGw30jdgX4Z/records/244dfefd8003a896d395db68221376e3.zip"
},
{
  "url": "https://www.bing.com/images/create/portrait-photo-of-a-female-cat-dressed-in-modern-i/1-658023fa9aaa45afb914646982f0e950?id=Vku%2bCxbu4YxK%2bP6Dhh9yFg%3d%3d&view=detailv2&idpp=genimg&idpbck=1&form=BICREC",
  "urlHash": "b2d0fe9d5cf07af58e06c3251bd4047b",
  "download": "https://api.apify.com/v2/key-value-stores/D36lrcGGw30jdgX4Z/records/b2d0fe9d5cf07af58e06c3251bd4047b.zip"
},
{
  "url": "https://www.bing.com/images/create/portrait-photo-of-a-female-cat-dressed-in-modern-i/1-658023fa9aaa45afb914646982f0e950?id=XcpPVpq5dDVQTJh0xiOZlg%3d%3d&view=detailv2&idpp=genimg&idpbck=1&form=BICREC",
  "urlHash": "1b8f716bd189858bf516ee8a02b9797e",
  "download": "https://api.apify.com/v2/key-value-stores/D36lrcGGw30jdgX4Z/records/1b8f716bd189858bf516ee8a02b9797e.zip"
},
{
  "url": "https://www.bing.com/images/create/portrait-photo-of-a-female-cat-dressed-in-modern-i/1-658023fa9aaa45afb914646982f0e950?id=7un5UjQLdDysutbKyzrgAw%3d%3d&view=detailv2&idpp=genimg&idpbck=1&form=BICREC",
  "urlHash": "a9a22f4302394a4061f63851cb6f7c65",
  "download": "https://api.apify.com/v2/key-value-stores/D36lrcGGw30jdgX4Z/records/a9a22f4302394a4061f63851cb6f7c65.zip"
},
{
  "url": "https://www.bing.com/images/create/portrait-photo-of-a-female-cat-dressed-in-modern-i/1-658023fa9aaa45afb914646982f0e950?id=Do0uoSxNOdHOcfEoSphjpw%3d%3d&view=detailv2&idpp=genimg&idpbck=1&form=BICREC",
  "urlHash": "3da84dee59a2a736deae7931f945dc74",
  "download": "https://api.apify.com/v2/key-value-stores/D36lrcGGw30jdgX4Z/records/3da84dee59a2a736deae7931f945dc74.zip"
},
{
  "url": "https://www.bing.com/images/create/portrait-photo-of-a-female-cat-dressed-in-modern-i/1-658023d4c34b4b809de9ec844ca98923?id=tOMLb13T7wDYbEaoZF4N%2bg%3d%3d&view=detailv2&idpp=genimg&idpbck=1&form=BICREC",
  "urlHash": "8be4debde2616f51dd9c8b71b12a9271",
  "download": "https://api.apify.com/v2/key-value-stores/D36lrcGGw30jdgX4Z/records/8be4debde2616f51dd9c8b71b12a9271.zip"
},
{
  "url": "https://www.bing.com/images/create/portrait-photo-of-a-female-cat-dressed-in-modern-i/1-658023d4c34b4b809de9ec844ca98923?id=5h4KSFvoAlyBLr5Vp7bPLw%3d%3d&view=detailv2&idpp=genimg&idpbck=1&form=BICREC",
  "urlHash": "74194582a6044993bf93571593d28107",
  "download": "https://api.apify.com/v2/key-value-stores/D36lrcGGw30jdgX4Z/records/74194582a6044993bf93571593d28107.zip"
},
{
  "url": "https://www.bing.com/images/create/portrait-photo-of-a-female-cat-dressed-in-modern-i/1-658023d4c34b4b809de9ec844ca98923?id=%2fheMsfUbtuDvfT7r%2fQ0LMg%3d%3d&view=detailv2&idpp=genimg&idpbck=1&form=BICREC",
  "urlHash": "2762f60ff76ba483cfb24c0fbb12aba7",
  "download": "https://api.apify.com/v2/key-value-stores/D36lrcGGw30jdgX4Z/records/2762f60ff76ba483cfb24c0fbb12aba7.zip"
},
{
  "url": "https://www.bing.com/images/create/portrait-photo-of-a-female-cat-dressed-in-modern-i/1-658023bee27f4a81b3573b1c11e95427?id=NpbjOK56QjnQJlHoBjPZXQ%3d%3d&view=detailv2&idpp=genimg&idpbck=1&form=BICREC",
  "urlHash": "27398b01759304d04029787ccafc23f9",
  "download": "https://api.apify.com/v2/key-value-stores/D36lrcGGw30jdgX4Z/records/27398b01759304d04029787ccafc23f9.zip"
},
{
  "url": "https://www.bing.com/images/create/portrait-photo-of-a-female-cat-dressed-in-modern-i/1-658023bee27f4a81b3573b1c11e95427?id=vleOLTtHah4RdbQ5sWoyFA%3d%3d&view=detailv2&idpp=genimg&idpbck=1&form=BICREC",
  "urlHash": "9dfe5b53ac5a6ca8e614297df8b23e63",
  "download": "https://api.apify.com/v2/key-value-stores/D36lrcGGw30jdgX4Z/records/9dfe5b53ac5a6ca8e614297df8b23e63.zip"
},
{
  "url": "https://www.bing.com/images/create/portrait-photo-of-a-female-cat-dressed-in-modern-i/1-658023d4c34b4b809de9ec844ca98923?id=7ZJHdoWlvyYUc41VdBvFDw%3d%3d&view=detailv2&idpp=genimg&idpbck=1&form=BICREC",
  "urlHash": "8790a0a44457f2726e18dc3b6c66d2f5",
  "download": "https://api.apify.com/v2/key-value-stores/D36lrcGGw30jdgX4Z/records/8790a0a44457f2726e18dc3b6c66d2f5.zip"
},
{
  "url": "https://www.bing.com/images/create/portrait-photo-of-a-female-cat-dressed-in-modern-i/1-658023bee27f4a81b3573b1c11e95427?id=ZfAXxYcFHAhuagtPog813A%3d%3d&view=detailv2&idpp=genimg&idpbck=1&form=BICREC",
  "urlHash": "05a00dd418d63d0bd4b1c7a5a4b00f89",
  "download": "https://api.apify.com/v2/key-value-stores/D36lrcGGw30jdgX4Z/records/05a00dd418d63d0bd4b1c7a5a4b00f89.zip"
},
{
  "url": "https://www.bing.com/images/create/portrait-photo-of-a-female-cat-dressed-in-modern-i/1-658023a623244997b9ba59bd5cf4662f?id=%2bDmMH9cGNGANm%2fTPLVHXWA%3d%3d&view=detailv2&idpp=genimg&idpbck=1&form=BICREC",
  "urlHash": "8b246f2584d5edae5d72cdb0ab46e627",
  "download": "https://api.apify.com/v2/key-value-stores/D36lrcGGw30jdgX4Z/records/8b246f2584d5edae5d72cdb0ab46e627.zip"
},
{
  "url": "https://www.bing.com/images/create/portrait-photo-of-a-female-cat-dressed-in-modern-i/1-658023a623244997b9ba59bd5cf4662f?id=Lgay8De%2bVZc9Qr6pYehbPA%3d%3d&view=detailv2&idpp=genimg&idpbck=1&form=BICREC",
  "urlHash": "70a86fb8795baa23915e0b86ace925a8",
  "download": "https://api.apify.com/v2/key-value-stores/D36lrcGGw30jdgX4Z/records/70a86fb8795baa23915e0b86ace925a8.zip"
},
{
  "url": "https://www.bing.com/images/create/portrait-photo-of-a-female-cat-dressed-in-modern-i/1-658023bee27f4a81b3573b1c11e95427?id=c8caG7grpqSSKYOivP9RQQ%3d%3d&view=detailv2&idpp=genimg&idpbck=1&form=BICREC",
  "urlHash": "01dcad6873cd11992229a88eb5c61b7d",
  "download": "https://api.apify.com/v2/key-value-stores/D36lrcGGw30jdgX4Z/records/01dcad6873cd11992229a88eb5c61b7d.zip"
},
{
  "url": "https://www.bing.com/images/create/portrait-photo-of-a-female-cat-dressed-in-modern-i/1-658023a623244997b9ba59bd5cf4662f?id=RQZiZDBRaJyDGm0pjAoAEA%3d%3d&view=detailv2&idpp=genimg&idpbck=1&form=BICREC",
  "urlHash": "75237310adba68c4cb10da3c50b8c333",
  "download": "https://api.apify.com/v2/key-value-stores/D36lrcGGw30jdgX4Z/records/75237310adba68c4cb10da3c50b8c333.zip"
},
{
  "url": "https://www.bing.com/images/create/portrait-photo-of-a-female-cat-dressed-in-modern-i/1-658023a623244997b9ba59bd5cf4662f?id=p4gRYI%2fktg8sPgYEnlKVNA%3d%3d&view=detailv2&idpp=genimg&idpbck=1&form=BICREC",
  "urlHash": "b38b21ef51a9c62a71013f094d51ba38",
  "download": "https://api.apify.com/v2/key-value-stores/D36lrcGGw30jdgX4Z/records/b38b21ef51a9c62a71013f094d51ba38.zip"
},
{
  "url": "https://www.bing.com/images/create/portrait-photo-of-a-female-cat-dressed-in-modern-i/1-6580237a033e4dfc83c2463c91277c7c?id=GEHND2R15SQSdaErKwm6%2bg%3d%3d&view=detailv2&idpp=genimg&idpbck=1&form=BICREC",
  "urlHash": "3d938aba9f4f603cca7c96b4dc46b612",
  "download": "https://api.apify.com/v2/key-value-stores/D36lrcGGw30jdgX4Z/records/3d938aba9f4f603cca7c96b4dc46b612.zip"
},
{
  "url": "https://www.bing.com/images/create/portrait-photo-of-a-female-cat-dressed-in-modern-i/1-6580237a033e4dfc83c2463c91277c7c?id=FJS40IVv6a74dwlQd%2bxPog%3d%3d&view=detailv2&idpp=genimg&idpbck=1&form=BICREC",
  "urlHash": "70390067812ebc4defa3b18729eece18",
  "download": "https://api.apify.com/v2/key-value-stores/D36lrcGGw30jdgX4Z/records/70390067812ebc4defa3b18729eece18.zip"
},
{
  "url": "https://www.bing.com/images/create/portrait-photo-of-a-female-cat-dressed-in-modern-i/1-6580237a033e4dfc83c2463c91277c7c?id=MLtqyQm0YRrwhP2wKeyaFQ%3d%3d&view=detailv2&idpp=genimg&idpbck=1&form=BICREC",
  "urlHash": "5195f51b28f791be4218934185ff521c",
  "download": "https://api.apify.com/v2/key-value-stores/D36lrcGGw30jdgX4Z/records/5195f51b28f791be4218934185ff521c.zip"
},
{
  "url": "https://www.bing.com/images/create/portrait-photo-of-a-female-cat-dressed-in-modern-i/1-6580246f015a4e4aa74e156bf6b61340?id=6z41RdFgr%2fPJRoT3iTiaig%3d%3d&view=detailv2&idpp=genimg&idpbck=1&form=BICREC",
  "urlHash": "be6559a9f1649aa7ad1e42427ce81e56",
  "download": "https://api.apify.com/v2/key-value-stores/D36lrcGGw30jdgX4Z/records/be6559a9f1649aa7ad1e42427ce81e56.zip"
},
{
  "url": "https://www.bing.com/images/create/portrait-photo-of-a-female-cat-dressed-in-modern-i/1-6580237a033e4dfc83c2463c91277c7c?id=j9MBHAFoa%2fo0w7H56%2bmiSg%3d%3d&view=detailv2&idpp=genimg&idpbck=1&form=BICREC",
  "urlHash": "fe8582a9d7ec4aad7ea2b358c9a8aef7",
  "download": "https://api.apify.com/v2/key-value-stores/D36lrcGGw30jdgX4Z/records/fe8582a9d7ec4aad7ea2b358c9a8aef7.zip"
},
{
  "url": "https://www.bing.com/images/create/portrait-photo-of-a-female-cat-dressed-in-modern-i/1-6580246f015a4e4aa74e156bf6b61340?id=WilFABiKiTeCzFjQ6b0tAg%3d%3d&view=detailv2&idpp=genimg&idpbck=1&form=BICREC",
  "urlHash": "52bda6a734ce7235f6458390436761d4",
  "download": "https://api.apify.com/v2/key-value-stores/D36lrcGGw30jdgX4Z/records/52bda6a734ce7235f6458390436761d4.zip"
},
{
  "url": "https://www.bing.com/images/create/portrait-photo-of-a-female-cat-dressed-in-modern-i/1-6580246f015a4e4aa74e156bf6b61340?id=PxE2%2bmNW0Gn6DHWEq0BV1A%3d%3d&view=detailv2&idpp=genimg&idpbck=1&form=BICREC",
  "urlHash": "1d9a6bd489deff519edf3c8d4639b103",
  "download": "https://api.apify.com/v2/key-value-stores/D36lrcGGw30jdgX4Z/records/1d9a6bd489deff519edf3c8d4639b103.zip"
},
{
  "url": "https://www.bing.com/images/create/portrait-photo-of-a-female-cat-dressed-in-modern-i/1-658024522f454a4ab638334fed7b16f4?id=0qo%2f7zTJuZgyRuvJCltTfQ%3d%3d&view=detailv2&idpp=genimg&idpbck=1&form=BICREC",
  "urlHash": "be739aa71146d9207f5d839646cdff7e",
  "download": "https://api.apify.com/v2/key-value-stores/D36lrcGGw30jdgX4Z/records/be739aa71146d9207f5d839646cdff7e.zip"
},
{
  "url": "https://www.bing.com/images/create/portrait-photo-of-a-female-cat-dressed-in-modern-i/1-658024522f454a4ab638334fed7b16f4?id=nnEEiYUJVdnPf8ihfbuVNg%3d%3d&view=detailv2&idpp=genimg&idpbck=1&form=BICREC",
  "urlHash": "7e0e2a30cab9bc97c8afe15ff18f90e2",
  "download": "https://api.apify.com/v2/key-value-stores/D36lrcGGw30jdgX4Z/records/7e0e2a30cab9bc97c8afe15ff18f90e2.zip"
},
{
  "url": "https://www.bing.com/images/create/portrait-photo-of-a-female-cat-dressed-in-modern-i/1-6580246f015a4e4aa74e156bf6b61340?id=PBm7PpMA6wL8Og8PlIqf%2bA%3d%3d&view=detailv2&idpp=genimg&idpbck=1&form=BICREC",
  "urlHash": "09bb67ba09702fe0244f3f07ce49fca9",
  "download": "https://api.apify.com/v2/key-value-stores/D36lrcGGw30jdgX4Z/records/09bb67ba09702fe0244f3f07ce49fca9.zip"
},
{
  "url": "https://www.bing.com/images/create/portrait-photo-of-a-female-cat-dressed-in-modern-i/1-658024374a05491b81a819dfc182ab30?id=gmU%2bg4w2MmP36kJywKOt5g%3d%3d&view=detailv2&idpp=genimg&idpbck=1&form=BICREC",
  "urlHash": "efbcecdd23774e4515ec21fa5be3a6c8",
  "download": "https://api.apify.com/v2/key-value-stores/D36lrcGGw30jdgX4Z/records/efbcecdd23774e4515ec21fa5be3a6c8.zip"
},
{
  "url": "https://www.bing.com/images/create/portrait-photo-of-a-female-cat-dressed-in-modern-i/1-658024374a05491b81a819dfc182ab30?id=%2f8KYQanCnJUJW6%2fCRuXjkg%3d%3d&view=detailv2&idpp=genimg&idpbck=1&form=BICREC",
  "urlHash": "500428a94eda5d82e7bf09b0a397f725",
  "download": "https://api.apify.com/v2/key-value-stores/D36lrcGGw30jdgX4Z/records/500428a94eda5d82e7bf09b0a397f725.zip"
},
{
  "url": "https://www.bing.com/images/create/portrait-photo-of-a-female-cat-dressed-in-modern-i/1-658024522f454a4ab638334fed7b16f4?id=PNGi1unKRhozIEWfRz5B4Q%3d%3d&view=detailv2&idpp=genimg&idpbck=1&form=BICREC",
  "urlHash": "366f1aaa1879a02e18c4c288549d15c6",
  "download": "https://api.apify.com/v2/key-value-stores/D36lrcGGw30jdgX4Z/records/366f1aaa1879a02e18c4c288549d15c6.zip"
},
{
  "url": "https://www.bing.com/images/create/portrait-photo-of-a-female-cat-dressed-in-modern-i/1-658024522f454a4ab638334fed7b16f4?id=o%2f30eCw3Vq4idICC3iUDIA%3d%3d&view=detailv2&idpp=genimg&idpbck=1&form=BICREC",
  "urlHash": "a59c5604aadae607c7bd8459b09dd818",
  "download": "https://api.apify.com/v2/key-value-stores/D36lrcGGw30jdgX4Z/records/a59c5604aadae607c7bd8459b09dd818.zip"
},
{
  "url": "https://www.bing.com/images/create/portrait-photo-of-a-female-cat-dressed-in-modern-i/1-658024374a05491b81a819dfc182ab30?id=ZL5ozcKL2b%2fcFnrUWNNtGQ%3d%3d&view=detailv2&idpp=genimg&idpbck=1&form=BICREC",
  "urlHash": "08b0f96e884266067d57b997d63d804e",
  "download": "https://api.apify.com/v2/key-value-stores/D36lrcGGw30jdgX4Z/records/08b0f96e884266067d57b997d63d804e.zip"
},
{
  "url": "https://www.bing.com/images/create/portrait-photo-of-a-female-cat-dressed-in-modern-i/1-65802420dfb247f785a8f90bdb74c403?id=vw%2fxlOCO8Eq%2b1nCSGMgH8A%3d%3d&view=detailv2&idpp=genimg&idpbck=1&form=BICREC",
  "urlHash": "1d3877cdd0c75aa48f02053cc2644393",
  "download": "https://api.apify.com/v2/key-value-stores/D36lrcGGw30jdgX4Z/records/1d3877cdd0c75aa48f02053cc2644393.zip"
},
{
  "url": "https://www.bing.com/images/create/portrait-photo-of-a-female-cat-dressed-in-modern-i/1-658024374a05491b81a819dfc182ab30?id=cwzu%2bE3NKwZmMDm7NlhruQ%3d%3d&view=detailv2&idpp=genimg&idpbck=1&form=BICREC",
  "urlHash": "1ba7b93633018de66ae794896902f392",
  "download": "https://api.apify.com/v2/key-value-stores/D36lrcGGw30jdgX4Z/records/1ba7b93633018de66ae794896902f392.zip"
},
{
  "url": "https://www.bing.com/images/create/portrait-photo-of-a-female-cat-dressed-in-modern-i/1-65802420dfb247f785a8f90bdb74c403?id=HekqHhWUTPlXiXsMl8qdFA%3d%3d&view=detailv2&idpp=genimg&idpbck=1&form=BICREC",
  "urlHash": "f9b76c4f389210516c2ccc34cc8965b0",
  "download": "https://api.apify.com/v2/key-value-stores/D36lrcGGw30jdgX4Z/records/f9b76c4f389210516c2ccc34cc8965b0.zip"
},
{
  "url": "https://www.bing.com/images/create/portrait-photo-of-a-female-cat-dressed-in-modern-i/1-65802420dfb247f785a8f90bdb74c403?id=LALgrJtbtzKeNaaEyHEG6w%3d%3d&view=detailv2&idpp=genimg&idpbck=1&form=BICREC",
  "urlHash": "aaba8408f5e218c127e44dd3e7b466fb",
  "download": "https://api.apify.com/v2/key-value-stores/D36lrcGGw30jdgX4Z/records/aaba8408f5e218c127e44dd3e7b466fb.zip"
},
{
  "url": "https://www.bing.com/images/create/portrait-photo-of-a-female-dog-dressed-in-modern-i/1-657d3c2f19294d5c829d53958d16c08f?id=IrMnJLlHvpvNyr02bfgdPQ%3d%3d&view=detailv2&idpp=genimg&idpbck=1&form=BICREC",
  "urlHash": "08f9c38aba03676664de651b2123aa63",
  "download": "https://api.apify.com/v2/key-value-stores/D36lrcGGw30jdgX4Z/records/08f9c38aba03676664de651b2123aa63.zip"
},
{
  "url": "https://www.bing.com/images/create/portrait-photo-of-a-female-dog-dressed-in-modern-i/1-657d3c2f19294d5c829d53958d16c08f?id=X1N3a6T9kXtxhtHgbDFClw%3d%3d&view=detailv2&idpp=genimg&idpbck=1&form=BICREC",
  "urlHash": "75bb7cfef43dea509e3f037073a2d7f5",
  "download": "https://api.apify.com/v2/key-value-stores/D36lrcGGw30jdgX4Z/records/75bb7cfef43dea509e3f037073a2d7f5.zip"
},
{
  "url": "https://www.bing.com/images/create/portrait-photo-of-a-female-dog-dressed-in-modern-i/1-657d3c2f19294d5c829d53958d16c08f?id=ufrwofSjc%2bCEmYGCzOK7Lg%3d%3d&view=detailv2&idpp=genimg&idpbck=1&form=BICREC",
  "urlHash": "d0311765d6c905a042515ac0b9c651cf",
  "download": "https://api.apify.com/v2/key-value-stores/D36lrcGGw30jdgX4Z/records/d0311765d6c905a042515ac0b9c651cf.zip"
},
{
  "url": "https://www.bing.com/images/create/portrait-photo-of-a-female-cat-dressed-in-modern-i/1-65802420dfb247f785a8f90bdb74c403?id=aScFCezFbAPlRct1FeUQhg%3d%3d&view=detailv2&idpp=genimg&idpbck=1&form=BICREC",
  "urlHash": "7d60a9a5a7b92364af632d9f9930ee71",
  "download": "https://api.apify.com/v2/key-value-stores/D36lrcGGw30jdgX4Z/records/7d60a9a5a7b92364af632d9f9930ee71.zip"
},
{
  "url": "https://www.bing.com/images/create/portrait-photo-of-a-female-dog-dressed-in-modern-i/1-657d3c0de9e14f4db168844024fcef6e?id=Y8wNyO3Wqo7NvxK3mXXphw%3d%3d&view=detailv2&idpp=genimg&idpbck=1&form=BICREC",
  "urlHash": "b0eebfb4622b405546552aa1c5a7eba4",
  "download": "https://api.apify.com/v2/key-value-stores/D36lrcGGw30jdgX4Z/records/b0eebfb4622b405546552aa1c5a7eba4.zip"
},
{
  "url": "https://www.bing.com/images/create/portrait-photo-of-a-female-dog-dressed-in-modern-i/1-657d3c2f19294d5c829d53958d16c08f?id=o0QYdeZpFbQnj8C8j7fBYQ%3d%3d&view=detailv2&idpp=genimg&idpbck=1&form=BICREC",
  "urlHash": "721def69087bde9bd6d90af2c140cd69",
  "download": "https://api.apify.com/v2/key-value-stores/D36lrcGGw30jdgX4Z/records/721def69087bde9bd6d90af2c140cd69.zip"
},
{
  "url": "https://www.bing.com/images/create/portrait-photo-of-a-female-dog-dressed-in-modern-i/1-657d3c0de9e14f4db168844024fcef6e?id=Um2HakWxPqvyJImsb%2f6M5g%3d%3d&view=detailv2&idpp=genimg&idpbck=1&form=BICREC",
  "urlHash": "72a26ace256c6e4ed878cf613d682f3f",
  "download": "https://api.apify.com/v2/key-value-stores/D36lrcGGw30jdgX4Z/records/72a26ace256c6e4ed878cf613d682f3f.zip"
},
{
  "url": "https://www.bing.com/images/create/portrait-photo-of-a-female-dog-dressed-in-modern-i/1-657d3bee5c554ef886898e281102ea9c?id=ez%2b7vwBvX%2bKtjU6YJJTNRQ%3d%3d&view=detailv2&idpp=genimg&idpbck=1&form=BICREC",
  "urlHash": "115674c09bce0bdd23deddca82919591",
  "download": "https://api.apify.com/v2/key-value-stores/D36lrcGGw30jdgX4Z/records/115674c09bce0bdd23deddca82919591.zip"
},
{
  "url": "https://www.bing.com/images/create/portrait-photo-of-a-female-dog-dressed-in-modern-i/1-657d3c0de9e14f4db168844024fcef6e?id=49O4ofRz1fmFbZ6d8%2fmPvg%3d%3d&view=detailv2&idpp=genimg&idpbck=1&form=BICREC",
  "urlHash": "1718857c314bc167d0022977eb632f20",
  "download": "https://api.apify.com/v2/key-value-stores/D36lrcGGw30jdgX4Z/records/1718857c314bc167d0022977eb632f20.zip"
},
{
  "url": "https://www.bing.com/images/create/portrait-photo-of-a-female-dog-dressed-in-modern-i/1-657d3c0de9e14f4db168844024fcef6e?id=B5rFY4%2bw%2fYR%2fXQKsj%2bnYSg%3d%3d&view=detailv2&idpp=genimg&idpbck=1&form=BICREC",
  "urlHash": "7d11b8f5316c85afec918c07082a9aa7",
  "download": "https://api.apify.com/v2/key-value-stores/D36lrcGGw30jdgX4Z/records/7d11b8f5316c85afec918c07082a9aa7.zip"
},
{
  "url": "https://www.bing.com/images/create/portrait-photo-of-a-female-dog-dressed-in-modern-i/1-657d3bee5c554ef886898e281102ea9c?id=mZfrqnH9MVkClemAERVm3A%3d%3d&view=detailv2&idpp=genimg&idpbck=1&form=BICREC",
  "urlHash": "7a0946ac17a2c45aa9527ecfa8e8d71f",
  "download": "https://api.apify.com/v2/key-value-stores/D36lrcGGw30jdgX4Z/records/7a0946ac17a2c45aa9527ecfa8e8d71f.zip"
},
{
  "url": "https://www.bing.com/images/create/portrait-photo-of-a-female-dog-dressed-in-modern-i/1-657d3bee5c554ef886898e281102ea9c?id=OHGduiHhTf%2f8xFEEmK3Rvg%3d%3d&view=detailv2&idpp=genimg&idpbck=1&form=BICREC",
  "urlHash": "bf8fb53d8bef5f7a9743c5d0233f63a8",
  "download": "https://api.apify.com/v2/key-value-stores/D36lrcGGw30jdgX4Z/records/bf8fb53d8bef5f7a9743c5d0233f63a8.zip"
},
{
  "url": "https://www.bing.com/images/create/portrait-photo-of-a-female-dog-dressed-in-modern-i/1-657d3bc86f0242599c89cdc73c3a40ad?id=K%2bceBVT%2bmGwpExcPdPEihA%3d%3d&view=detailv2&idpp=genimg&idpbck=1&form=BICREC",
  "urlHash": "5a8aadf1ee23cfe88c4b3eafa8e228b8",
  "download": "https://api.apify.com/v2/key-value-stores/D36lrcGGw30jdgX4Z/records/5a8aadf1ee23cfe88c4b3eafa8e228b8.zip"
},
{
  "url": "https://www.bing.com/images/create/portrait-photo-of-a-female-dog-dressed-in-modern-i/1-657d3bee5c554ef886898e281102ea9c?id=MzDodhyHiMIZGfHsWcdwqg%3d%3d&view=detailv2&idpp=genimg&idpbck=1&form=BICREC",
  "urlHash": "5b4d079cd3b5306b9cb94b4d1239df66",
  "download": "https://api.apify.com/v2/key-value-stores/D36lrcGGw30jdgX4Z/records/5b4d079cd3b5306b9cb94b4d1239df66.zip"
},
{
  "url": "https://www.bing.com/images/create/portrait-photo-of-a-female-dog-dressed-in-modern-i/1-657d3bc86f0242599c89cdc73c3a40ad?id=3I%2fp5xZFmZf7Tk6U31zU%2fg%3d%3d&view=detailv2&idpp=genimg&idpbck=1&form=BICREC",
  "urlHash": "f3febf8ed6c3e36fe46650ffcd99e440",
  "download": "https://api.apify.com/v2/key-value-stores/D36lrcGGw30jdgX4Z/records/f3febf8ed6c3e36fe46650ffcd99e440.zip"
},
{
  "url": "https://www.bing.com/images/create/portrait-photo-of-a-female-dog-dressed-in-modern-i/1-657d3bc86f0242599c89cdc73c3a40ad?id=ZUhanGOJowKxwVWTtjMdOA%3d%3d&view=detailv2&idpp=genimg&idpbck=1&form=BICREC",
  "urlHash": "e80e35f6a00e2eed86a2b1a2390ad76b",
  "download": "https://api.apify.com/v2/key-value-stores/D36lrcGGw30jdgX4Z/records/e80e35f6a00e2eed86a2b1a2390ad76b.zip"
},
{
  "url": "https://www.bing.com/images/create/portrait-photo-of-a-female-dog-dressed-in-modern-i/1-657d3a6565e5460cae1883c10309f32f?id=yud2lZb27ddUOnRepXS%2fQA%3d%3d&view=detailv2&idpp=genimg&idpbck=1&form=BICREC",
  "urlHash": "d4254b21295b4469cfa9378e06a6fe60",
  "download": "https://api.apify.com/v2/key-value-stores/D36lrcGGw30jdgX4Z/records/d4254b21295b4469cfa9378e06a6fe60.zip"
},
{
  "url": "https://www.bing.com/images/create/portrait-photo-of-a-female-dog-dressed-in-modern-i/1-657d3bc86f0242599c89cdc73c3a40ad?id=RxItCuyKj52O7%2bqdA9DGqQ%3d%3d&view=detailv2&idpp=genimg&idpbck=1&form=BICREC",
  "urlHash": "773584ec4d132f2767e8011f85f7a3dd",
  "download": "https://api.apify.com/v2/key-value-stores/D36lrcGGw30jdgX4Z/records/773584ec4d132f2767e8011f85f7a3dd.zip"
},
{
  "url": "https://www.bing.com/images/create/portrait-photo-of-a-female-dog-dressed-in-modern-i/1-657d3a6565e5460cae1883c10309f32f?id=8%2bzFYRNSCP1%2f0MgmpERNUw%3d%3d&view=detailv2&idpp=genimg&idpbck=1&form=BICREC",
  "urlHash": "aa35e61fd6e50fa0de4cfdadb2c5ca1b",
  "download": "https://api.apify.com/v2/key-value-stores/D36lrcGGw30jdgX4Z/records/aa35e61fd6e50fa0de4cfdadb2c5ca1b.zip"
},
{
  "url": "https://www.bing.com/images/create/portrait-photo-of-a-female-dog-dressed-in-modern-i/1-657d3a6565e5460cae1883c10309f32f?id=RSLJNXPIEQ55sBKKhVonnw%3d%3d&view=detailv2&idpp=genimg&idpbck=1&form=BICREC",
  "urlHash": "88cc9943a4367d3bda01234b23261728",
  "download": "https://api.apify.com/v2/key-value-stores/D36lrcGGw30jdgX4Z/records/88cc9943a4367d3bda01234b23261728.zip"
},
{
  "url": "https://www.bing.com/images/create/portrait-photo-of-a-female-dog-dressed-in-modern-i/1-657d3a6565e5460cae1883c10309f32f?id=hYY1zfCQjiskw8pjPC8Lsg%3d%3d&view=detailv2&idpp=genimg&idpbck=1&form=BICREC",
  "urlHash": "3adfac330ed2f3c9cf761d75605a40fe",
  "download": "https://api.apify.com/v2/key-value-stores/D36lrcGGw30jdgX4Z/records/3adfac330ed2f3c9cf761d75605a40fe.zip"
},
{
  "url": "https://www.bing.com/images/create/portrait-photo-of-a-female-dog-dressed-in-modern-i/1-657d3a48b0e04a6dada9873498b66268?id=yYFO7%2fO3IAxlmlkEhY7zBA%3d%3d&view=detailv2&idpp=genimg&idpbck=1&form=BICREC",
  "urlHash": "fad86dac9ec19eedfb9024192ebc86ba",
  "download": "https://api.apify.com/v2/key-value-stores/D36lrcGGw30jdgX4Z/records/fad86dac9ec19eedfb9024192ebc86ba.zip"
},
{
  "url": "https://www.bing.com/images/create/portrait-photo-of-a-female-dog-dressed-in-modern-i/1-657d3a48b0e04a6dada9873498b66268?id=lH%2btbaOBVTmIVIVslijNHg%3d%3d&view=detailv2&idpp=genimg&idpbck=1&form=BICREC",
  "urlHash": "a494c21bbc5a64b3519191322cfe3595",
  "download": "https://api.apify.com/v2/key-value-stores/D36lrcGGw30jdgX4Z/records/a494c21bbc5a64b3519191322cfe3595.zip"
},
{
  "url": "https://www.bing.com/images/create/portrait-photo-of-a-female-dog-dressed-in-modern-i/1-657d3a48b0e04a6dada9873498b66268?id=WKfoTV1NEK17gbbiKFvD3g%3d%3d&view=detailv2&idpp=genimg&idpbck=1&form=BICREC",
  "urlHash": "a8878f5d689719497df768d5804d9923",
  "download": "https://api.apify.com/v2/key-value-stores/D36lrcGGw30jdgX4Z/records/a8878f5d689719497df768d5804d9923.zip"
},
{
  "url": "https://www.bing.com/images/create/portrait-photo-of-a-female-dog-dressed-in-modern-i/1-657d3a15da0945a2ac3b28515cc0f2f2?id=XWIh0w6s0uXBbGc%2fv0I%2fEg%3d%3d&view=detailv2&idpp=genimg&idpbck=1&form=BICREC",
  "urlHash": "b77f6dae78eb98c3704c12244539896b",
  "download": "https://api.apify.com/v2/key-value-stores/D36lrcGGw30jdgX4Z/records/b77f6dae78eb98c3704c12244539896b.zip"
},
{
  "url": "https://www.bing.com/images/create/portrait-photo-of-a-female-dog-dressed-in-modern-i/1-657d3a48b0e04a6dada9873498b66268?id=szQOVxhmg1MlyibMsue9cA%3d%3d&view=detailv2&idpp=genimg&idpbck=1&form=BICREC",
  "urlHash": "308ae95ced019cb71ff6776672d1014e",
  "download": "https://api.apify.com/v2/key-value-stores/D36lrcGGw30jdgX4Z/records/308ae95ced019cb71ff6776672d1014e.zip"
},
{
  "url": "https://www.bing.com/images/create/portrait-photo-of-a-female-dog-dressed-in-modern-i/1-657d3a15da0945a2ac3b28515cc0f2f2?id=wDJpl45RyzPx3Cpod9mTkg%3d%3d&view=detailv2&idpp=genimg&idpbck=1&form=BICREC",
  "urlHash": "3bc4e0554bff7c69332f1d424669c453",
  "download": "https://api.apify.com/v2/key-value-stores/D36lrcGGw30jdgX4Z/records/3bc4e0554bff7c69332f1d424669c453.zip"
},
{
  "url": "https://www.bing.com/images/create/portrait-photo-of-a-female-dog-dressed-in-modern-i/1-657d3a15da0945a2ac3b28515cc0f2f2?id=R1jO8geeuVXA%2fWvCwhUBwg%3d%3d&view=detailv2&idpp=genimg&idpbck=1&form=BICREC",
  "urlHash": "00c0087310c8310e76ab407472d07da6",
  "download": "https://api.apify.com/v2/key-value-stores/D36lrcGGw30jdgX4Z/records/00c0087310c8310e76ab407472d07da6.zip"
},
{
  "url": "https://www.bing.com/images/create/portrait-photo-of-a-female-dog-dressed-in-modern-i/1-657d3a15da0945a2ac3b28515cc0f2f2?id=xSDQVlgr6kb84hiZhBVi%2bw%3d%3d&view=detailv2&idpp=genimg&idpbck=1&form=BICREC",
  "urlHash": "4d7d331b331659987ca57c3878c18eb7",
  "download": "https://api.apify.com/v2/key-value-stores/D36lrcGGw30jdgX4Z/records/4d7d331b331659987ca57c3878c18eb7.zip"
},
{
  "url": "https://www.bing.com/images/create/portrait-photo-of-a-female-dog-dressed-in-modern-i/1-657d39eed95449c78ecdedbc59c98226?id=po0Tw71J1QUkmd4yYGuLSw%3d%3d&view=detailv2&idpp=genimg&idpbck=1&form=BICREC",
  "urlHash": "27e650141dbe9bd9d4de14c8e91912ba",
  "download": "https://api.apify.com/v2/key-value-stores/D36lrcGGw30jdgX4Z/records/27e650141dbe9bd9d4de14c8e91912ba.zip"
},
{
  "url": "https://www.bing.com/images/create/portrait-photo-of-a-female-dog-dressed-in-modern-i/1-657d39eed95449c78ecdedbc59c98226?id=3neqrGlauyRjKa0SzqY0Qw%3d%3d&view=detailv2&idpp=genimg&idpbck=1&form=BICREC",
  "urlHash": "afcd256eeba9191d9386377c9f4d24c4",
  "download": "https://api.apify.com/v2/key-value-stores/D36lrcGGw30jdgX4Z/records/afcd256eeba9191d9386377c9f4d24c4.zip"
},
{
  "url": "https://www.bing.com/images/create/portrait-photo-of-a-female-dog-dressed-in-modern-i/1-657d39eed95449c78ecdedbc59c98226?id=D9HVd9Dk5N7sSI1VDsVg8A%3d%3d&view=detailv2&idpp=genimg&idpbck=1&form=BICREC",
  "urlHash": "00129ac5fa39f46057dd0365efebdb85",
  "download": "https://api.apify.com/v2/key-value-stores/D36lrcGGw30jdgX4Z/records/00129ac5fa39f46057dd0365efebdb85.zip"
},
{
  "url": "https://www.bing.com/images/create/portrait-photo-of-a-female-dog-dressed-in-modern-i/1-657d39eed95449c78ecdedbc59c98226?id=vzz%2fU6WfUMjZ08TPDlaB2w%3d%3d&view=detailv2&idpp=genimg&idpbck=1&form=BICREC",
  "urlHash": "60d64f64615a3d650884b0eb52ab3b82",
  "download": "https://api.apify.com/v2/key-value-stores/D36lrcGGw30jdgX4Z/records/60d64f64615a3d650884b0eb52ab3b82.zip"
},
{
  "url": "https://www.bing.com/images/create/portrait-photo-of-a-female-dog-dressed-in-modern-i/1-657d3ce8d6884203914bba8724cf0b91?id=31Iygt%2biwFw9cNXd4mMpUA%3d%3d&view=detailv2&idpp=genimg&idpbck=1&form=BICREC",
  "urlHash": "b8f70828611cbe09d0020d906956a3a1",
  "download": "https://api.apify.com/v2/key-value-stores/D36lrcGGw30jdgX4Z/records/b8f70828611cbe09d0020d906956a3a1.zip"
},
{
  "url": "https://www.bing.com/images/create/portrait-photo-of-a-female-dog-dressed-in-modern-i/1-657d3ce8d6884203914bba8724cf0b91?id=kVfmXuR3fYx3q6%2bdWQtjOw%3d%3d&view=detailv2&idpp=genimg&idpbck=1&form=BICREC",
  "urlHash": "71f24eea9443341d43efc93af4e8620d",
  "download": "https://api.apify.com/v2/key-value-stores/D36lrcGGw30jdgX4Z/records/71f24eea9443341d43efc93af4e8620d.zip"
},
{
  "url": "https://www.bing.com/images/create/portrait-photo-of-a-female-dog-dressed-in-modern-i/1-657d3ce8d6884203914bba8724cf0b91?id=sAKXuwrl2n0bGPlsLj5UOA%3d%3d&view=detailv2&idpp=genimg&idpbck=1&form=BICREC",
  "urlHash": "660190c39c6de494dbb52d7caa569e1c",
  "download": "https://api.apify.com/v2/key-value-stores/D36lrcGGw30jdgX4Z/records/660190c39c6de494dbb52d7caa569e1c.zip"
},
{
  "url": "https://www.bing.com/images/create/portrait-photo-of-a-female-dog-dressed-in-modern-i/1-657d3ce8d6884203914bba8724cf0b91?id=gS8O%2fDnfkgTrafSXUqM8vw%3d%3d&view=detailv2&idpp=genimg&idpbck=1&form=BICREC",
  "urlHash": "12d95d2f455c39a7098f3705186171ec",
  "download": "https://api.apify.com/v2/key-value-stores/D36lrcGGw30jdgX4Z/records/12d95d2f455c39a7098f3705186171ec.zip"
},
{
  "url": "https://www.bing.com/images/create/portrait-photo-of-a-female-dog-dressed-in-modern-i/1-657d3cc7ceb343398aa955b08036eb69?id=SPAFYr%2fhoNCTqf936Dnslw%3d%3d&view=detailv2&idpp=genimg&idpbck=1&form=BICREC",
  "urlHash": "e7d2be7506514137f8d40348fa9323c5",
  "download": "https://api.apify.com/v2/key-value-stores/D36lrcGGw30jdgX4Z/records/e7d2be7506514137f8d40348fa9323c5.zip"
},
{
  "url": "https://www.bing.com/images/create/portrait-photo-of-a-female-dog-dressed-in-modern-i/1-657d3cc7ceb343398aa955b08036eb69?id=qnGy5t4p8t8PlfNOlU2%2fFQ%3d%3d&view=detailv2&idpp=genimg&idpbck=1&form=BICREC",
  "urlHash": "74c3f5a24bfd3182fca64871ef418124",
  "download": "https://api.apify.com/v2/key-value-stores/D36lrcGGw30jdgX4Z/records/74c3f5a24bfd3182fca64871ef418124.zip"
},
{
  "url": "https://www.bing.com/images/create/portrait-photo-of-a-female-dog-dressed-in-modern-i/1-657d3cc7ceb343398aa955b08036eb69?id=XqUwf68zWiCulUm51yirMQ%3d%3d&view=detailv2&idpp=genimg&idpbck=1&form=BICREC",
  "urlHash": "c405c430903f43142089d47be36a7ae4",
  "download": "https://api.apify.com/v2/key-value-stores/D36lrcGGw30jdgX4Z/records/c405c430903f43142089d47be36a7ae4.zip"
},
{
  "url": "https://www.bing.com/images/create/portrait-photo-of-a-female-dog-dressed-in-modern-i/1-657d3cc7ceb343398aa955b08036eb69?id=UPqZONMGc8Tv9MoywELHbA%3d%3d&view=detailv2&idpp=genimg&idpbck=1&form=BICREC",
  "urlHash": "3906dcee849d043859414cf7da45ddb3",
  "download": "https://api.apify.com/v2/key-value-stores/D36lrcGGw30jdgX4Z/records/3906dcee849d043859414cf7da45ddb3.zip"
},
{
  "url": "https://www.bing.com/images/create/portrait-photo-of-a-female-dog-dressed-in-modern-i/1-657d3cb1bca24460bd3a66e30224bf9c?id=XXnz2CicFEmFhoAEUlSbgQ%3d%3d&view=detailv2&idpp=genimg&idpbck=1&form=BICREC",
  "urlHash": "ec8a042f3a74f34d21ea9e68cbe86b72",
  "download": "https://api.apify.com/v2/key-value-stores/D36lrcGGw30jdgX4Z/records/ec8a042f3a74f34d21ea9e68cbe86b72.zip"
},
{
  "url": "https://www.bing.com/images/create/portrait-photo-of-a-female-dog-dressed-in-modern-i/1-657d3cb1bca24460bd3a66e30224bf9c?id=GYxNQLsRrkyFeI69p%2buh0g%3d%3d&view=detailv2&idpp=genimg&idpbck=1&form=BICREC",
  "urlHash": "b374b17dd2b72813f728b1a94c1ce5a5",
  "download": "https://api.apify.com/v2/key-value-stores/D36lrcGGw30jdgX4Z/records/b374b17dd2b72813f728b1a94c1ce5a5.zip"
},
{
  "url": "https://www.bing.com/images/create/portrait-photo-of-a-female-dog-dressed-in-modern-i/1-657d3cb1bca24460bd3a66e30224bf9c?id=Ot3%2bAeFVAxsEMt54Ay1U%2fA%3d%3d&view=detailv2&idpp=genimg&idpbck=1&form=BICREC",
  "urlHash": "5b9417d0da27e0e134911dfb7c27b4e0",
  "download": "https://api.apify.com/v2/key-value-stores/D36lrcGGw30jdgX4Z/records/5b9417d0da27e0e134911dfb7c27b4e0.zip"
},
{
  "url": "https://www.bing.com/images/create/portrait-photo-of-a-female-dog-dressed-in-modern-i/1-657d3cb1bca24460bd3a66e30224bf9c?id=j%2bKFNRTf6GCMxD3l66F18g%3d%3d&view=detailv2&idpp=genimg&idpbck=1&form=BICREC",
  "urlHash": "b1f91a41e5e6c06293f574a634194d4d",
  "download": "https://api.apify.com/v2/key-value-stores/D36lrcGGw30jdgX4Z/records/b1f91a41e5e6c06293f574a634194d4d.zip"
},
{
  "url": "https://www.bing.com/images/create/portrait-photo-of-a-female-dog-dressed-in-modern-i/1-657d3c98446c4e78bfe90ce9533178b1?id=ArIYCVtkCPpa7GHkDuRWPw%3d%3d&view=detailv2&idpp=genimg&idpbck=1&form=BICREC",
  "urlHash": "db8273112e34bb22e6e5d67de3bcb8fa",
  "download": "https://api.apify.com/v2/key-value-stores/D36lrcGGw30jdgX4Z/records/db8273112e34bb22e6e5d67de3bcb8fa.zip"
},
{
  "url": "https://www.bing.com/images/create/portrait-photo-of-a-female-dog-dressed-in-modern-i/1-657d3c98446c4e78bfe90ce9533178b1?id=uLZKFO8eNCTN3zI6iVeVgg%3d%3d&view=detailv2&idpp=genimg&idpbck=1&form=BICREC",
  "urlHash": "854944a394690480c9eb676b0d29f484",
  "download": "https://api.apify.com/v2/key-value-stores/D36lrcGGw30jdgX4Z/records/854944a394690480c9eb676b0d29f484.zip"
},
{
  "url": "https://www.bing.com/images/create/portrait-photo-of-a-female-dog-dressed-in-modern-i/1-657d3c98446c4e78bfe90ce9533178b1?id=bdrBD%2b6cuBcM5m50hfrl8w%3d%3d&view=detailv2&idpp=genimg&idpbck=1&form=BICREC",
  "urlHash": "bbcc501ec137b95d67b767b26b3dd5b3",
  "download": "https://api.apify.com/v2/key-value-stores/D36lrcGGw30jdgX4Z/records/bbcc501ec137b95d67b767b26b3dd5b3.zip"
},
{
  "url": "https://www.bing.com/images/create/portrait-photo-of-a-female-dog-dressed-in-modern-i/1-657d3c7908e5436a8b843a6a4ec0e54e?id=PKnbBvN7xUqid%2bNiGfrhSQ%3d%3d&view=detailv2&idpp=genimg&idpbck=1&form=BICREC",
  "urlHash": "9cd4c5cebefacc166cd3b47bfb0583ad",
  "download": "https://api.apify.com/v2/key-value-stores/D36lrcGGw30jdgX4Z/records/9cd4c5cebefacc166cd3b47bfb0583ad.zip"
},
{
  "url": "https://www.bing.com/images/create/portrait-photo-of-a-female-dog-dressed-in-modern-i/1-657d3c7908e5436a8b843a6a4ec0e54e?id=ReHxc7DqjWANBJB%2fXwUdkA%3d%3d&view=detailv2&idpp=genimg&idpbck=1&form=BICREC",
  "urlHash": "84ab59aeded30a1b30208f1c0272835c",
  "download": "https://api.apify.com/v2/key-value-stores/D36lrcGGw30jdgX4Z/records/84ab59aeded30a1b30208f1c0272835c.zip"
},
{
  "url": "https://www.bing.com/images/create/portrait-photo-of-a-female-dog-dressed-in-modern-i/1-657d3c98446c4e78bfe90ce9533178b1?id=3XM%2bi4evkivbXrkGsIZTrA%3d%3d&view=detailv2&idpp=genimg&idpbck=1&form=BICREC",
  "urlHash": "cd4aabb6ce215ebaa5a4bdd26b0cec14",
  "download": "https://api.apify.com/v2/key-value-stores/D36lrcGGw30jdgX4Z/records/cd4aabb6ce215ebaa5a4bdd26b0cec14.zip"
},
{
  "url": "https://www.bing.com/images/create/portrait-photo-of-a-female-dog-dressed-in-modern-i/1-657d3c7908e5436a8b843a6a4ec0e54e?id=O3cC26Wo5ZGTzZicKn5CAw%3d%3d&view=detailv2&idpp=genimg&idpbck=1&form=BICREC",
  "urlHash": "a78399e5a80f3632a3135ac53e7fb213",
  "download": "https://api.apify.com/v2/key-value-stores/D36lrcGGw30jdgX4Z/records/a78399e5a80f3632a3135ac53e7fb213.zip"
},
{
  "url": "https://www.bing.com/images/create/portrait-photo-of-a-female-dog-dressed-in-modern-i/1-657d3c7908e5436a8b843a6a4ec0e54e?id=kWAc8Tuo2wysUAOiHBEepg%3d%3d&view=detailv2&idpp=genimg&idpbck=1&form=BICREC",
  "urlHash": "f3207e6f70910f776b183a619633f8cb",
  "download": "https://api.apify.com/v2/key-value-stores/D36lrcGGw30jdgX4Z/records/f3207e6f70910f776b183a619633f8cb.zip"
},
{
  "url": "https://www.bing.com/images/create/portrait-photo-of-a-female-dog-dressed-in-modern-i/1-657d3c54ee3e4bc9a3c22e624acdd04f?id=xHUa%2bFe4m4zGfUUgaB%2fWEw%3d%3d&view=detailv2&idpp=genimg&idpbck=1&form=BICREC",
  "urlHash": "d7b46563ce8bcf74505d8610516813bc",
  "download": "https://api.apify.com/v2/key-value-stores/D36lrcGGw30jdgX4Z/records/d7b46563ce8bcf74505d8610516813bc.zip"
},
{
  "url": "https://www.bing.com/images/create/portrait-photo-of-a-female-dog-dressed-in-modern-i/1-657d3c54ee3e4bc9a3c22e624acdd04f?id=SFLtn4oqq%2ffGU2uDuRl1ig%3d%3d&view=detailv2&idpp=genimg&idpbck=1&form=BICREC",
  "urlHash": "56ef02c39ce0da85bcc41b5c2572eae9",
  "download": "https://api.apify.com/v2/key-value-stores/D36lrcGGw30jdgX4Z/records/56ef02c39ce0da85bcc41b5c2572eae9.zip"
},
{
  "url": "https://www.bing.com/images/create/portrait-photo-of-a-female-dog-dressed-in-modern-i/1-657d3c54ee3e4bc9a3c22e624acdd04f?id=83%2fp0EW1Lnc2dk4MKeNYIA%3d%3d&view=detailv2&idpp=genimg&idpbck=1&form=BICREC",
  "urlHash": "0a231b69cb8f99ceda56f6c510375eb0",
  "download": "https://api.apify.com/v2/key-value-stores/D36lrcGGw30jdgX4Z/records/0a231b69cb8f99ceda56f6c510375eb0.zip"
},
{
  "url": "https://www.bing.com/images/create/portrait-photo-of-a-female-dog-dressed-in-modern-i/1-657d3c54ee3e4bc9a3c22e624acdd04f?id=ce4OaAugZTXkzihDZxDoUA%3d%3d&view=detailv2&idpp=genimg&idpbck=1&form=BICREC",
  "urlHash": "83815cb93a3ad7da75a7b350d10d3c24",
  "download": "https://api.apify.com/v2/key-value-stores/D36lrcGGw30jdgX4Z/records/83815cb93a3ad7da75a7b350d10d3c24.zip"
},
{
  "url": "https://www.bing.com/images/create/portrait-photo-of-a-female-dog-dressed-in-modern-i/1-657d3b9d4c724a3cb329d7671c0243a6?id=DSZ%2bKZ4Cf6AXFVxjK6WIVQ%3d%3d&view=detailv2&idpp=genimg&idpbck=1&form=BICREC",
  "urlHash": "b5a456461630928a629788c8fa9e121c",
  "download": "https://api.apify.com/v2/key-value-stores/D36lrcGGw30jdgX4Z/records/b5a456461630928a629788c8fa9e121c.zip"
},
{
  "url": "https://www.bing.com/images/create/portrait-photo-of-a-female-dog-dressed-in-modern-i/1-657d3b9d4c724a3cb329d7671c0243a6?id=nhtCtmWi56Va7dW8%2bnZ17g%3d%3d&view=detailv2&idpp=genimg&idpbck=1&form=BICREC",
  "urlHash": "75441add110d59cad98e1fe37d8dba18",
  "download": "https://api.apify.com/v2/key-value-stores/D36lrcGGw30jdgX4Z/records/75441add110d59cad98e1fe37d8dba18.zip"
},
{
  "url": "https://www.bing.com/images/create/portrait-photo-of-a-female-dog-dressed-in-modern-i/1-657d3b9d4c724a3cb329d7671c0243a6?id=KPTOUYDuN%2ba3LfUWNFFL%2bw%3d%3d&view=detailv2&idpp=genimg&idpbck=1&form=BICREC",
  "urlHash": "029057de684b25aacf0d9ae972990401",
  "download": "https://api.apify.com/v2/key-value-stores/D36lrcGGw30jdgX4Z/records/029057de684b25aacf0d9ae972990401.zip"
},
{
  "url": "https://www.bing.com/images/create/portrait-photo-of-a-female-dog-dressed-in-modern-i/1-657d3b9d4c724a3cb329d7671c0243a6?id=E%2f9RqA7wzREgjwPcmcD%2fIA%3d%3d&view=detailv2&idpp=genimg&idpbck=1&form=BICREC",
  "urlHash": "57712e6f4e45edf9f9522842ac936922",
  "download": "https://api.apify.com/v2/key-value-stores/D36lrcGGw30jdgX4Z/records/57712e6f4e45edf9f9522842ac936922.zip"
},
{
  "url": "https://www.bing.com/images/create/portrait-photo-of-a-female-dog-dressed-in-modern-i/1-657d3b8147b24f32a4cb9d0293696159?id=GJZAQjHhv3cFmxNbbCkICg%3d%3d&view=detailv2&idpp=genimg&idpbck=1&form=BICREC",
  "urlHash": "0415002d3d5627d53249fd70e7ab235f",
  "download": "https://api.apify.com/v2/key-value-stores/D36lrcGGw30jdgX4Z/records/0415002d3d5627d53249fd70e7ab235f.zip"
},
{
  "url": "https://www.bing.com/images/create/portrait-photo-of-a-female-dog-dressed-in-modern-i/1-657d3b8147b24f32a4cb9d0293696159?id=GPn2uWb7KUxz33%2be%2fMnMVw%3d%3d&view=detailv2&idpp=genimg&idpbck=1&form=BICREC",
  "urlHash": "c45962f4e07b10cac4e0b84dd027d93d",
  "download": "https://api.apify.com/v2/key-value-stores/D36lrcGGw30jdgX4Z/records/c45962f4e07b10cac4e0b84dd027d93d.zip"
},
{
  "url": "https://www.bing.com/images/create/portrait-photo-of-a-female-dog-dressed-in-modern-i/1-657d3b8147b24f32a4cb9d0293696159?id=vkOPaKCB26ee9cGuDUYutA%3d%3d&view=detailv2&idpp=genimg&idpbck=1&form=BICREC",
  "urlHash": "1a24bb9e3cb678b285d4b4812dbf2bdf",
  "download": "https://api.apify.com/v2/key-value-stores/D36lrcGGw30jdgX4Z/records/1a24bb9e3cb678b285d4b4812dbf2bdf.zip"
},
{
  "url": "https://www.bing.com/images/create/portrait-photo-of-a-female-dog-dressed-in-modern-i/1-657d3b8147b24f32a4cb9d0293696159?id=wjt4%2bpOgAzHrxwPSVijUNw%3d%3d&view=detailv2&idpp=genimg&idpbck=1&form=BICREC",
  "urlHash": "e74a0696f0f1ce4ddc448227955ce32d",
  "download": "https://api.apify.com/v2/key-value-stores/D36lrcGGw30jdgX4Z/records/e74a0696f0f1ce4ddc448227955ce32d.zip"
},
{
  "url": "https://www.bing.com/images/create/portrait-photo-of-a-female-dog-dressed-in-modern-i/1-657d3b6396d94616be7c1246957f8b58?id=asLyzXBWmUjUtgOvgF1PJQ%3d%3d&view=detailv2&idpp=genimg&idpbck=1&form=BICREC",
  "urlHash": "a6c99354476ff6305eea2a9166dad508",
  "download": "https://api.apify.com/v2/key-value-stores/D36lrcGGw30jdgX4Z/records/a6c99354476ff6305eea2a9166dad508.zip"
},
{
  "url": "https://www.bing.com/images/create/portrait-photo-of-a-female-dog-dressed-in-modern-i/1-657d3b6396d94616be7c1246957f8b58?id=Q%2bolNh7rz1AAzbDmfFlXFg%3d%3d&view=detailv2&idpp=genimg&idpbck=1&form=BICREC",
  "urlHash": "c3447b02bde899a88be71a16a8c284ca",
  "download": "https://api.apify.com/v2/key-value-stores/D36lrcGGw30jdgX4Z/records/c3447b02bde899a88be71a16a8c284ca.zip"
},
{
  "url": "https://www.bing.com/images/create/portrait-photo-of-a-female-dog-dressed-in-modern-i/1-657d3af07c7f4644a7908791a6069f19?id=ngyd3LysG9Lmh6GoUTTNpQ%3d%3d&view=detailv2&idpp=genimg&idpbck=1&form=BICREC",
  "urlHash": "17b044f0bcbaf3b27f88a404c3310956",
  "download": "https://api.apify.com/v2/key-value-stores/D36lrcGGw30jdgX4Z/records/17b044f0bcbaf3b27f88a404c3310956.zip"
},
{
  "url": "https://www.bing.com/images/create/portrait-photo-of-a-female-dog-dressed-in-modern-i/1-657d3af07c7f4644a7908791a6069f19?id=U5EuXczp30pGKgwYVvSPpQ%3d%3d&view=detailv2&idpp=genimg&idpbck=1&form=BICREC",
  "urlHash": "49fe57ab0b8ae4c9137fb75a5f7221b1",
  "download": "https://api.apify.com/v2/key-value-stores/D36lrcGGw30jdgX4Z/records/49fe57ab0b8ae4c9137fb75a5f7221b1.zip"
},
{
  "url": "https://www.bing.com/images/create/portrait-photo-of-a-female-dog-dressed-in-modern-i/1-657d3b6396d94616be7c1246957f8b58?id=X5ksJwAE49jiNOz4%2bfdV6g%3d%3d&view=detailv2&idpp=genimg&idpbck=1&form=BICREC",
  "urlHash": "89180d85d4380cbf751f3a64b9ab123d",
  "download": "https://api.apify.com/v2/key-value-stores/D36lrcGGw30jdgX4Z/records/89180d85d4380cbf751f3a64b9ab123d.zip"
},
{
  "url": "https://www.bing.com/images/create/portrait-photo-of-a-female-dog-dressed-in-modern-i/1-657d3b6396d94616be7c1246957f8b58?id=7%2fVxcsdxq54VgpMF98IKnw%3d%3d&view=detailv2&idpp=genimg&idpbck=1&form=BICREC",
  "urlHash": "e595988b99fbde67fb9bce850b838fdb",
  "download": "https://api.apify.com/v2/key-value-stores/D36lrcGGw30jdgX4Z/records/e595988b99fbde67fb9bce850b838fdb.zip"
},
{
  "url": "https://www.bing.com/images/create/portrait-photo-of-a-female-dog-dressed-in-modern-i/1-657d3ac82c3748609c7c6121667c913a?id=naAgUzAEzLc4HAzjxKmqHQ%3d%3d&view=detailv2&idpp=genimg&idpbck=1&form=BICREC",
  "urlHash": "74de286765860f6f2da83bfab98019e4",
  "download": "https://api.apify.com/v2/key-value-stores/D36lrcGGw30jdgX4Z/records/74de286765860f6f2da83bfab98019e4.zip"
},
{
  "url": "https://www.bing.com/images/create/portrait-photo-of-a-female-dog-dressed-in-modern-i/1-657d3ac82c3748609c7c6121667c913a?id=ShCfmDwYKiVwLx0OhctIsA%3d%3d&view=detailv2&idpp=genimg&idpbck=1&form=BICREC",
  "urlHash": "56518a67acb398b1958455614c688646",
  "download": "https://api.apify.com/v2/key-value-stores/D36lrcGGw30jdgX4Z/records/56518a67acb398b1958455614c688646.zip"
},
{
  "url": "https://www.bing.com/images/create/portrait-photo-of-a-female-dog-dressed-in-modern-i/1-657d3ac82c3748609c7c6121667c913a?id=83Tl1LaPXrA9ggy6XOkGnQ%3d%3d&view=detailv2&idpp=genimg&idpbck=1&form=BICREC",
  "urlHash": "b2d780192e3b228d51540c4d5d415d47",
  "download": "https://api.apify.com/v2/key-value-stores/D36lrcGGw30jdgX4Z/records/b2d780192e3b228d51540c4d5d415d47.zip"
},
{
  "url": "https://www.bing.com/images/create/portrait-photo-of-a-female-dog-dressed-in-modern-i/1-657d3af07c7f4644a7908791a6069f19?id=zsVPA6VVMKQhUbQskB%2bGDw%3d%3d&view=detailv2&idpp=genimg&idpbck=1&form=BICREC",
  "urlHash": "2dd747ebffcf66eef7fb6a93bab2b9e1",
  "download": "https://api.apify.com/v2/key-value-stores/D36lrcGGw30jdgX4Z/records/2dd747ebffcf66eef7fb6a93bab2b9e1.zip"
},
{
  "url": "https://www.bing.com/images/create/portrait-photo-of-a-female-dog-dressed-in-modern-i/1-657d3af07c7f4644a7908791a6069f19?id=BMU4tfRakiqGaoyiHWVexQ%3d%3d&view=detailv2&idpp=genimg&idpbck=1&form=BICREC",
  "urlHash": "97318346a59214103c45dac444b93159",
  "download": "https://api.apify.com/v2/key-value-stores/D36lrcGGw30jdgX4Z/records/97318346a59214103c45dac444b93159.zip"
},
{
  "url": "https://www.bing.com/images/create/portrait-photo-of-a-female-dog-dressed-in-modern-i/1-657d3d8edc514a6c80b97c90f2141edd?id=3VW1BUfnThZpaiAHpBHs6g%3d%3d&view=detailv2&idpp=genimg&idpbck=1&form=BICREC",
  "urlHash": "f5c8041c610797bb959df33a101712e8",
  "download": "https://api.apify.com/v2/key-value-stores/D36lrcGGw30jdgX4Z/records/f5c8041c610797bb959df33a101712e8.zip"
},
{
  "url": "https://www.bing.com/images/create/portrait-photo-of-a-female-dog-dressed-in-modern-i/1-657d3ac82c3748609c7c6121667c913a?id=cOgEVB2bDL3uRrDI0exVDA%3d%3d&view=detailv2&idpp=genimg&idpbck=1&form=BICREC",
  "urlHash": "e11b2af45c9c5ccaed6a551698471b01",
  "download": "https://api.apify.com/v2/key-value-stores/D36lrcGGw30jdgX4Z/records/e11b2af45c9c5ccaed6a551698471b01.zip"
},
{
  "url": "https://www.bing.com/images/create/portrait-photo-of-a-female-dog-dressed-in-modern-i/1-657d3d8edc514a6c80b97c90f2141edd?id=r%2f4JlWlsSC9PwEy6WWJqOA%3d%3d&view=detailv2&idpp=genimg&idpbck=1&form=BICREC",
  "urlHash": "d5276ae07b472de52676f1f29149123f",
  "download": "https://api.apify.com/v2/key-value-stores/D36lrcGGw30jdgX4Z/records/d5276ae07b472de52676f1f29149123f.zip"
},
{
  "url": "https://www.bing.com/images/create/portrait-photo-of-a-female-dog-dressed-in-modern-i/1-657d3d8edc514a6c80b97c90f2141edd?id=Y7xpe%2bCZFHKhfgJCGD4bow%3d%3d&view=detailv2&idpp=genimg&idpbck=1&form=BICREC",
  "urlHash": "a0b2db10931dc5321b7d4b88982c1303",
  "download": "https://api.apify.com/v2/key-value-stores/D36lrcGGw30jdgX4Z/records/a0b2db10931dc5321b7d4b88982c1303.zip"
},
{
  "url": "https://www.bing.com/images/create/portrait-photo-of-a-female-dog-dressed-in-modern-i/1-657d3d742915445f9d52cd93de3855ee?id=aNcrCWI1rWi1BI4U%2fNyMQg%3d%3d&view=detailv2&idpp=genimg&idpbck=1&form=BICREC",
  "urlHash": "d002f8c025a9e6d5630ae767bc196b31",
  "download": "https://api.apify.com/v2/key-value-stores/D36lrcGGw30jdgX4Z/records/d002f8c025a9e6d5630ae767bc196b31.zip"
},
{
  "url": "https://www.bing.com/images/create/portrait-photo-of-a-female-dog-dressed-in-modern-i/1-657d3d742915445f9d52cd93de3855ee?id=HonrKDCtZ%2fGnt7ckbmRe2w%3d%3d&view=detailv2&idpp=genimg&idpbck=1&form=BICREC",
  "urlHash": "f52d154cb39da9d7080dd24a59fd80be",
  "download": "https://api.apify.com/v2/key-value-stores/D36lrcGGw30jdgX4Z/records/f52d154cb39da9d7080dd24a59fd80be.zip"
},
{
  "url": "https://www.bing.com/images/create/portrait-photo-of-a-female-dog-dressed-in-modern-i/1-657d3d742915445f9d52cd93de3855ee?id=qwoj6jJ%2fEXKL4zxTMpYyvw%3d%3d&view=detailv2&idpp=genimg&idpbck=1&form=BICREC",
  "urlHash": "92479baec252ab0da1c230e6dd377cc7",
  "download": "https://api.apify.com/v2/key-value-stores/D36lrcGGw30jdgX4Z/records/92479baec252ab0da1c230e6dd377cc7.zip"
},
{
  "url": "https://www.bing.com/images/create/portrait-photo-of-a-female-dog-dressed-in-modern-i/1-657d3d742915445f9d52cd93de3855ee?id=VbmZvLoU0s4VhA8WCzevBw%3d%3d&view=detailv2&idpp=genimg&idpbck=1&form=BICREC",
  "urlHash": "5f6a849e1ff3daac69fad3fab33f0580",
  "download": "https://api.apify.com/v2/key-value-stores/D36lrcGGw30jdgX4Z/records/5f6a849e1ff3daac69fad3fab33f0580.zip"
},
{
  "url": "https://www.bing.com/images/create/portrait-photo-of-a-female-dog-dressed-in-modern-i/1-657d3d8edc514a6c80b97c90f2141edd?id=n1xBET%2fTkdXkxu8skD8iLg%3d%3d&view=detailv2&idpp=genimg&idpbck=1&form=BICREC",
  "urlHash": "22b05ec695d38983f4d9bc38ee1a2178",
  "download": "https://api.apify.com/v2/key-value-stores/D36lrcGGw30jdgX4Z/records/22b05ec695d38983f4d9bc38ee1a2178.zip"
},
{
  "url": "https://www.bing.com/images/create/portrait-photo-of-a-female-dog-dressed-in-modern-i/1-657d3d5a7e6f4e8f96ca0446f506d781?id=7CkivoiUbeV4uD922ywCDw%3d%3d&view=detailv2&idpp=genimg&idpbck=1&form=BICREC",
  "urlHash": "24c7836415b0a3baf38c3a8c032ef9b1",
  "download": "https://api.apify.com/v2/key-value-stores/D36lrcGGw30jdgX4Z/records/24c7836415b0a3baf38c3a8c032ef9b1.zip"
},
{
  "url": "https://www.bing.com/images/create/portrait-photo-of-a-female-dog-dressed-in-modern-i/1-657d3d5a7e6f4e8f96ca0446f506d781?id=GTuaKiQxtRXQZYhM%2f0JpRA%3d%3d&view=detailv2&idpp=genimg&idpbck=1&form=BICREC",
  "urlHash": "28c613d4ed8cd5ab0dcd3fd92b133321",
  "download": "https://api.apify.com/v2/key-value-stores/D36lrcGGw30jdgX4Z/records/28c613d4ed8cd5ab0dcd3fd92b133321.zip"
},
{
  "url": "https://www.bing.com/images/create/portrait-photo-of-a-female-dog-dressed-in-modern-i/1-657d3d5a7e6f4e8f96ca0446f506d781?id=ufEJg8Zd6522khQAZJrk4Q%3d%3d&view=detailv2&idpp=genimg&idpbck=1&form=BICREC",
  "urlHash": "a3a5ddd6bea8e7f1d467a352d74a1032",
  "download": "https://api.apify.com/v2/key-value-stores/D36lrcGGw30jdgX4Z/records/a3a5ddd6bea8e7f1d467a352d74a1032.zip"
},
{
  "url": "https://www.bing.com/images/create/portrait-photo-of-a-female-dog-dressed-in-modern-i/1-657d3d5a7e6f4e8f96ca0446f506d781?id=%2fEEtlwA2re3MDvzITj6Y2Q%3d%3d&view=detailv2&idpp=genimg&idpbck=1&form=BICREC",
  "urlHash": "84909804c48651fc13ba297dc29ba331",
  "download": "https://api.apify.com/v2/key-value-stores/D36lrcGGw30jdgX4Z/records/84909804c48651fc13ba297dc29ba331.zip"
},
{
  "url": "https://www.bing.com/images/create/portrait-photo-of-a-female-dog-dressed-in-modern-i/1-657d3d163672408dafe44ffc56a8d306?id=SQAGLeTdR%2f5hC5%2b9FNkJHw%3d%3d&view=detailv2&idpp=genimg&idpbck=1&form=BICREC",
  "urlHash": "d362263749445ba35d471051e91272e9",
  "download": "https://api.apify.com/v2/key-value-stores/D36lrcGGw30jdgX4Z/records/d362263749445ba35d471051e91272e9.zip"
},
{
  "url": "https://www.bing.com/images/create/portrait-photo-of-a-female-dog-dressed-in-modern-i/1-657d3d163672408dafe44ffc56a8d306?id=nVj%2fb7I9MhbcBufQmWVEQg%3d%3d&view=detailv2&idpp=genimg&idpbck=1&form=BICREC",
  "urlHash": "ba382da65ca940d1bf036ded2ac26487",
  "download": "https://api.apify.com/v2/key-value-stores/D36lrcGGw30jdgX4Z/records/ba382da65ca940d1bf036ded2ac26487.zip"
},
{
  "url": "https://www.bing.com/images/create/portrait-photo-of-a-female-dog-dressed-in-modern-i/1-657d3d163672408dafe44ffc56a8d306?id=dteWtFxLek9iDKeCxdFnYA%3d%3d&view=detailv2&idpp=genimg&idpbck=1&form=BICREC",
  "urlHash": "f8f669d4d864b14ed628dd276f8823b7",
  "download": "https://api.apify.com/v2/key-value-stores/D36lrcGGw30jdgX4Z/records/f8f669d4d864b14ed628dd276f8823b7.zip"
},
{
  "url": "https://www.bing.com/images/create/portrait-photo-of-a-female-dog-dressed-in-modern-i/1-657d3d163672408dafe44ffc56a8d306?id=NB%2fONVhSTu8NPh1ATICTVg%3d%3d&view=detailv2&idpp=genimg&idpbck=1&form=BICREC",
  "urlHash": "9a14396b62deb26d2a9cee48b6fd99a6",
  "download": "https://api.apify.com/v2/key-value-stores/D36lrcGGw30jdgX4Z/records/9a14396b62deb26d2a9cee48b6fd99a6.zip"
}]