[{
  "url": "https://www.bing.com/images/create/portrait-photo-of-a-female-cat-dressed-in-modern-i/1-65808d291a5c4b5a8b89aa131fa9d1d0?id=MOJB7ZUYZyONr6sfngdj%2fg%3d%3d&view=detailv2&idpp=genimg&idpbck=1&form=BICREC",
  "urlHash": "6bd107f2de450f7cd0430783dd4bb599",
  "download": "https://api.apify.com/v2/key-value-stores/lA6uNXCqeLBiQIMIp/records/6bd107f2de450f7cd0430783dd4bb599.zip"
},
{
  "url": "https://www.bing.com/images/create/portrait-photo-of-a-female-cat-dressed-in-modern-i/1-65808d291a5c4b5a8b89aa131fa9d1d0?id=y3%2fN%2fX39Y3bq8w8VVWG7Fg%3d%3d&view=detailv2&idpp=genimg&idpbck=1&form=BICREC",
  "urlHash": "1e4cad80cd488f25fc660e46f6c0860e",
  "download": "https://api.apify.com/v2/key-value-stores/lA6uNXCqeLBiQIMIp/records/1e4cad80cd488f25fc660e46f6c0860e.zip"
},
{
  "url": "https://www.bing.com/images/create/portrait-photo-of-a-female-cat-dressed-in-modern-i/1-65808d291a5c4b5a8b89aa131fa9d1d0?id=mWblRC8zpde6lh3HaTXL5A%3d%3d&view=detailv2&idpp=genimg&idpbck=1&form=BICREC",
  "urlHash": "ae4da67d0dfcdbbd8b2808631a0aea9b",
  "download": "https://api.apify.com/v2/key-value-stores/lA6uNXCqeLBiQIMIp/records/ae4da67d0dfcdbbd8b2808631a0aea9b.zip"
},
{
  "url": "https://www.bing.com/images/create/portrait-photo-of-a-female-cat-dressed-in-modern-i/1-65808d291a5c4b5a8b89aa131fa9d1d0?id=vKTnP8Oq3Uhl6myXS7Wb6A%3d%3d&view=detailv2&idpp=genimg&idpbck=1&form=BICREC",
  "urlHash": "047779cbeee8fbd62dcbb545630a4466",
  "download": "https://api.apify.com/v2/key-value-stores/lA6uNXCqeLBiQIMIp/records/047779cbeee8fbd62dcbb545630a4466.zip"
},
{
  "url": "https://www.bing.com/images/create/portrait-photo-of-a-female-cat-dressed-in-modern-i/1-65808cb43fcd4c308876fadd616a8f75?id=kKJ8%2bGPT6FzP9RXHrDknPg%3d%3d&view=detailv2&idpp=genimg&idpbck=1&form=BICREC",
  "urlHash": "6fde438e8ef7f199992ced4833708b8f",
  "download": "https://api.apify.com/v2/key-value-stores/lA6uNXCqeLBiQIMIp/records/6fde438e8ef7f199992ced4833708b8f.zip"
},
{
  "url": "https://www.bing.com/images/create/portrait-photo-of-a-female-cat-dressed-in-modern-i/1-65808cb43fcd4c308876fadd616a8f75?id=BrEUY45tPW4hHTWI%2b4NSbw%3d%3d&view=detailv2&idpp=genimg&idpbck=1&form=BICREC",
  "urlHash": "4ce662cf6c5bb4961e4d20b45f9c9b8f",
  "download": "https://api.apify.com/v2/key-value-stores/lA6uNXCqeLBiQIMIp/records/4ce662cf6c5bb4961e4d20b45f9c9b8f.zip"
},
{
  "url": "https://www.bing.com/images/create/portrait-photo-of-a-female-cat-dressed-in-modern-i/1-65808cb43fcd4c308876fadd616a8f75?id=xN%2flAlXPQ6WpmpbG7wHMfQ%3d%3d&view=detailv2&idpp=genimg&idpbck=1&form=BICREC",
  "urlHash": "8be03a7b13d697419f2f69a1252e32c4",
  "download": "https://api.apify.com/v2/key-value-stores/lA6uNXCqeLBiQIMIp/records/8be03a7b13d697419f2f69a1252e32c4.zip"
},
{
  "url": "https://www.bing.com/images/create/portrait-photo-of-a-female-cat-dressed-in-modern-i/1-65808cb43fcd4c308876fadd616a8f75?id=XEBbJ1HXXmk21nriOQWfGg%3d%3d&view=detailv2&idpp=genimg&idpbck=1&form=BICREC",
  "urlHash": "495ec29e725be65357faf8e2c571b0aa",
  "download": "https://api.apify.com/v2/key-value-stores/lA6uNXCqeLBiQIMIp/records/495ec29e725be65357faf8e2c571b0aa.zip"
},
{
  "url": "https://www.bing.com/images/create/portrait-photo-of-a-female-cat-dressed-in-modern-i/1-65808c3430f942118dfc5fb0ac1b19cd?id=%2fGLhNRLNKhUc61rYITeAPw%3d%3d&view=detailv2&idpp=genimg&idpbck=1&form=BICREC",
  "urlHash": "3127e45e8e1d847225b8ea0d3da17f9e",
  "download": "https://api.apify.com/v2/key-value-stores/lA6uNXCqeLBiQIMIp/records/3127e45e8e1d847225b8ea0d3da17f9e.zip"
},
{
  "url": "https://www.bing.com/images/create/portrait-photo-of-a-female-cat-dressed-in-modern-i/1-65808c3430f942118dfc5fb0ac1b19cd?id=L%2bnEpAtxkvLdl2WElzgUew%3d%3d&view=detailv2&idpp=genimg&idpbck=1&form=BICREC",
  "urlHash": "3e88b233a874392b64f0447eaa070592",
  "download": "https://api.apify.com/v2/key-value-stores/lA6uNXCqeLBiQIMIp/records/3e88b233a874392b64f0447eaa070592.zip"
},
{
  "url": "https://www.bing.com/images/create/portrait-photo-of-a-female-cat-dressed-in-modern-i/1-65808c3430f942118dfc5fb0ac1b19cd?id=HXKNiYjwTYPx0JbLm4%2fZLQ%3d%3d&view=detailv2&idpp=genimg&idpbck=1&form=BICREC",
  "urlHash": "737187f37a5790d69e29005772c426ba",
  "download": "https://api.apify.com/v2/key-value-stores/lA6uNXCqeLBiQIMIp/records/737187f37a5790d69e29005772c426ba.zip"
},
{
  "url": "https://www.bing.com/images/create/portrait-photo-of-a-female-cat-dressed-in-modern-i/1-65808c3430f942118dfc5fb0ac1b19cd?id=UcAvnperd8pITz0XWQ6Wyw%3d%3d&view=detailv2&idpp=genimg&idpbck=1&form=BICREC",
  "urlHash": "f212c18e681fb884c079b02771d42817",
  "download": "https://api.apify.com/v2/key-value-stores/lA6uNXCqeLBiQIMIp/records/f212c18e681fb884c079b02771d42817.zip"
},
{
  "url": "https://www.bing.com/images/create/portrait-photo-of-a-female-cat-dressed-in-modern-i/1-65808e0a25ad41a88e7053f754ca4f80?id=mwpB%2bl3QOqFxMavCsjMA1g%3d%3d&view=detailv2&idpp=genimg&idpbck=1&form=BICREC",
  "urlHash": "e33e17b917afb1470c11f5ea888ae085",
  "download": "https://api.apify.com/v2/key-value-stores/lA6uNXCqeLBiQIMIp/records/e33e17b917afb1470c11f5ea888ae085.zip"
},
{
  "url": "https://www.bing.com/images/create/portrait-photo-of-a-female-cat-dressed-in-modern-i/1-65808e0a25ad41a88e7053f754ca4f80?id=Q2yb69%2bU7NTIG%2fpBDNo1LQ%3d%3d&view=detailv2&idpp=genimg&idpbck=1&form=BICREC",
  "urlHash": "6350abc5ac393c2a6125b950e2ebc594",
  "download": "https://api.apify.com/v2/key-value-stores/lA6uNXCqeLBiQIMIp/records/6350abc5ac393c2a6125b950e2ebc594.zip"
},
{
  "url": "https://www.bing.com/images/create/portrait-photo-of-a-female-cat-dressed-in-modern-i/1-65808e0a25ad41a88e7053f754ca4f80?id=omsEp6AzRoWAz7oWmic3bA%3d%3d&view=detailv2&idpp=genimg&idpbck=1&form=BICREC",
  "urlHash": "11b4ba3b07850bd2684b1259f0ff26b3",
  "download": "https://api.apify.com/v2/key-value-stores/lA6uNXCqeLBiQIMIp/records/11b4ba3b07850bd2684b1259f0ff26b3.zip"
},
{
  "url": "https://www.bing.com/images/create/portrait-photo-of-a-female-cat-dressed-in-modern-i/1-65808e0a25ad41a88e7053f754ca4f80?id=W6zijZNLHKVEA1YSR7gG8g%3d%3d&view=detailv2&idpp=genimg&idpbck=1&form=BICREC",
  "urlHash": "2e3467e9d21d9cf35960b96b06d33292",
  "download": "https://api.apify.com/v2/key-value-stores/lA6uNXCqeLBiQIMIp/records/2e3467e9d21d9cf35960b96b06d33292.zip"
},
{
  "url": "https://www.bing.com/images/create/portrait-photo-of-a-female-cat-dressed-in-modern-i/1-65808da106bc40e1999998f940944088?id=g8i7fPCecTVmRe1Gf2YQ5g%3d%3d&view=detailv2&idpp=genimg&idpbck=1&form=BICREC",
  "urlHash": "b25884b89b1e82c0c9ec30a51a8975d7",
  "download": "https://api.apify.com/v2/key-value-stores/lA6uNXCqeLBiQIMIp/records/b25884b89b1e82c0c9ec30a51a8975d7.zip"
},
{
  "url": "https://www.bing.com/images/create/portrait-photo-of-a-female-cat-dressed-in-modern-i/1-65808da106bc40e1999998f940944088?id=e3rjoS0y9Y%2f%2bUTVzY%2fDQtA%3d%3d&view=detailv2&idpp=genimg&idpbck=1&form=BICREC",
  "urlHash": "3fd33d6cac13fe17e7e9edbbf8392d58",
  "download": "https://api.apify.com/v2/key-value-stores/lA6uNXCqeLBiQIMIp/records/3fd33d6cac13fe17e7e9edbbf8392d58.zip"
},
{
  "url": "https://www.bing.com/images/create/portrait-photo-of-a-female-cat-dressed-in-modern-i/1-65808da106bc40e1999998f940944088?id=WpHXeWyCSNJ%2bNlkfzWMLfg%3d%3d&view=detailv2&idpp=genimg&idpbck=1&form=BICREC",
  "urlHash": "fd445afc99ea8e158f88b159097272fb",
  "download": "https://api.apify.com/v2/key-value-stores/lA6uNXCqeLBiQIMIp/records/fd445afc99ea8e158f88b159097272fb.zip"
},
{
  "url": "https://www.bing.com/images/create/portrait-photo-of-a-female-cat-dressed-in-modern-i/1-65808da106bc40e1999998f940944088?id=y4Ss1t%2fTS%2f7tDtEILv%2fv1A%3d%3d&view=detailv2&idpp=genimg&idpbck=1&form=BICREC",
  "urlHash": "299a076cf3089198d740abd2c7e06bf7",
  "download": "https://api.apify.com/v2/key-value-stores/lA6uNXCqeLBiQIMIp/records/299a076cf3089198d740abd2c7e06bf7.zip"
},
{
  "url": "https://www.bing.com/images/create/portrait-photo-of-a-female-cat-dressed-in-modern-i/1-65810bc4ef7f4ba9942b34ce41de82e7?id=pkCOOVSNB5IQweQJfFqKpg%3d%3d&view=detailv2&idpp=genimg&idpbck=1&form=BICREC",
  "urlHash": "d652e4d6c258cbb28499c6625b702e21",
  "download": "https://api.apify.com/v2/key-value-stores/lA6uNXCqeLBiQIMIp/records/d652e4d6c258cbb28499c6625b702e21.zip"
},
{
  "url": "https://www.bing.com/images/create/portrait-photo-of-a-female-cat-dressed-in-modern-i/1-65810bc4ef7f4ba9942b34ce41de82e7?id=cyrvk0FGEkWGrjv6RozWqg%3d%3d&view=detailv2&idpp=genimg&idpbck=1&form=BICREC",
  "urlHash": "9bbd29899e459b39dcfaa81d67f438be",
  "download": "https://api.apify.com/v2/key-value-stores/lA6uNXCqeLBiQIMIp/records/9bbd29899e459b39dcfaa81d67f438be.zip"
},
{
  "url": "https://www.bing.com/images/create/portrait-photo-of-a-female-cat-dressed-in-modern-i/1-65810bc4ef7f4ba9942b34ce41de82e7?id=gVDnPCFuGLYhFCwgDTJ2XQ%3d%3d&view=detailv2&idpp=genimg&idpbck=1&form=BICREC",
  "urlHash": "af41449144db99267008d2aada44dcb3",
  "download": "https://api.apify.com/v2/key-value-stores/lA6uNXCqeLBiQIMIp/records/af41449144db99267008d2aada44dcb3.zip"
},
{
  "url": "https://www.bing.com/images/create/portrait-photo-of-a-female-cat-dressed-in-modern-i/1-65810b9163b44af5997458e8d30acf50?id=08i9W0z5370p%2btNn%2bZaPmA%3d%3d&view=detailv2&idpp=genimg&idpbck=1&form=BICREC",
  "urlHash": "5d3aae838e9e397a42bf27ebc3674b13",
  "download": "https://api.apify.com/v2/key-value-stores/lA6uNXCqeLBiQIMIp/records/5d3aae838e9e397a42bf27ebc3674b13.zip"
},
{
  "url": "https://www.bing.com/images/create/portrait-photo-of-a-female-cat-dressed-in-modern-i/1-65810bc4ef7f4ba9942b34ce41de82e7?id=rfdzHCQa5SRC2J4SXqD7Ew%3d%3d&view=detailv2&idpp=genimg&idpbck=1&form=BICREC",
  "urlHash": "deaaebea4df8910ee8d284760e565515",
  "download": "https://api.apify.com/v2/key-value-stores/lA6uNXCqeLBiQIMIp/records/deaaebea4df8910ee8d284760e565515.zip"
},
{
  "url": "https://www.bing.com/images/create/portrait-photo-of-a-female-cat-dressed-in-modern-i/1-65810b9163b44af5997458e8d30acf50?id=EfBk0poWWRvbxdx%2bs%2bASNQ%3d%3d&view=detailv2&idpp=genimg&idpbck=1&form=BICREC",
  "urlHash": "c47f16750f9402bc0a8ab66596ef44db",
  "download": "https://api.apify.com/v2/key-value-stores/lA6uNXCqeLBiQIMIp/records/c47f16750f9402bc0a8ab66596ef44db.zip"
},
{
  "url": "https://www.bing.com/images/create/portrait-photo-of-a-female-cat-dressed-in-modern-i/1-65810b9163b44af5997458e8d30acf50?id=yT%2bmeQaHZy5yf8n42s4USA%3d%3d&view=detailv2&idpp=genimg&idpbck=1&form=BICREC",
  "urlHash": "3d4db98b52f4a4af83c448c49e5da3b2",
  "download": "https://api.apify.com/v2/key-value-stores/lA6uNXCqeLBiQIMIp/records/3d4db98b52f4a4af83c448c49e5da3b2.zip"
},
{
  "url": "https://www.bing.com/images/create/portrait-photo-of-a-female-cat-dressed-in-modern-i/1-65810b9163b44af5997458e8d30acf50?id=QgTWDzyrVYK1JV0PeXCRbg%3d%3d&view=detailv2&idpp=genimg&idpbck=1&form=BICREC",
  "urlHash": "c51b601fd26950324417c3c4efa73a51",
  "download": "https://api.apify.com/v2/key-value-stores/lA6uNXCqeLBiQIMIp/records/c51b601fd26950324417c3c4efa73a51.zip"
},
{
  "url": "https://www.bing.com/images/create/portrait-photo-of-a-female-cat-dressed-in-modern-i/1-65810b51ef144589a444c33f398236ad?id=6GsUJ3Ycxeiwq7iZWTuHGw%3d%3d&view=detailv2&idpp=genimg&idpbck=1&form=BICREC",
  "urlHash": "5db727de94e0d733332e6003c346c00f",
  "download": "https://api.apify.com/v2/key-value-stores/lA6uNXCqeLBiQIMIp/records/5db727de94e0d733332e6003c346c00f.zip"
},
{
  "url": "https://www.bing.com/images/create/portrait-photo-of-a-female-cat-dressed-in-modern-i/1-65810b51ef144589a444c33f398236ad?id=XbmmIdjUS1f5QPM4ZmIycQ%3d%3d&view=detailv2&idpp=genimg&idpbck=1&form=BICREC",
  "urlHash": "9fb3463871accea3c3f5c8dc08439848",
  "download": "https://api.apify.com/v2/key-value-stores/lA6uNXCqeLBiQIMIp/records/9fb3463871accea3c3f5c8dc08439848.zip"
},
{
  "url": "https://www.bing.com/images/create/portrait-photo-of-a-female-cat-dressed-in-modern-i/1-65810b51ef144589a444c33f398236ad?id=IMerlKm5Z6ra2KbKC5FLQw%3d%3d&view=detailv2&idpp=genimg&idpbck=1&form=BICREC",
  "urlHash": "165391bf0c01da5fb19a5e6bc26c6b02",
  "download": "https://api.apify.com/v2/key-value-stores/lA6uNXCqeLBiQIMIp/records/165391bf0c01da5fb19a5e6bc26c6b02.zip"
},
{
  "url": "https://www.bing.com/images/create/portrait-photo-of-a-female-cat-dressed-in-modern-i/1-65810b51ef144589a444c33f398236ad?id=CEjakyst3I4t9jd7fobukw%3d%3d&view=detailv2&idpp=genimg&idpbck=1&form=BICREC",
  "urlHash": "9ba166f505864c6e99b43f1020c74328",
  "download": "https://api.apify.com/v2/key-value-stores/lA6uNXCqeLBiQIMIp/records/9ba166f505864c6e99b43f1020c74328.zip"
},
{
  "url": "https://www.bing.com/images/create/portrait-photo-of-a-female-dog-dressed-in-modern-i/1-657c159dc0d34531a0039fad9e971c6f?id=nVnAg4a6hQyWigR2Wi3olA%3d%3d&view=detailv2&idpp=genimg&idpbck=1&form=BICREC",
  "urlHash": "0d31ca8e4639f674185ea7d4726a27ca",
  "download": "https://api.apify.com/v2/key-value-stores/lA6uNXCqeLBiQIMIp/records/0d31ca8e4639f674185ea7d4726a27ca.zip"
},
{
  "url": "https://www.bing.com/images/create/portrait-photo-of-a-female-dog-dressed-in-modern-i/1-657c159dc0d34531a0039fad9e971c6f?id=8r572pxyuoQzKYozjF8LTA%3d%3d&view=detailv2&idpp=genimg&idpbck=1&form=BICREC",
  "urlHash": "df18e119a9dac495ea7834325d61f3c5",
  "download": "https://api.apify.com/v2/key-value-stores/lA6uNXCqeLBiQIMIp/records/df18e119a9dac495ea7834325d61f3c5.zip"
},
{
  "url": "https://www.bing.com/images/create/portrait-photo-of-a-female-dog-dressed-in-modern-i/1-657c159dc0d34531a0039fad9e971c6f?id=tYR%2fBM74pK2ilEq1bXjCZA%3d%3d&view=detailv2&idpp=genimg&idpbck=1&form=BICREC",
  "urlHash": "75012cf7ad2d2c163af1c50e592189c7",
  "download": "https://api.apify.com/v2/key-value-stores/lA6uNXCqeLBiQIMIp/records/75012cf7ad2d2c163af1c50e592189c7.zip"
},
{
  "url": "https://www.bing.com/images/create/portrait-photo-of-a-female-dog-dressed-in-modern-i/1-657c159dc0d34531a0039fad9e971c6f?id=WWTgyGlajt7iQ4JF6yaYXg%3d%3d&view=detailv2&idpp=genimg&idpbck=1&form=BICREC",
  "urlHash": "a9d0094ea32ef5ece1cf590127db60cc",
  "download": "https://api.apify.com/v2/key-value-stores/lA6uNXCqeLBiQIMIp/records/a9d0094ea32ef5ece1cf590127db60cc.zip"
},
{
  "url": "https://www.bing.com/images/create/portrait-photo-of-a-female-dog-dressed-in-modern-i/1-657c158387124f7797598d8b076b060b?id=NIOOrCSlukEAurRqi007nA%3d%3d&view=detailv2&idpp=genimg&idpbck=1&form=BICREC",
  "urlHash": "1bae24f364122f8b3559e87a2ba5c8f7",
  "download": "https://api.apify.com/v2/key-value-stores/lA6uNXCqeLBiQIMIp/records/1bae24f364122f8b3559e87a2ba5c8f7.zip"
},
{
  "url": "https://www.bing.com/images/create/portrait-photo-of-a-female-dog-dressed-in-modern-i/1-657c158387124f7797598d8b076b060b?id=zi%2fmCJVGZc%2bYV7tyfGU2nA%3d%3d&view=detailv2&idpp=genimg&idpbck=1&form=BICREC",
  "urlHash": "4b83fa28ad3836bf4a02f8e2d0ff3468",
  "download": "https://api.apify.com/v2/key-value-stores/lA6uNXCqeLBiQIMIp/records/4b83fa28ad3836bf4a02f8e2d0ff3468.zip"
},
{
  "url": "https://www.bing.com/images/create/portrait-photo-of-a-female-dog-dressed-in-modern-i/1-657c158387124f7797598d8b076b060b?id=AQW4iGm%2fQqIs0GQOdb1iVQ%3d%3d&view=detailv2&idpp=genimg&idpbck=1&form=BICREC",
  "urlHash": "dfe70cb562a24e211ad25d9c580533a1",
  "download": "https://api.apify.com/v2/key-value-stores/lA6uNXCqeLBiQIMIp/records/dfe70cb562a24e211ad25d9c580533a1.zip"
},
{
  "url": "https://www.bing.com/images/create/portrait-photo-of-a-female-dog-dressed-in-modern-i/1-657c156d557b45d0a2c856528eab8ea8?id=2nxUNVMP3w2N%2fmlOaBf%2bHg%3d%3d&view=detailv2&idpp=genimg&idpbck=1&form=BICREC",
  "urlHash": "af0651f47c3a15c72ed95c462ebd00a6",
  "download": "https://api.apify.com/v2/key-value-stores/lA6uNXCqeLBiQIMIp/records/af0651f47c3a15c72ed95c462ebd00a6.zip"
},
{
  "url": "https://www.bing.com/images/create/portrait-photo-of-a-female-dog-dressed-in-modern-i/1-657c158387124f7797598d8b076b060b?id=bQ0dgPoriQ18YrcwsFPf7Q%3d%3d&view=detailv2&idpp=genimg&idpbck=1&form=BICREC",
  "urlHash": "9e242115a842a15e77160fb5024b283a",
  "download": "https://api.apify.com/v2/key-value-stores/lA6uNXCqeLBiQIMIp/records/9e242115a842a15e77160fb5024b283a.zip"
},
{
  "url": "https://www.bing.com/images/create/portrait-photo-of-a-female-dog-dressed-in-modern-i/1-657c156d557b45d0a2c856528eab8ea8?id=f7aMhCQgywSUvwc%2bg2DwAA%3d%3d&view=detailv2&idpp=genimg&idpbck=1&form=BICREC",
  "urlHash": "92aa71598dd0afcbdef004e77da016e2",
  "download": "https://api.apify.com/v2/key-value-stores/lA6uNXCqeLBiQIMIp/records/92aa71598dd0afcbdef004e77da016e2.zip"
},
{
  "url": "https://www.bing.com/images/create/portrait-photo-of-a-female-dog-dressed-in-modern-i/1-657c156d557b45d0a2c856528eab8ea8?id=P%2fR0Tma70kW4ay5nPOtsuw%3d%3d&view=detailv2&idpp=genimg&idpbck=1&form=BICREC",
  "urlHash": "2a859bd4fccd860d11edfda691ad1a3a",
  "download": "https://api.apify.com/v2/key-value-stores/lA6uNXCqeLBiQIMIp/records/2a859bd4fccd860d11edfda691ad1a3a.zip"
},
{
  "url": "https://www.bing.com/images/create/portrait-photo-of-a-female-dog-dressed-in-modern-i/1-657c156d557b45d0a2c856528eab8ea8?id=fyW%2bFvMtobi%2fjU2QhVtfjQ%3d%3d&view=detailv2&idpp=genimg&idpbck=1&form=BICREC",
  "urlHash": "257e4f96edfaa8b2722047fa95be381e",
  "download": "https://api.apify.com/v2/key-value-stores/lA6uNXCqeLBiQIMIp/records/257e4f96edfaa8b2722047fa95be381e.zip"
},
{
  "url": "https://www.bing.com/images/create/portrait-photo-of-a-female-dog-dressed-in-modern-i/1-657c1533f7c744819c06ce294b71eeae?id=N8PMXycdmLebpYChBVoG2w%3d%3d&view=detailv2&idpp=genimg&idpbck=1&form=BICREC",
  "urlHash": "f42cc56ecfd7899304e359d65487896e",
  "download": "https://api.apify.com/v2/key-value-stores/lA6uNXCqeLBiQIMIp/records/f42cc56ecfd7899304e359d65487896e.zip"
},
{
  "url": "https://www.bing.com/images/create/portrait-photo-of-a-female-dog-dressed-in-modern-i/1-657c1533f7c744819c06ce294b71eeae?id=ks1k2eyPZSkcOymA56jHxg%3d%3d&view=detailv2&idpp=genimg&idpbck=1&form=BICREC",
  "urlHash": "314d9975b5405c59cd237386e52fba30",
  "download": "https://api.apify.com/v2/key-value-stores/lA6uNXCqeLBiQIMIp/records/314d9975b5405c59cd237386e52fba30.zip"
},
{
  "url": "https://www.bing.com/images/create/portrait-photo-of-a-female-dog-dressed-in-modern-i/1-657c1533f7c744819c06ce294b71eeae?id=qSAl4i3hT6vfkDLSCNbeew%3d%3d&view=detailv2&idpp=genimg&idpbck=1&form=BICREC",
  "urlHash": "e234909e881f811d0058fa2de80349b3",
  "download": "https://api.apify.com/v2/key-value-stores/lA6uNXCqeLBiQIMIp/records/e234909e881f811d0058fa2de80349b3.zip"
},
{
  "url": "https://www.bing.com/images/create/portrait-photo-of-a-female-dog-dressed-in-modern-i/1-657c1533f7c744819c06ce294b71eeae?id=I7y6X8YWTEejlonEBZDR4g%3d%3d&view=detailv2&idpp=genimg&idpbck=1&form=BICREC",
  "urlHash": "bfbf078a5625b044c4c86171910bbffd",
  "download": "https://api.apify.com/v2/key-value-stores/lA6uNXCqeLBiQIMIp/records/bfbf078a5625b044c4c86171910bbffd.zip"
},
{
  "url": "https://www.bing.com/images/create/portrait-photo-of-a-female-dog-dressed-in-modern-i/1-657c16eb13764062a5998b1ce4702839?id=0WFchDWV2sFS4TMpSNwFXA%3d%3d&view=detailv2&idpp=genimg&idpbck=1&form=BICREC",
  "urlHash": "db0fe9b0a3924015bca35d951dd5bd8b",
  "download": "https://api.apify.com/v2/key-value-stores/lA6uNXCqeLBiQIMIp/records/db0fe9b0a3924015bca35d951dd5bd8b.zip"
},
{
  "url": "https://www.bing.com/images/create/portrait-photo-of-a-female-dog-dressed-in-modern-i/1-657c16eb13764062a5998b1ce4702839?id=qvffPNWN2pGj%2b1xb8Cr2Sw%3d%3d&view=detailv2&idpp=genimg&idpbck=1&form=BICREC",
  "urlHash": "bfe360bcc05e6bce5f8fa4e26bbec9f8",
  "download": "https://api.apify.com/v2/key-value-stores/lA6uNXCqeLBiQIMIp/records/bfe360bcc05e6bce5f8fa4e26bbec9f8.zip"
},
{
  "url": "https://www.bing.com/images/create/portrait-photo-of-a-female-dog-dressed-in-modern-i/1-657c16eb13764062a5998b1ce4702839?id=kOjempMkWFLSszuUgVgDQg%3d%3d&view=detailv2&idpp=genimg&idpbck=1&form=BICREC",
  "urlHash": "61a8db7d984861eee471662ad7b3c381",
  "download": "https://api.apify.com/v2/key-value-stores/lA6uNXCqeLBiQIMIp/records/61a8db7d984861eee471662ad7b3c381.zip"
},
{
  "url": "https://www.bing.com/images/create/portrait-photo-of-a-female-dog-dressed-in-modern-i/1-657c16eb13764062a5998b1ce4702839?id=jyjGw8nl1WCtTpPOOSQSPw%3d%3d&view=detailv2&idpp=genimg&idpbck=1&form=BICREC",
  "urlHash": "b345095b2066307ce298e41efd2145b4",
  "download": "https://api.apify.com/v2/key-value-stores/lA6uNXCqeLBiQIMIp/records/b345095b2066307ce298e41efd2145b4.zip"
},
{
  "url": "https://www.bing.com/images/create/portrait-photo-of-a-female-dog-dressed-in-modern-i/1-657c16c875fb4d4489e3376427240983?id=frofOz7nqxeoWysSWYXA5A%3d%3d&view=detailv2&idpp=genimg&idpbck=1&form=BICREC",
  "urlHash": "3e8a7aaf90654f1971e63db74008b355",
  "download": "https://api.apify.com/v2/key-value-stores/lA6uNXCqeLBiQIMIp/records/3e8a7aaf90654f1971e63db74008b355.zip"
},
{
  "url": "https://www.bing.com/images/create/portrait-photo-of-a-female-dog-dressed-in-modern-i/1-657c16c875fb4d4489e3376427240983?id=zQ4CDOHWRuQTJkuSFQPe9w%3d%3d&view=detailv2&idpp=genimg&idpbck=1&form=BICREC",
  "urlHash": "e5862af838dbeb85c61f7d646a8080c4",
  "download": "https://api.apify.com/v2/key-value-stores/lA6uNXCqeLBiQIMIp/records/e5862af838dbeb85c61f7d646a8080c4.zip"
},
{
  "url": "https://www.bing.com/images/create/portrait-photo-of-a-female-dog-dressed-in-modern-i/1-657c16c875fb4d4489e3376427240983?id=NdhSqACbb7e2yPK1go%2btng%3d%3d&view=detailv2&idpp=genimg&idpbck=1&form=BICREC",
  "urlHash": "69d5a5e80368a741086329bb57d9ed95",
  "download": "https://api.apify.com/v2/key-value-stores/lA6uNXCqeLBiQIMIp/records/69d5a5e80368a741086329bb57d9ed95.zip"
},
{
  "url": "https://www.bing.com/images/create/portrait-photo-of-a-female-dog-dressed-in-modern-i/1-657c16c875fb4d4489e3376427240983?id=Ujqqp7f0wnvh9pRF8AzDZQ%3d%3d&view=detailv2&idpp=genimg&idpbck=1&form=BICREC",
  "urlHash": "4ed785ddd9f76d40e2ecffaba17c95d3",
  "download": "https://api.apify.com/v2/key-value-stores/lA6uNXCqeLBiQIMIp/records/4ed785ddd9f76d40e2ecffaba17c95d3.zip"
},
{
  "url": "https://www.bing.com/images/create/portrait-photo-of-a-female-dog-dressed-in-modern-i/1-657c16b16fc14b7a99179d99e9ecd74f?id=zbJ3VF%2bQuw2gQ%2f%2fu%2fjL35w%3d%3d&view=detailv2&idpp=genimg&idpbck=1&form=BICREC",
  "urlHash": "eed6bf20d8ae764c6bba1a37963c2407",
  "download": "https://api.apify.com/v2/key-value-stores/lA6uNXCqeLBiQIMIp/records/eed6bf20d8ae764c6bba1a37963c2407.zip"
},
{
  "url": "https://www.bing.com/images/create/portrait-photo-of-a-female-dog-dressed-in-modern-i/1-657c16b16fc14b7a99179d99e9ecd74f?id=xwL8xGtgClEK%2bAN8HUJYhg%3d%3d&view=detailv2&idpp=genimg&idpbck=1&form=BICREC",
  "urlHash": "723da961bc6cab85c2c63b3577d30ad4",
  "download": "https://api.apify.com/v2/key-value-stores/lA6uNXCqeLBiQIMIp/records/723da961bc6cab85c2c63b3577d30ad4.zip"
},
{
  "url": "https://www.bing.com/images/create/portrait-photo-of-a-female-dog-dressed-in-modern-i/1-657c16b16fc14b7a99179d99e9ecd74f?id=RlqHZ5StCSx1mpT36iLvBw%3d%3d&view=detailv2&idpp=genimg&idpbck=1&form=BICREC",
  "urlHash": "70863cf3daf8dac5b9a47d0e4c0911a3",
  "download": "https://api.apify.com/v2/key-value-stores/lA6uNXCqeLBiQIMIp/records/70863cf3daf8dac5b9a47d0e4c0911a3.zip"
},
{
  "url": "https://www.bing.com/images/create/portrait-photo-of-a-female-dog-dressed-in-modern-i/1-657c168c921a40709801d317d06ec27c?id=T%2bZC33IZPYtbKOjOqhNytw%3d%3d&view=detailv2&idpp=genimg&idpbck=1&form=BICREC",
  "urlHash": "1d31bc3d1ed41a0011c9d8e9c17ecba3",
  "download": "https://api.apify.com/v2/key-value-stores/lA6uNXCqeLBiQIMIp/records/1d31bc3d1ed41a0011c9d8e9c17ecba3.zip"
},
{
  "url": "https://www.bing.com/images/create/portrait-photo-of-a-female-dog-dressed-in-modern-i/1-657c16b16fc14b7a99179d99e9ecd74f?id=KOiI9wBVZUGRoLGJXUS8Yw%3d%3d&view=detailv2&idpp=genimg&idpbck=1&form=BICREC",
  "urlHash": "f5608d4e304354ddb354e18df99ef4f7",
  "download": "https://api.apify.com/v2/key-value-stores/lA6uNXCqeLBiQIMIp/records/f5608d4e304354ddb354e18df99ef4f7.zip"
},
{
  "url": "https://www.bing.com/images/create/portrait-photo-of-a-female-dog-dressed-in-modern-i/1-657c168c921a40709801d317d06ec27c?id=EPjhxzhiqMptz1DwdkByDA%3d%3d&view=detailv2&idpp=genimg&idpbck=1&form=BICREC",
  "urlHash": "dc53de2aaa93a3a9e30825aca2ccaec5",
  "download": "https://api.apify.com/v2/key-value-stores/lA6uNXCqeLBiQIMIp/records/dc53de2aaa93a3a9e30825aca2ccaec5.zip"
},
{
  "url": "https://www.bing.com/images/create/portrait-photo-of-a-female-dog-dressed-in-modern-i/1-657c168c921a40709801d317d06ec27c?id=pK4uV6be53%2b0PGKmRKEzuQ%3d%3d&view=detailv2&idpp=genimg&idpbck=1&form=BICREC",
  "urlHash": "2338caf180c291e83dbe13806bb630fd",
  "download": "https://api.apify.com/v2/key-value-stores/lA6uNXCqeLBiQIMIp/records/2338caf180c291e83dbe13806bb630fd.zip"
},
{
  "url": "https://www.bing.com/images/create/portrait-photo-of-a-female-dog-dressed-in-modern-i/1-657c1425339b4dfbac1be103c7b71761?id=gU3f3C%2fzSQkEmTAjMFQ%2fRw%3d%3d&view=detailv2&idpp=genimg&idpbck=1&form=BICREC",
  "urlHash": "a081a6a1ee82ea46c7c127ebddd2d029",
  "download": "https://api.apify.com/v2/key-value-stores/lA6uNXCqeLBiQIMIp/records/a081a6a1ee82ea46c7c127ebddd2d029.zip"
},
{
  "url": "https://www.bing.com/images/create/portrait-photo-of-a-female-dog-dressed-in-modern-i/1-657c1425339b4dfbac1be103c7b71761?id=yCNemnG9FJIJlP%2bcXeQt4g%3d%3d&view=detailv2&idpp=genimg&idpbck=1&form=BICREC",
  "urlHash": "ca0829f79ded65be9edce978bf7de342",
  "download": "https://api.apify.com/v2/key-value-stores/lA6uNXCqeLBiQIMIp/records/ca0829f79ded65be9edce978bf7de342.zip"
},
{
  "url": "https://www.bing.com/images/create/portrait-photo-of-a-female-dog-dressed-in-modern-i/1-657c168c921a40709801d317d06ec27c?id=T8KmfhynUIKLo8koEFn9GQ%3d%3d&view=detailv2&idpp=genimg&idpbck=1&form=BICREC",
  "urlHash": "fc16b1c3328515434b2399d1c4a46128",
  "download": "https://api.apify.com/v2/key-value-stores/lA6uNXCqeLBiQIMIp/records/fc16b1c3328515434b2399d1c4a46128.zip"
},
{
  "url": "https://www.bing.com/images/create/portrait-photo-of-a-female-dog-dressed-in-modern-i/1-657c1425339b4dfbac1be103c7b71761?id=OgntW0CY7MH1BW55cr2vWg%3d%3d&view=detailv2&idpp=genimg&idpbck=1&form=BICREC",
  "urlHash": "b3a550497712dfc0284131ce1d04ee2c",
  "download": "https://api.apify.com/v2/key-value-stores/lA6uNXCqeLBiQIMIp/records/b3a550497712dfc0284131ce1d04ee2c.zip"
},
{
  "url": "https://www.bing.com/images/create/portrait-photo-of-a-female-dog-dressed-in-modern-i/1-657c13fa40aa4871b70c37b29fc5bbb6?id=VB2Xw7G04%2fovh1d4puH1vg%3d%3d&view=detailv2&idpp=genimg&idpbck=1&form=BICREC",
  "urlHash": "dec59678eb49f3a5390e2aa5f60fa4fc",
  "download": "https://api.apify.com/v2/key-value-stores/lA6uNXCqeLBiQIMIp/records/dec59678eb49f3a5390e2aa5f60fa4fc.zip"
},
{
  "url": "https://www.bing.com/images/create/portrait-photo-of-a-female-dog-dressed-in-modern-i/1-657c1425339b4dfbac1be103c7b71761?id=tQZxXYcKm7oZ1x596VihQQ%3d%3d&view=detailv2&idpp=genimg&idpbck=1&form=BICREC",
  "urlHash": "34911813794bb3b80e684854825d23cc",
  "download": "https://api.apify.com/v2/key-value-stores/lA6uNXCqeLBiQIMIp/records/34911813794bb3b80e684854825d23cc.zip"
},
{
  "url": "https://www.bing.com/images/create/portrait-photo-of-a-female-dog-dressed-in-modern-i/1-657c13fa40aa4871b70c37b29fc5bbb6?id=ct8L9BT61s%2bCNnpPKHyKtA%3d%3d&view=detailv2&idpp=genimg&idpbck=1&form=BICREC",
  "urlHash": "f3cba72994677fce3be9c530de827c04",
  "download": "https://api.apify.com/v2/key-value-stores/lA6uNXCqeLBiQIMIp/records/f3cba72994677fce3be9c530de827c04.zip"
},
{
  "url": "https://www.bing.com/images/create/portrait-photo-of-a-female-dog-dressed-in-modern-i/1-657c13fa40aa4871b70c37b29fc5bbb6?id=ZnLsG2b6XgP59mX9VXJKgQ%3d%3d&view=detailv2&idpp=genimg&idpbck=1&form=BICREC",
  "urlHash": "eb504c80a51ccc57ff1db8ee9f98b2ce",
  "download": "https://api.apify.com/v2/key-value-stores/lA6uNXCqeLBiQIMIp/records/eb504c80a51ccc57ff1db8ee9f98b2ce.zip"
},
{
  "url": "https://www.bing.com/images/create/portrait-photo-of-a-female-dog-dressed-in-modern-i/1-657c13fa40aa4871b70c37b29fc5bbb6?id=m33dG%2b6gnpsprG8OUfc92w%3d%3d&view=detailv2&idpp=genimg&idpbck=1&form=BICREC",
  "urlHash": "50867a300661d04b8243e3462d87a1dc",
  "download": "https://api.apify.com/v2/key-value-stores/lA6uNXCqeLBiQIMIp/records/50867a300661d04b8243e3462d87a1dc.zip"
},
{
  "url": "https://www.bing.com/images/create/portrait-photo-of-a-female-dog-dressed-in-modern-i/1-657c139e79954c26b1dcde0c4f17d6f5?id=mOgkcSYzce6V%2fMhzt1v9tQ%3d%3d&view=detailv2&idpp=genimg&idpbck=1&form=BICREC",
  "urlHash": "2b25145c2af2a0cd22da8540af1a697a",
  "download": "https://api.apify.com/v2/key-value-stores/lA6uNXCqeLBiQIMIp/records/2b25145c2af2a0cd22da8540af1a697a.zip"
},
{
  "url": "https://www.bing.com/images/create/portrait-photo-of-a-female-dog-dressed-in-modern-i/1-657c139e79954c26b1dcde0c4f17d6f5?id=f5nO7wCaZbOUnD99IsJC0Q%3d%3d&view=detailv2&idpp=genimg&idpbck=1&form=BICREC",
  "urlHash": "57a5eae4e422548810df8815c5ddd05a",
  "download": "https://api.apify.com/v2/key-value-stores/lA6uNXCqeLBiQIMIp/records/57a5eae4e422548810df8815c5ddd05a.zip"
},
{
  "url": "https://www.bing.com/images/create/portrait-photo-of-a-female-dog-dressed-in-modern-i/1-657c139e79954c26b1dcde0c4f17d6f5?id=63ffsWcuQv4eMyANZjeQ2g%3d%3d&view=detailv2&idpp=genimg&idpbck=1&form=BICREC",
  "urlHash": "6844c3b3115520d76e665265b25b48fb",
  "download": "https://api.apify.com/v2/key-value-stores/lA6uNXCqeLBiQIMIp/records/6844c3b3115520d76e665265b25b48fb.zip"
},
{
  "url": "https://www.bing.com/images/create/portrait-photo-of-a-female-dog-dressed-in-modern-i/1-657c139e79954c26b1dcde0c4f17d6f5?id=g6NTh9MMUAez%2bO7idOmJyg%3d%3d&view=detailv2&idpp=genimg&idpbck=1&form=BICREC",
  "urlHash": "4a37a12169b4c121be6f2314531e437c",
  "download": "https://api.apify.com/v2/key-value-stores/lA6uNXCqeLBiQIMIp/records/4a37a12169b4c121be6f2314531e437c.zip"
},
{
  "url": "https://www.bing.com/images/create/portrait-photo-of-a-female-dog-dressed-in-modern-i/1-657c165b6dae4ffaa9e130f640e84fe0?id=6bb%2bH3nwPv9wHLw7%2bFXLrg%3d%3d&view=detailv2&idpp=genimg&idpbck=1&form=BICREC",
  "urlHash": "0f72edda728ef28eae62aed2d5d1cfa7",
  "download": "https://api.apify.com/v2/key-value-stores/lA6uNXCqeLBiQIMIp/records/0f72edda728ef28eae62aed2d5d1cfa7.zip"
},
{
  "url": "https://www.bing.com/images/create/portrait-photo-of-a-female-dog-dressed-in-modern-i/1-657c165b6dae4ffaa9e130f640e84fe0?id=EZw0L9IwVFWrwz%2fxDmArqA%3d%3d&view=detailv2&idpp=genimg&idpbck=1&form=BICREC",
  "urlHash": "ec34b8beef3ac91345290faf3c56e796",
  "download": "https://api.apify.com/v2/key-value-stores/lA6uNXCqeLBiQIMIp/records/ec34b8beef3ac91345290faf3c56e796.zip"
},
{
  "url": "https://www.bing.com/images/create/portrait-photo-of-a-female-dog-dressed-in-modern-i/1-657c165b6dae4ffaa9e130f640e84fe0?id=71LK%2fUewxUfIb0KSDOJIZA%3d%3d&view=detailv2&idpp=genimg&idpbck=1&form=BICREC",
  "urlHash": "f159c9b9f9bf73d798c88ea5aee67df6",
  "download": "https://api.apify.com/v2/key-value-stores/lA6uNXCqeLBiQIMIp/records/f159c9b9f9bf73d798c88ea5aee67df6.zip"
},
{
  "url": "https://www.bing.com/images/create/portrait-photo-of-a-female-dog-dressed-in-modern-i/1-657c165b6dae4ffaa9e130f640e84fe0?id=ueg7CGKPjJrYta84zdxPSw%3d%3d&view=detailv2&idpp=genimg&idpbck=1&form=BICREC",
  "urlHash": "70f5ff47b4a81e066ba0bcf14d8ac8d3",
  "download": "https://api.apify.com/v2/key-value-stores/lA6uNXCqeLBiQIMIp/records/70f5ff47b4a81e066ba0bcf14d8ac8d3.zip"
},
{
  "url": "https://www.bing.com/images/create/portrait-photo-of-a-female-dog-dressed-in-modern-i/1-657c163fc96f4223a34798100af8e0fa?id=6yxT8thE1WCCk2U2Ev%2bhOw%3d%3d&view=detailv2&idpp=genimg&idpbck=1&form=BICREC",
  "urlHash": "67390581656de22c65da8dc254c45de3",
  "download": "https://api.apify.com/v2/key-value-stores/lA6uNXCqeLBiQIMIp/records/67390581656de22c65da8dc254c45de3.zip"
},
{
  "url": "https://www.bing.com/images/create/portrait-photo-of-a-female-dog-dressed-in-modern-i/1-657c163fc96f4223a34798100af8e0fa?id=AzmZG4aMjgzyoVS6eKhwnw%3d%3d&view=detailv2&idpp=genimg&idpbck=1&form=BICREC",
  "urlHash": "b749e6ec906dcf123424cd6874c3e8fb",
  "download": "https://api.apify.com/v2/key-value-stores/lA6uNXCqeLBiQIMIp/records/b749e6ec906dcf123424cd6874c3e8fb.zip"
},
{
  "url": "https://www.bing.com/images/create/portrait-photo-of-a-female-dog-dressed-in-modern-i/1-657c163fc96f4223a34798100af8e0fa?id=8hyf70cLOV83QeUgWobK2A%3d%3d&view=detailv2&idpp=genimg&idpbck=1&form=BICREC",
  "urlHash": "8df63b9fcebfc4b03cf49b6b378ffbc8",
  "download": "https://api.apify.com/v2/key-value-stores/lA6uNXCqeLBiQIMIp/records/8df63b9fcebfc4b03cf49b6b378ffbc8.zip"
},
{
  "url": "https://www.bing.com/images/create/portrait-photo-of-a-female-dog-dressed-in-modern-i/1-657c163fc96f4223a34798100af8e0fa?id=kofYNCycxGE%2fkDwKgJHCcw%3d%3d&view=detailv2&idpp=genimg&idpbck=1&form=BICREC",
  "urlHash": "5e4b267ac73ab8b605204ca823691b80",
  "download": "https://api.apify.com/v2/key-value-stores/lA6uNXCqeLBiQIMIp/records/5e4b267ac73ab8b605204ca823691b80.zip"
},
{
  "url": "https://www.bing.com/images/create/portrait-photo-of-a-female-dog-dressed-in-modern-i/1-657c160d5f8b480fb15d15451dbf5680?id=iqHsVme%2fZralV42YLMHhSQ%3d%3d&view=detailv2&idpp=genimg&idpbck=1&form=BICREC",
  "urlHash": "f1b9384747399fcca92eff1a0eb16a17",
  "download": "https://api.apify.com/v2/key-value-stores/lA6uNXCqeLBiQIMIp/records/f1b9384747399fcca92eff1a0eb16a17.zip"
},
{
  "url": "https://www.bing.com/images/create/portrait-photo-of-a-female-dog-dressed-in-modern-i/1-657c160d5f8b480fb15d15451dbf5680?id=2yzYL448UruFrO9Mirs%2bLg%3d%3d&view=detailv2&idpp=genimg&idpbck=1&form=BICREC",
  "urlHash": "471bf1fbf477f9db3898886c8d65d748",
  "download": "https://api.apify.com/v2/key-value-stores/lA6uNXCqeLBiQIMIp/records/471bf1fbf477f9db3898886c8d65d748.zip"
},
{
  "url": "https://www.bing.com/images/create/portrait-photo-of-a-female-dog-dressed-in-modern-i/1-657c160d5f8b480fb15d15451dbf5680?id=AQMTla0UlPl1%2fcp21oxcwQ%3d%3d&view=detailv2&idpp=genimg&idpbck=1&form=BICREC",
  "urlHash": "d452613dc7fe05b5b076b7f674028cf2",
  "download": "https://api.apify.com/v2/key-value-stores/lA6uNXCqeLBiQIMIp/records/d452613dc7fe05b5b076b7f674028cf2.zip"
},
{
  "url": "https://www.bing.com/images/create/portrait-photo-of-a-female-dog-dressed-in-modern-i/1-657c15e13626447b934ee8b1ec6b29dc?id=3z6O7DmYuNTC5Vw4WYROsg%3d%3d&view=detailv2&idpp=genimg&idpbck=1&form=BICREC",
  "urlHash": "ff2b73b68d81fb6a3d539a6f8444be9d",
  "download": "https://api.apify.com/v2/key-value-stores/lA6uNXCqeLBiQIMIp/records/ff2b73b68d81fb6a3d539a6f8444be9d.zip"
},
{
  "url": "https://www.bing.com/images/create/portrait-photo-of-a-female-dog-dressed-in-modern-i/1-657c160d5f8b480fb15d15451dbf5680?id=c2SnFsxhfAsRgY9UQmTmNA%3d%3d&view=detailv2&idpp=genimg&idpbck=1&form=BICREC",
  "urlHash": "bd644f5076ac3eb51ff5ab636390c6bb",
  "download": "https://api.apify.com/v2/key-value-stores/lA6uNXCqeLBiQIMIp/records/bd644f5076ac3eb51ff5ab636390c6bb.zip"
},
{
  "url": "https://www.bing.com/images/create/portrait-photo-of-a-female-dog-dressed-in-modern-i/1-657c15e13626447b934ee8b1ec6b29dc?id=mWkLXEYXirzliTXLkRQHYw%3d%3d&view=detailv2&idpp=genimg&idpbck=1&form=BICREC",
  "urlHash": "16df9488b0ab81d47ebdfe54d76984f4",
  "download": "https://api.apify.com/v2/key-value-stores/lA6uNXCqeLBiQIMIp/records/16df9488b0ab81d47ebdfe54d76984f4.zip"
},
{
  "url": "https://www.bing.com/images/create/portrait-photo-of-a-female-dog-dressed-in-modern-i/1-657c15e13626447b934ee8b1ec6b29dc?id=NjzPkfNzDcufXFDJrjgvow%3d%3d&view=detailv2&idpp=genimg&idpbck=1&form=BICREC",
  "urlHash": "2e78a5d287abda23d8f6f7f4848a9529",
  "download": "https://api.apify.com/v2/key-value-stores/lA6uNXCqeLBiQIMIp/records/2e78a5d287abda23d8f6f7f4848a9529.zip"
},
{
  "url": "https://www.bing.com/images/create/portrait-photo-of-a-female-dog-dressed-in-modern-i/1-657c15e13626447b934ee8b1ec6b29dc?id=UL%2bQAsbncGcvOgIKt1uX1g%3d%3d&view=detailv2&idpp=genimg&idpbck=1&form=BICREC",
  "urlHash": "98f8193b0e3a1a41cc51e0f5c01497b2",
  "download": "https://api.apify.com/v2/key-value-stores/lA6uNXCqeLBiQIMIp/records/98f8193b0e3a1a41cc51e0f5c01497b2.zip"
},
{
  "url": "https://www.bing.com/images/create/portrait-photo-of-a-female-dog-dressed-in-modern-i/1-657c14eb68c44327a2c40bffecd1d0c2?id=zAqt7sSdaKV279oB1NttHA%3d%3d&view=detailv2&idpp=genimg&idpbck=1&form=BICREC",
  "urlHash": "12e6f9edd9d889bc7863c16d7c6a7844",
  "download": "https://api.apify.com/v2/key-value-stores/lA6uNXCqeLBiQIMIp/records/12e6f9edd9d889bc7863c16d7c6a7844.zip"
},
{
  "url": "https://www.bing.com/images/create/portrait-photo-of-a-female-dog-dressed-in-modern-i/1-657c14eb68c44327a2c40bffecd1d0c2?id=m8lV9Zfi1Jfdw02G1hczCA%3d%3d&view=detailv2&idpp=genimg&idpbck=1&form=BICREC",
  "urlHash": "b3661c0366e08d6856d2cf0d9e67c6a2",
  "download": "https://api.apify.com/v2/key-value-stores/lA6uNXCqeLBiQIMIp/records/b3661c0366e08d6856d2cf0d9e67c6a2.zip"
},
{
  "url": "https://www.bing.com/images/create/portrait-photo-of-a-female-dog-dressed-in-modern-i/1-657c14eb68c44327a2c40bffecd1d0c2?id=tvw6SUVYOCqyRiYobjx3%2bQ%3d%3d&view=detailv2&idpp=genimg&idpbck=1&form=BICREC",
  "urlHash": "b20242e967400520634cbfe7510b1383",
  "download": "https://api.apify.com/v2/key-value-stores/lA6uNXCqeLBiQIMIp/records/b20242e967400520634cbfe7510b1383.zip"
},
{
  "url": "https://www.bing.com/images/create/portrait-photo-of-a-female-dog-dressed-in-modern-i/1-657c14eb68c44327a2c40bffecd1d0c2?id=CYzsBDGXbs1lJ5zzFpm7Kg%3d%3d&view=detailv2&idpp=genimg&idpbck=1&form=BICREC",
  "urlHash": "27ba21f3b5e5808e37de66fd08cfcba4",
  "download": "https://api.apify.com/v2/key-value-stores/lA6uNXCqeLBiQIMIp/records/27ba21f3b5e5808e37de66fd08cfcba4.zip"
},
{
  "url": "https://www.bing.com/images/create/portrait-photo-of-a-female-dog-dressed-in-modern-i/1-657c14b8e90e4929aec42c470335c3a0?id=zvA%2bOEF1Kk2MyYGb7Bl03Q%3d%3d&view=detailv2&idpp=genimg&idpbck=1&form=BICREC",
  "urlHash": "ab722b8fa5c7a3b468ce440e024e4498",
  "download": "https://api.apify.com/v2/key-value-stores/lA6uNXCqeLBiQIMIp/records/ab722b8fa5c7a3b468ce440e024e4498.zip"
},
{
  "url": "https://www.bing.com/images/create/portrait-photo-of-a-female-dog-dressed-in-modern-i/1-657c14b8e90e4929aec42c470335c3a0?id=vTw%2bOxlj0eA9IP%2bNOGavGw%3d%3d&view=detailv2&idpp=genimg&idpbck=1&form=BICREC",
  "urlHash": "3432bd3007c21763bc116782511e456c",
  "download": "https://api.apify.com/v2/key-value-stores/lA6uNXCqeLBiQIMIp/records/3432bd3007c21763bc116782511e456c.zip"
},
{
  "url": "https://www.bing.com/images/create/portrait-photo-of-a-female-dog-dressed-in-modern-i/1-657c1498b8f64653b409856e5203507c?id=gvbvE7dAAI%2fDVJMZQopUhA%3d%3d&view=detailv2&idpp=genimg&idpbck=1&form=BICREC",
  "urlHash": "f44ca37990e0205f51eef03630d02cdd",
  "download": "https://api.apify.com/v2/key-value-stores/lA6uNXCqeLBiQIMIp/records/f44ca37990e0205f51eef03630d02cdd.zip"
},
{
  "url": "https://www.bing.com/images/create/portrait-photo-of-a-female-dog-dressed-in-modern-i/1-657c14b8e90e4929aec42c470335c3a0?id=Gz2Qffoi8o%2fTX4xMDoIjWw%3d%3d&view=detailv2&idpp=genimg&idpbck=1&form=BICREC",
  "urlHash": "d14aee45c8215539c96c3933153081a2",
  "download": "https://api.apify.com/v2/key-value-stores/lA6uNXCqeLBiQIMIp/records/d14aee45c8215539c96c3933153081a2.zip"
},
{
  "url": "https://www.bing.com/images/create/portrait-photo-of-a-female-dog-dressed-in-modern-i/1-657c1498b8f64653b409856e5203507c?id=GuCB1a56RJinJ4ZbR7uMGg%3d%3d&view=detailv2&idpp=genimg&idpbck=1&form=BICREC",
  "urlHash": "eb5d1c996343293e3217322f0e7c9542",
  "download": "https://api.apify.com/v2/key-value-stores/lA6uNXCqeLBiQIMIp/records/eb5d1c996343293e3217322f0e7c9542.zip"
},
{
  "url": "https://www.bing.com/images/create/portrait-photo-of-a-female-dog-dressed-in-modern-i/1-657c1498b8f64653b409856e5203507c?id=X0%2fsHhUnNWRBHc9i3iY%2fhA%3d%3d&view=detailv2&idpp=genimg&idpbck=1&form=BICREC",
  "urlHash": "b6f81600e6ebc93fe6ded873b9ca449d",
  "download": "https://api.apify.com/v2/key-value-stores/lA6uNXCqeLBiQIMIp/records/b6f81600e6ebc93fe6ded873b9ca449d.zip"
},
{
  "url": "https://www.bing.com/images/create/portrait-photo-of-a-female-dog-dressed-in-modern-i/1-657c14b8e90e4929aec42c470335c3a0?id=al8c1I8wevmDeBDF6l7Fqg%3d%3d&view=detailv2&idpp=genimg&idpbck=1&form=BICREC",
  "urlHash": "78d067d495c146a3efa0160b61cad4e0",
  "download": "https://api.apify.com/v2/key-value-stores/lA6uNXCqeLBiQIMIp/records/78d067d495c146a3efa0160b61cad4e0.zip"
},
{
  "url": "https://www.bing.com/images/create/portrait-photo-of-a-female-dog-dressed-in-modern-i/1-657c1498b8f64653b409856e5203507c?id=1Jr97i0LRaB4P2HY4TnFJg%3d%3d&view=detailv2&idpp=genimg&idpbck=1&form=BICREC",
  "urlHash": "a9b9c6b076c6ecc28f6549b6188abdf6",
  "download": "https://api.apify.com/v2/key-value-stores/lA6uNXCqeLBiQIMIp/records/a9b9c6b076c6ecc28f6549b6188abdf6.zip"
},
{
  "url": "https://www.bing.com/images/create/portrait-photo-of-a-female-dog-dressed-in-modern-i/1-657c146c7cbb4b47b096d9f337fc90b3?id=SG2tkYQVpNG0LA4dzsonjg%3d%3d&view=detailv2&idpp=genimg&idpbck=1&form=BICREC",
  "urlHash": "8ec6c4dbff06807ef37683abe4243f50",
  "download": "https://api.apify.com/v2/key-value-stores/lA6uNXCqeLBiQIMIp/records/8ec6c4dbff06807ef37683abe4243f50.zip"
},
{
  "url": "https://www.bing.com/images/create/portrait-photo-of-a-female-dog-dressed-in-modern-i/1-657c146c7cbb4b47b096d9f337fc90b3?id=adOyoX72Jy5nxjtEr0pvvg%3d%3d&view=detailv2&idpp=genimg&idpbck=1&form=BICREC",
  "urlHash": "0247706de37ee8283b17b1ca47cc963b",
  "download": "https://api.apify.com/v2/key-value-stores/lA6uNXCqeLBiQIMIp/records/0247706de37ee8283b17b1ca47cc963b.zip"
},
{
  "url": "https://www.bing.com/images/create/portrait-photo-of-a-female-dog-dressed-in-modern-i/1-657c146c7cbb4b47b096d9f337fc90b3?id=Vl92joeUSwLH1oBXXaRCrQ%3d%3d&view=detailv2&idpp=genimg&idpbck=1&form=BICREC",
  "urlHash": "8eafd6fcbe92154027b56d97d2ac6e8b",
  "download": "https://api.apify.com/v2/key-value-stores/lA6uNXCqeLBiQIMIp/records/8eafd6fcbe92154027b56d97d2ac6e8b.zip"
},
{
  "url": "https://www.bing.com/images/create/portrait-photo-of-a-female-dog-dressed-in-modern-i/1-657c146c7cbb4b47b096d9f337fc90b3?id=epYDKTgAWN3%2bkKGJRRNc%2bA%3d%3d&view=detailv2&idpp=genimg&idpbck=1&form=BICREC",
  "urlHash": "84fe887df8c28ffe2a8c51ec4572bfd2",
  "download": "https://api.apify.com/v2/key-value-stores/lA6uNXCqeLBiQIMIp/records/84fe887df8c28ffe2a8c51ec4572bfd2.zip"
}]