[{
  "url": "https://www.bing.com/images/create/portrait-photo-of-a-female-cat-dressed-in-modern-i/1-657ff77b14344c2987abe51803c02ae0?id=QPUmEhonOPR1Fq4Q5Oymrw%3d%3d&view=detailv2&idpp=genimg&idpbck=1&form=BICREC",
  "urlHash": "8da1fd0a70df1caad48a1bf89aa67dea",
  "download": "https://api.apify.com/v2/key-value-stores/PAe0wnthgLh5kvhRS/records/8da1fd0a70df1caad48a1bf89aa67dea.zip"
},
{
  "url": "https://www.bing.com/images/create/portrait-photo-of-a-female-cat-dressed-in-modern-i/1-657ff77b14344c2987abe51803c02ae0?id=RCC2jAjSjmI6gx37ICY%2bAw%3d%3d&view=detailv2&idpp=genimg&idpbck=1&form=BICREC",
  "urlHash": "33303cde3c69e91bd2c3122f1e6726d8",
  "download": "https://api.apify.com/v2/key-value-stores/PAe0wnthgLh5kvhRS/records/33303cde3c69e91bd2c3122f1e6726d8.zip"
},
{
  "url": "https://www.bing.com/images/create/portrait-photo-of-a-female-cat-dressed-in-modern-i/1-657ff77b14344c2987abe51803c02ae0?id=R9%2bIgOe2w0OADf8WgvvpZw%3d%3d&view=detailv2&idpp=genimg&idpbck=1&form=BICREC",
  "urlHash": "c368ab99638fd00b01f87aa03464af54",
  "download": "https://api.apify.com/v2/key-value-stores/PAe0wnthgLh5kvhRS/records/c368ab99638fd00b01f87aa03464af54.zip"
},
{
  "url": "https://www.bing.com/images/create/portrait-photo-of-a-female-cat-dressed-in-modern-i/1-657ff77b14344c2987abe51803c02ae0?id=XUPNrpav3DGk08jjJdlVLQ%3d%3d&view=detailv2&idpp=genimg&idpbck=1&form=BICREC",
  "urlHash": "783182326dfaf9371f48f1c283e9ffc5",
  "download": "https://api.apify.com/v2/key-value-stores/PAe0wnthgLh5kvhRS/records/783182326dfaf9371f48f1c283e9ffc5.zip"
},
{
  "url": "https://www.bing.com/images/create/portrait-photo-of-a-female-cat-dressed-in-modern-i/1-657ff7564b804bebbaa67f866850c053?id=KQTIoiHgN1lomdJGYJj8fw%3d%3d&view=detailv2&idpp=genimg&idpbck=1&form=BICREC",
  "urlHash": "cd29902be967cc00cb89e42c3cecbfe2",
  "download": "https://api.apify.com/v2/key-value-stores/PAe0wnthgLh5kvhRS/records/cd29902be967cc00cb89e42c3cecbfe2.zip"
},
{
  "url": "https://www.bing.com/images/create/portrait-photo-of-a-female-cat-dressed-in-modern-i/1-657ff7564b804bebbaa67f866850c053?id=kbMa2wHTSgmfxLImf9IzXA%3d%3d&view=detailv2&idpp=genimg&idpbck=1&form=BICREC",
  "urlHash": "0e596fa9f1739abb4514c4f8d60f491b",
  "download": "https://api.apify.com/v2/key-value-stores/PAe0wnthgLh5kvhRS/records/0e596fa9f1739abb4514c4f8d60f491b.zip"
},
{
  "url": "https://www.bing.com/images/create/portrait-photo-of-a-female-cat-dressed-in-modern-i/1-657ff7564b804bebbaa67f866850c053?id=E34iq9ByaE9Enq2DZpOufw%3d%3d&view=detailv2&idpp=genimg&idpbck=1&form=BICREC",
  "urlHash": "c9625e5bdb8e48fdb2a5d65b2970a1dc",
  "download": "https://api.apify.com/v2/key-value-stores/PAe0wnthgLh5kvhRS/records/c9625e5bdb8e48fdb2a5d65b2970a1dc.zip"
},
{
  "url": "https://www.bing.com/images/create/portrait-photo-of-a-female-cat-dressed-in-modern-i/1-657ff73b35d34459be8a8182db66fd90?id=DfDqkFY5YE8X6%2bADygMzsg%3d%3d&view=detailv2&idpp=genimg&idpbck=1&form=BICREC",
  "urlHash": "b7955916cf0ec3dd02ed64ab23fb07aa",
  "download": "https://api.apify.com/v2/key-value-stores/PAe0wnthgLh5kvhRS/records/b7955916cf0ec3dd02ed64ab23fb07aa.zip"
},
{
  "url": "https://www.bing.com/images/create/portrait-photo-of-a-female-cat-dressed-in-modern-i/1-657ff7564b804bebbaa67f866850c053?id=tpqq74ko1lYj%2fIbp1BGbsg%3d%3d&view=detailv2&idpp=genimg&idpbck=1&form=BICREC",
  "urlHash": "712ccd8ebdd04dfb64417678611eee45",
  "download": "https://api.apify.com/v2/key-value-stores/PAe0wnthgLh5kvhRS/records/712ccd8ebdd04dfb64417678611eee45.zip"
},
{
  "url": "https://www.bing.com/images/create/portrait-photo-of-a-female-cat-dressed-in-modern-i/1-657ff73b35d34459be8a8182db66fd90?id=%2bLmnvP4BRTiuE5ZpuumYsA%3d%3d&view=detailv2&idpp=genimg&idpbck=1&form=BICREC",
  "urlHash": "cf3931db770acce1f068d10d2a69e967",
  "download": "https://api.apify.com/v2/key-value-stores/PAe0wnthgLh5kvhRS/records/cf3931db770acce1f068d10d2a69e967.zip"
},
{
  "url": "https://www.bing.com/images/create/portrait-photo-of-a-female-cat-dressed-in-modern-i/1-657ff73b35d34459be8a8182db66fd90?id=MwmFI%2beq2QyDdA436bnUAQ%3d%3d&view=detailv2&idpp=genimg&idpbck=1&form=BICREC",
  "urlHash": "dfaf26fb5313e08de873009560f0386c",
  "download": "https://api.apify.com/v2/key-value-stores/PAe0wnthgLh5kvhRS/records/dfaf26fb5313e08de873009560f0386c.zip"
},
{
  "url": "https://www.bing.com/images/create/portrait-photo-of-a-female-cat-dressed-in-modern-i/1-657ff73b35d34459be8a8182db66fd90?id=ocPJSD1z1XU5nmblf8gxqA%3d%3d&view=detailv2&idpp=genimg&idpbck=1&form=BICREC",
  "urlHash": "6d5183378a57e4b41f100b71b63853d3",
  "download": "https://api.apify.com/v2/key-value-stores/PAe0wnthgLh5kvhRS/records/6d5183378a57e4b41f100b71b63853d3.zip"
},
{
  "url": "https://www.bing.com/images/create/portrait-photo-of-a-female-cat-dressed-in-modern-i/1-657ff71f811242d685f310c68453d442?id=U%2bvj8TGf5fFJ1v94pqjiBg%3d%3d&view=detailv2&idpp=genimg&idpbck=1&form=BICREC",
  "urlHash": "66c76e2b7978ff024a5de4970185f653",
  "download": "https://api.apify.com/v2/key-value-stores/PAe0wnthgLh5kvhRS/records/66c76e2b7978ff024a5de4970185f653.zip"
},
{
  "url": "https://www.bing.com/images/create/portrait-photo-of-a-female-cat-dressed-in-modern-i/1-657ff71f811242d685f310c68453d442?id=N4jT85iAIFWa7kNfXengKQ%3d%3d&view=detailv2&idpp=genimg&idpbck=1&form=BICREC",
  "urlHash": "0eb941546304ce4dfb524a46ee72b5d3",
  "download": "https://api.apify.com/v2/key-value-stores/PAe0wnthgLh5kvhRS/records/0eb941546304ce4dfb524a46ee72b5d3.zip"
},
{
  "url": "https://www.bing.com/images/create/portrait-photo-of-a-female-cat-dressed-in-modern-i/1-657ff71f811242d685f310c68453d442?id=ZNBdGeYsFcy5rQIpnGRhMw%3d%3d&view=detailv2&idpp=genimg&idpbck=1&form=BICREC",
  "urlHash": "5e3c0c676cdb16cc8a2648525ef2a208",
  "download": "https://api.apify.com/v2/key-value-stores/PAe0wnthgLh5kvhRS/records/5e3c0c676cdb16cc8a2648525ef2a208.zip"
},
{
  "url": "https://www.bing.com/images/create/portrait-photo-of-a-female-cat-dressed-in-modern-i/1-657ff8703ccd4039b24b2cc80a795d2f?id=N%2fHKuc%2bt5%2fLACNLRFOCGjg%3d%3d&view=detailv2&idpp=genimg&idpbck=1&form=BICREC",
  "urlHash": "e8f3d62dd52c05454dc3759d6ad917c9",
  "download": "https://api.apify.com/v2/key-value-stores/PAe0wnthgLh5kvhRS/records/e8f3d62dd52c05454dc3759d6ad917c9.zip"
},
{
  "url": "https://www.bing.com/images/create/portrait-photo-of-a-female-cat-dressed-in-modern-i/1-657ff71f811242d685f310c68453d442?id=IhsoMIqbwPzZr8CTglp55w%3d%3d&view=detailv2&idpp=genimg&idpbck=1&form=BICREC",
  "urlHash": "f7af9f033b7fed88a3d8ec6c45c9c2d7",
  "download": "https://api.apify.com/v2/key-value-stores/PAe0wnthgLh5kvhRS/records/f7af9f033b7fed88a3d8ec6c45c9c2d7.zip"
},
{
  "url": "https://www.bing.com/images/create/portrait-photo-of-a-female-cat-dressed-in-modern-i/1-657ff8703ccd4039b24b2cc80a795d2f?id=zKU98Y%2fPTfhderoUC7a7pg%3d%3d&view=detailv2&idpp=genimg&idpbck=1&form=BICREC",
  "urlHash": "b8c51ee7695cdc81c664be4ed3ac8958",
  "download": "https://api.apify.com/v2/key-value-stores/PAe0wnthgLh5kvhRS/records/b8c51ee7695cdc81c664be4ed3ac8958.zip"
},
{
  "url": "https://www.bing.com/images/create/portrait-photo-of-a-female-cat-dressed-in-modern-i/1-657ff8703ccd4039b24b2cc80a795d2f?id=X259mogAkRErYlryTu4jHw%3d%3d&view=detailv2&idpp=genimg&idpbck=1&form=BICREC",
  "urlHash": "8cc0ba6e15ec065f4b61169e466717d2",
  "download": "https://api.apify.com/v2/key-value-stores/PAe0wnthgLh5kvhRS/records/8cc0ba6e15ec065f4b61169e466717d2.zip"
},
{
  "url": "https://www.bing.com/images/create/portrait-photo-of-a-female-cat-dressed-in-modern-i/1-657ff8703ccd4039b24b2cc80a795d2f?id=0tA5aKjNlGM2EnxDLORCeQ%3d%3d&view=detailv2&idpp=genimg&idpbck=1&form=BICREC",
  "urlHash": "4e52d5631a383765c328ba1253dc7b6c",
  "download": "https://api.apify.com/v2/key-value-stores/PAe0wnthgLh5kvhRS/records/4e52d5631a383765c328ba1253dc7b6c.zip"
},
{
  "url": "https://www.bing.com/images/create/portrait-photo-of-a-female-cat-dressed-in-modern-i/1-657ff84d3c0b41c1ba1773e0091f07ea?id=IEZam9nEmSrer1UM6yCYNg%3d%3d&view=detailv2&idpp=genimg&idpbck=1&form=BICREC",
  "urlHash": "bc5f5b341c65feaaed12f74fc254c730",
  "download": "https://api.apify.com/v2/key-value-stores/PAe0wnthgLh5kvhRS/records/bc5f5b341c65feaaed12f74fc254c730.zip"
},
{
  "url": "https://www.bing.com/images/create/portrait-photo-of-a-female-cat-dressed-in-modern-i/1-657ff84d3c0b41c1ba1773e0091f07ea?id=ywLOgoduhfZ2jWnrKJ106A%3d%3d&view=detailv2&idpp=genimg&idpbck=1&form=BICREC",
  "urlHash": "6c6739a327c41edcadb1c6e9d50e19c5",
  "download": "https://api.apify.com/v2/key-value-stores/PAe0wnthgLh5kvhRS/records/6c6739a327c41edcadb1c6e9d50e19c5.zip"
},
{
  "url": "https://www.bing.com/images/create/portrait-photo-of-a-female-cat-dressed-in-modern-i/1-657ff84d3c0b41c1ba1773e0091f07ea?id=OmI5qEXO0d6JOVDVW9L7qg%3d%3d&view=detailv2&idpp=genimg&idpbck=1&form=BICREC",
  "urlHash": "b007c8bb6e2d5e59f12a416b3d3a5cb5",
  "download": "https://api.apify.com/v2/key-value-stores/PAe0wnthgLh5kvhRS/records/b007c8bb6e2d5e59f12a416b3d3a5cb5.zip"
},
{
  "url": "https://www.bing.com/images/create/portrait-photo-of-a-female-cat-dressed-in-modern-i/1-657ff84d3c0b41c1ba1773e0091f07ea?id=jsujfFs1Yqhq3aXF3hDKKg%3d%3d&view=detailv2&idpp=genimg&idpbck=1&form=BICREC",
  "urlHash": "8ff4219f8a5be9c3dcd1c21c3b2e5cbc",
  "download": "https://api.apify.com/v2/key-value-stores/PAe0wnthgLh5kvhRS/records/8ff4219f8a5be9c3dcd1c21c3b2e5cbc.zip"
},
{
  "url": "https://www.bing.com/images/create/portrait-photo-of-a-female-cat-dressed-in-modern-i/1-657ff7eeeeed40db879acf5f74162b83?id=B9mrijXxK1vvOd0Z7XqUcw%3d%3d&view=detailv2&idpp=genimg&idpbck=1&form=BICREC",
  "urlHash": "bfb840650020d98eb6c6aa1dabab42b1",
  "download": "https://api.apify.com/v2/key-value-stores/PAe0wnthgLh5kvhRS/records/bfb840650020d98eb6c6aa1dabab42b1.zip"
},
{
  "url": "https://www.bing.com/images/create/portrait-photo-of-a-female-cat-dressed-in-modern-i/1-657ff7eeeeed40db879acf5f74162b83?id=JOBU3OlHahuhkOS9yC84Kg%3d%3d&view=detailv2&idpp=genimg&idpbck=1&form=BICREC",
  "urlHash": "0b3e7bab05fa1a825ab6ac140aee2651",
  "download": "https://api.apify.com/v2/key-value-stores/PAe0wnthgLh5kvhRS/records/0b3e7bab05fa1a825ab6ac140aee2651.zip"
},
{
  "url": "https://www.bing.com/images/create/portrait-photo-of-a-female-cat-dressed-in-modern-i/1-657ff7eeeeed40db879acf5f74162b83?id=YQRBZj97VDJSzfsp6vnM2g%3d%3d&view=detailv2&idpp=genimg&idpbck=1&form=BICREC",
  "urlHash": "2fa2da733a36eb7deafccda3a981ce6e",
  "download": "https://api.apify.com/v2/key-value-stores/PAe0wnthgLh5kvhRS/records/2fa2da733a36eb7deafccda3a981ce6e.zip"
},
{
  "url": "https://www.bing.com/images/create/portrait-photo-of-a-female-cat-dressed-in-modern-i/1-657ff7eeeeed40db879acf5f74162b83?id=7SM4Qhx54WuHt%2bCWdrs8mg%3d%3d&view=detailv2&idpp=genimg&idpbck=1&form=BICREC",
  "urlHash": "dc8479c10a6b340e4525a1e0fb50590b",
  "download": "https://api.apify.com/v2/key-value-stores/PAe0wnthgLh5kvhRS/records/dc8479c10a6b340e4525a1e0fb50590b.zip"
},
{
  "url": "https://www.bing.com/images/create/portrait-photo-of-a-female-cat-dressed-in-modern-i/1-657ff7b2b18b4bc6ba3a864f5c00399b?id=BJfMYxKpFiSvLoQNxcQlZg%3d%3d&view=detailv2&idpp=genimg&idpbck=1&form=BICREC",
  "urlHash": "d73492b8851ae7d05b880d6ac7c673cf",
  "download": "https://api.apify.com/v2/key-value-stores/PAe0wnthgLh5kvhRS/records/d73492b8851ae7d05b880d6ac7c673cf.zip"
},
{
  "url": "https://www.bing.com/images/create/portrait-photo-of-a-female-cat-dressed-in-modern-i/1-657ff7b2b18b4bc6ba3a864f5c00399b?id=f9Wm%2fRSOUoI6O3nOpF1FVg%3d%3d&view=detailv2&idpp=genimg&idpbck=1&form=BICREC",
  "urlHash": "b532127ad928d46aba6e5c6557ba2def",
  "download": "https://api.apify.com/v2/key-value-stores/PAe0wnthgLh5kvhRS/records/b532127ad928d46aba6e5c6557ba2def.zip"
},
{
  "url": "https://www.bing.com/images/create/portrait-photo-of-a-female-cat-dressed-in-modern-i/1-657ff7b2b18b4bc6ba3a864f5c00399b?id=bz5%2fEbIdUBgcoGgsgDV9TQ%3d%3d&view=detailv2&idpp=genimg&idpbck=1&form=BICREC",
  "urlHash": "dd6324ce2b7140ccf17958b1a21a2242",
  "download": "https://api.apify.com/v2/key-value-stores/PAe0wnthgLh5kvhRS/records/dd6324ce2b7140ccf17958b1a21a2242.zip"
},
{
  "url": "https://www.bing.com/images/create/portrait-photo-of-a-female-cat-dressed-in-modern-i/1-657ff7b2b18b4bc6ba3a864f5c00399b?id=E5rasTQiuNg5PTRZc3iX0w%3d%3d&view=detailv2&idpp=genimg&idpbck=1&form=BICREC",
  "urlHash": "e1cb866f9d9d64bf964d0ee8f394dd88",
  "download": "https://api.apify.com/v2/key-value-stores/PAe0wnthgLh5kvhRS/records/e1cb866f9d9d64bf964d0ee8f394dd88.zip"
},
{
  "url": "https://www.bing.com/images/create/portrait-photo-of-a-female-cat-dressed-in-modern-i/1-657ff6fbbb714b7e92577abcabb7a069?id=3hjmWIkdqFa4di9H2Tk9TQ%3d%3d&view=detailv2&idpp=genimg&idpbck=1&form=BICREC",
  "urlHash": "169fa184bb53f36cd1592d0e15fda727",
  "download": "https://api.apify.com/v2/key-value-stores/PAe0wnthgLh5kvhRS/records/169fa184bb53f36cd1592d0e15fda727.zip"
},
{
  "url": "https://www.bing.com/images/create/portrait-photo-of-a-female-cat-dressed-in-modern-i/1-657ff6fbbb714b7e92577abcabb7a069?id=JoNXaF15Ye0y%2f%2fWiyFwpyg%3d%3d&view=detailv2&idpp=genimg&idpbck=1&form=BICREC",
  "urlHash": "2070fde27c988b2536e89c014d074512",
  "download": "https://api.apify.com/v2/key-value-stores/PAe0wnthgLh5kvhRS/records/2070fde27c988b2536e89c014d074512.zip"
},
{
  "url": "https://www.bing.com/images/create/portrait-photo-of-a-female-cat-dressed-in-modern-i/1-657ff6fbbb714b7e92577abcabb7a069?id=MTLEraTmIUws04vm9Sckcw%3d%3d&view=detailv2&idpp=genimg&idpbck=1&form=BICREC",
  "urlHash": "ccc952f560c9ceb29b734968a701ebb9",
  "download": "https://api.apify.com/v2/key-value-stores/PAe0wnthgLh5kvhRS/records/ccc952f560c9ceb29b734968a701ebb9.zip"
},
{
  "url": "https://www.bing.com/images/create/portrait-photo-of-a-female-cat-dressed-in-modern-i/1-657ff6fbbb714b7e92577abcabb7a069?id=3bDH8AfaeMdanfRdN1gtaA%3d%3d&view=detailv2&idpp=genimg&idpbck=1&form=BICREC",
  "urlHash": "f6e17af62d14e6a693e0e7a271cd17b1",
  "download": "https://api.apify.com/v2/key-value-stores/PAe0wnthgLh5kvhRS/records/f6e17af62d14e6a693e0e7a271cd17b1.zip"
},
{
  "url": "https://www.bing.com/images/create/portrait-photo-of-a-female-cat-dressed-in-modern-i/1-657ff6e01132419fb50252bfa32907e1?id=wpjSyfWKUHyINLgklq3Lbw%3d%3d&view=detailv2&idpp=genimg&idpbck=1&form=BICREC",
  "urlHash": "545c73d64c08284c9950cf48f30d249e",
  "download": "https://api.apify.com/v2/key-value-stores/PAe0wnthgLh5kvhRS/records/545c73d64c08284c9950cf48f30d249e.zip"
},
{
  "url": "https://www.bing.com/images/create/portrait-photo-of-a-female-cat-dressed-in-modern-i/1-657ff6e01132419fb50252bfa32907e1?id=4bK1k9EF0MR1nM%2bZSHtQQQ%3d%3d&view=detailv2&idpp=genimg&idpbck=1&form=BICREC",
  "urlHash": "6db61c0b1f0696586b393a54cb5fe075",
  "download": "https://api.apify.com/v2/key-value-stores/PAe0wnthgLh5kvhRS/records/6db61c0b1f0696586b393a54cb5fe075.zip"
},
{
  "url": "https://www.bing.com/images/create/portrait-photo-of-a-female-cat-dressed-in-modern-i/1-657ff6e01132419fb50252bfa32907e1?id=AcCoT23Hu27lHCXtveJgnw%3d%3d&view=detailv2&idpp=genimg&idpbck=1&form=BICREC",
  "urlHash": "c72a73ff7de696c71d5adf233caeb6dd",
  "download": "https://api.apify.com/v2/key-value-stores/PAe0wnthgLh5kvhRS/records/c72a73ff7de696c71d5adf233caeb6dd.zip"
},
{
  "url": "https://www.bing.com/images/create/portrait-photo-of-a-female-cat-dressed-in-modern-i/1-657ff6e01132419fb50252bfa32907e1?id=S1YNpssK6XCn8NJGg7XSyg%3d%3d&view=detailv2&idpp=genimg&idpbck=1&form=BICREC",
  "urlHash": "3f7113d1e4ad7e4b0b24283dc5352f3d",
  "download": "https://api.apify.com/v2/key-value-stores/PAe0wnthgLh5kvhRS/records/3f7113d1e4ad7e4b0b24283dc5352f3d.zip"
},
{
  "url": "https://www.bing.com/images/create/portrait-photo-of-a-female-cat-dressed-in-modern-i/1-657ff6be39aa40bf8016b1211bb58c79?id=lg6mZ1Jl%2bsArNwA13PnL2w%3d%3d&view=detailv2&idpp=genimg&idpbck=1&form=BICREC",
  "urlHash": "9aa089ec98e83df783bd00034edb2759",
  "download": "https://api.apify.com/v2/key-value-stores/PAe0wnthgLh5kvhRS/records/9aa089ec98e83df783bd00034edb2759.zip"
},
{
  "url": "https://www.bing.com/images/create/portrait-photo-of-a-female-cat-dressed-in-modern-i/1-657ff6be39aa40bf8016b1211bb58c79?id=LGYat6eUyG9SUnNvI8n4mA%3d%3d&view=detailv2&idpp=genimg&idpbck=1&form=BICREC",
  "urlHash": "58bbecd2bdb0fc09b6725708017b27ec",
  "download": "https://api.apify.com/v2/key-value-stores/PAe0wnthgLh5kvhRS/records/58bbecd2bdb0fc09b6725708017b27ec.zip"
},
{
  "url": "https://www.bing.com/images/create/portrait-photo-of-a-female-cat-dressed-in-modern-i/1-657ff6be39aa40bf8016b1211bb58c79?id=V%2bwaIRQNWKOLKy44YMaj2w%3d%3d&view=detailv2&idpp=genimg&idpbck=1&form=BICREC",
  "urlHash": "ffee60b02b6248c12092ad27c83c1c33",
  "download": "https://api.apify.com/v2/key-value-stores/PAe0wnthgLh5kvhRS/records/ffee60b02b6248c12092ad27c83c1c33.zip"
},
{
  "url": "https://www.bing.com/images/create/portrait-photo-of-a-female-cat-dressed-in-modern-i/1-657ff6be39aa40bf8016b1211bb58c79?id=uFEq6MPTCS3VOPxn1QkKzg%3d%3d&view=detailv2&idpp=genimg&idpbck=1&form=BICREC",
  "urlHash": "779aed60e56352c028d6b49c8bd10c3f",
  "download": "https://api.apify.com/v2/key-value-stores/PAe0wnthgLh5kvhRS/records/779aed60e56352c028d6b49c8bd10c3f.zip"
},
{
  "url": "https://www.bing.com/images/create/portrait-photo-of-a-female-cat-dressed-in-modern-i/1-657ff694eb62463485319d31b557e76e?id=r0CupNH6i4AdYoZUAAMcFA%3d%3d&view=detailv2&idpp=genimg&idpbck=1&form=BICREC",
  "urlHash": "ff64e5f7c49a0d783d2c681a20d92b4e",
  "download": "https://api.apify.com/v2/key-value-stores/PAe0wnthgLh5kvhRS/records/ff64e5f7c49a0d783d2c681a20d92b4e.zip"
},
{
  "url": "https://www.bing.com/images/create/portrait-photo-of-a-female-cat-dressed-in-modern-i/1-657ff694eb62463485319d31b557e76e?id=AISmK7YklcRObNnWTbKpGQ%3d%3d&view=detailv2&idpp=genimg&idpbck=1&form=BICREC",
  "urlHash": "2f02452bf39ad9d8b4cdb036481a7fe2",
  "download": "https://api.apify.com/v2/key-value-stores/PAe0wnthgLh5kvhRS/records/2f02452bf39ad9d8b4cdb036481a7fe2.zip"
},
{
  "url": "https://www.bing.com/images/create/portrait-photo-of-a-female-cat-dressed-in-modern-i/1-657ff694eb62463485319d31b557e76e?id=MEgM6IWZPMMHMuxQ7bH83Q%3d%3d&view=detailv2&idpp=genimg&idpbck=1&form=BICREC",
  "urlHash": "269d51013e6c3d175eb0ed15b26142ca",
  "download": "https://api.apify.com/v2/key-value-stores/PAe0wnthgLh5kvhRS/records/269d51013e6c3d175eb0ed15b26142ca.zip"
},
{
  "url": "https://www.bing.com/images/create/portrait-photo-of-a-female-cat-dressed-in-modern-i/1-657ff640e5f841459d63c24dd71b9714?id=180GM%2fKXY7RFfzOOOnFQrg%3d%3d&view=detailv2&idpp=genimg&idpbck=1&form=BICREC",
  "urlHash": "22461f9fd6144f56ffb690815fad8ab5",
  "download": "https://api.apify.com/v2/key-value-stores/PAe0wnthgLh5kvhRS/records/22461f9fd6144f56ffb690815fad8ab5.zip"
},
{
  "url": "https://www.bing.com/images/create/portrait-photo-of-a-female-cat-dressed-in-modern-i/1-657ff694eb62463485319d31b557e76e?id=SIgifVUzRwyiCwgZvCvwLA%3d%3d&view=detailv2&idpp=genimg&idpbck=1&form=BICREC",
  "urlHash": "4d4c5763c7e784125da79c0d4714ac06",
  "download": "https://api.apify.com/v2/key-value-stores/PAe0wnthgLh5kvhRS/records/4d4c5763c7e784125da79c0d4714ac06.zip"
},
{
  "url": "https://www.bing.com/images/create/portrait-photo-of-a-female-cat-dressed-in-modern-i/1-657ff640e5f841459d63c24dd71b9714?id=1zI4fTKOtupgQE3Fnr5xVg%3d%3d&view=detailv2&idpp=genimg&idpbck=1&form=BICREC",
  "urlHash": "3a1e146410cd9813a5cc34460de7db08",
  "download": "https://api.apify.com/v2/key-value-stores/PAe0wnthgLh5kvhRS/records/3a1e146410cd9813a5cc34460de7db08.zip"
},
{
  "url": "https://www.bing.com/images/create/portrait-photo-of-a-female-cat-dressed-in-modern-i/1-657ff640e5f841459d63c24dd71b9714?id=UHKkYbo85BU%2bp3IDadVmIg%3d%3d&view=detailv2&idpp=genimg&idpbck=1&form=BICREC",
  "urlHash": "086aecc6193ab82e18dfb4b0b2afec65",
  "download": "https://api.apify.com/v2/key-value-stores/PAe0wnthgLh5kvhRS/records/086aecc6193ab82e18dfb4b0b2afec65.zip"
},
{
  "url": "https://www.bing.com/images/create/portrait-photo-of-a-female-cat-dressed-in-modern-i/1-657ff640e5f841459d63c24dd71b9714?id=x5l6hmVi10L1PqL%2fEcWC7w%3d%3d&view=detailv2&idpp=genimg&idpbck=1&form=BICREC",
  "urlHash": "b11ef123d4b6478d7d511d1b732c0dab",
  "download": "https://api.apify.com/v2/key-value-stores/PAe0wnthgLh5kvhRS/records/b11ef123d4b6478d7d511d1b732c0dab.zip"
},
{
  "url": "https://www.bing.com/images/create/portrait-photo-of-a-female-cat-dressed-in-modern-i/1-657ff61febf142ab816b1fb8c9cd6211?id=SpEHFBCaub4y5qMO8FNDVQ%3d%3d&view=detailv2&idpp=genimg&idpbck=1&form=BICREC",
  "urlHash": "42f631bd634d85c7e84ab847f74f35f8",
  "download": "https://api.apify.com/v2/key-value-stores/PAe0wnthgLh5kvhRS/records/42f631bd634d85c7e84ab847f74f35f8.zip"
},
{
  "url": "https://www.bing.com/images/create/portrait-photo-of-a-female-cat-dressed-in-modern-i/1-657ff61febf142ab816b1fb8c9cd6211?id=0%2bsJE%2fCqPO%2bJK93dKnhp5Q%3d%3d&view=detailv2&idpp=genimg&idpbck=1&form=BICREC",
  "urlHash": "18d01d8c44486c0aa79239d8759e2256",
  "download": "https://api.apify.com/v2/key-value-stores/PAe0wnthgLh5kvhRS/records/18d01d8c44486c0aa79239d8759e2256.zip"
},
{
  "url": "https://www.bing.com/images/create/portrait-photo-of-a-female-cat-dressed-in-modern-i/1-657ff61febf142ab816b1fb8c9cd6211?id=DwHBbBekBULmU8KST20%2bQA%3d%3d&view=detailv2&idpp=genimg&idpbck=1&form=BICREC",
  "urlHash": "013c0edc34569b4a9f8d97f22bedc148",
  "download": "https://api.apify.com/v2/key-value-stores/PAe0wnthgLh5kvhRS/records/013c0edc34569b4a9f8d97f22bedc148.zip"
},
{
  "url": "https://www.bing.com/images/create/portrait-photo-of-a-female-cat-dressed-in-modern-i/1-657ff61febf142ab816b1fb8c9cd6211?id=y7iE7BYPHuGKectRF6m3XA%3d%3d&view=detailv2&idpp=genimg&idpbck=1&form=BICREC",
  "urlHash": "5e505625038d713456aea2cd8c8a66dd",
  "download": "https://api.apify.com/v2/key-value-stores/PAe0wnthgLh5kvhRS/records/5e505625038d713456aea2cd8c8a66dd.zip"
},
{
  "url": "https://www.bing.com/images/create/portrait-photo-of-a-female-cat-dressed-in-modern-i/1-657ff600ff8f4b23980b59eaa1e0dcb8?id=Hls9f5Jj4jVN0XtFbboYUg%3d%3d&view=detailv2&idpp=genimg&idpbck=1&form=BICREC",
  "urlHash": "5843697aaada0eb108423b5cea5af506",
  "download": "https://api.apify.com/v2/key-value-stores/PAe0wnthgLh5kvhRS/records/5843697aaada0eb108423b5cea5af506.zip"
},
{
  "url": "https://www.bing.com/images/create/portrait-photo-of-a-female-cat-dressed-in-modern-i/1-657ff600ff8f4b23980b59eaa1e0dcb8?id=AG8fNt5qP7yauQKrNFljbQ%3d%3d&view=detailv2&idpp=genimg&idpbck=1&form=BICREC",
  "urlHash": "5379e99e330b225fb412d2143daa4806",
  "download": "https://api.apify.com/v2/key-value-stores/PAe0wnthgLh5kvhRS/records/5379e99e330b225fb412d2143daa4806.zip"
},
{
  "url": "https://www.bing.com/images/create/portrait-photo-of-a-female-cat-dressed-in-modern-i/1-657ff600ff8f4b23980b59eaa1e0dcb8?id=UVfgXGE%2fVgpnaTz4v2Ns%2bA%3d%3d&view=detailv2&idpp=genimg&idpbck=1&form=BICREC",
  "urlHash": "b4758aea4759ab9bb5c98472ed6b7c2b",
  "download": "https://api.apify.com/v2/key-value-stores/PAe0wnthgLh5kvhRS/records/b4758aea4759ab9bb5c98472ed6b7c2b.zip"
},
{
  "url": "https://www.bing.com/images/create/portrait-photo-of-a-female-cat-dressed-in-modern-i/1-657ff600ff8f4b23980b59eaa1e0dcb8?id=RKTTEE0m0cu3BB83EEP%2fHA%3d%3d&view=detailv2&idpp=genimg&idpbck=1&form=BICREC",
  "urlHash": "fcaa27870f33122f9c4a0cf7db55dc1e",
  "download": "https://api.apify.com/v2/key-value-stores/PAe0wnthgLh5kvhRS/records/fcaa27870f33122f9c4a0cf7db55dc1e.zip"
},
{
  "url": "https://www.bing.com/images/create/portrait-photo-of-a-female-cat-dressed-in-modern-i/1-657ff5d79db84aa2bdd3518cc97266d2?id=UpsI76L1M%2boqx3GQDO4PJQ%3d%3d&view=detailv2&idpp=genimg&idpbck=1&form=BICREC",
  "urlHash": "572c8162fdde0d658f82e0e13a10199b",
  "download": "https://api.apify.com/v2/key-value-stores/PAe0wnthgLh5kvhRS/records/572c8162fdde0d658f82e0e13a10199b.zip"
},
{
  "url": "https://www.bing.com/images/create/portrait-photo-of-a-female-cat-dressed-in-modern-i/1-657ff5d79db84aa2bdd3518cc97266d2?id=ptQshLHf5L2Zvzkgq7ui9Q%3d%3d&view=detailv2&idpp=genimg&idpbck=1&form=BICREC",
  "urlHash": "87b7d5e8d08205442d3be208fd0d87b9",
  "download": "https://api.apify.com/v2/key-value-stores/PAe0wnthgLh5kvhRS/records/87b7d5e8d08205442d3be208fd0d87b9.zip"
},
{
  "url": "https://www.bing.com/images/create/portrait-photo-of-a-female-cat-dressed-in-modern-i/1-657ff5d79db84aa2bdd3518cc97266d2?id=Bs8w556XXNta77AikWr3bQ%3d%3d&view=detailv2&idpp=genimg&idpbck=1&form=BICREC",
  "urlHash": "e672a53d49e3e1e28e0cbb9eac9108f7",
  "download": "https://api.apify.com/v2/key-value-stores/PAe0wnthgLh5kvhRS/records/e672a53d49e3e1e28e0cbb9eac9108f7.zip"
},
{
  "url": "https://www.bing.com/images/create/portrait-photo-of-a-female-cat-dressed-in-modern-i/1-657ff96804c749b2b4d548f963554c51?id=by83R0tNOFwYbNGdYsPEVA%3d%3d&view=detailv2&idpp=genimg&idpbck=1&form=BICREC",
  "urlHash": "213bef2bdc82cadfdb28ee9449a3d924",
  "download": "https://api.apify.com/v2/key-value-stores/PAe0wnthgLh5kvhRS/records/213bef2bdc82cadfdb28ee9449a3d924.zip"
},
{
  "url": "https://www.bing.com/images/create/portrait-photo-of-a-female-cat-dressed-in-modern-i/1-657ff96804c749b2b4d548f963554c51?id=81O2yNotC36m9GOClpQNCA%3d%3d&view=detailv2&idpp=genimg&idpbck=1&form=BICREC",
  "urlHash": "368508649f961b6cb06b5227eeee0551",
  "download": "https://api.apify.com/v2/key-value-stores/PAe0wnthgLh5kvhRS/records/368508649f961b6cb06b5227eeee0551.zip"
},
{
  "url": "https://www.bing.com/images/create/portrait-photo-of-a-female-cat-dressed-in-modern-i/1-657ff96804c749b2b4d548f963554c51?id=F0H%2fMf22NJEWZT5tQC72nA%3d%3d&view=detailv2&idpp=genimg&idpbck=1&form=BICREC",
  "urlHash": "9df3ff1ce1d1840fc513fac996178771",
  "download": "https://api.apify.com/v2/key-value-stores/PAe0wnthgLh5kvhRS/records/9df3ff1ce1d1840fc513fac996178771.zip"
},
{
  "url": "https://www.bing.com/images/create/portrait-photo-of-a-female-cat-dressed-in-modern-i/1-657ff5d79db84aa2bdd3518cc97266d2?id=6z6ycIopne2cEjjbDUVPdg%3d%3d&view=detailv2&idpp=genimg&idpbck=1&form=BICREC",
  "urlHash": "f23c7ae5e9aed9450145088f0988f295",
  "download": "https://api.apify.com/v2/key-value-stores/PAe0wnthgLh5kvhRS/records/f23c7ae5e9aed9450145088f0988f295.zip"
},
{
  "url": "https://www.bing.com/images/create/portrait-photo-of-a-female-cat-dressed-in-modern-i/1-657ff96804c749b2b4d548f963554c51?id=Ekc0Bl3ZPip377dmkBoQWQ%3d%3d&view=detailv2&idpp=genimg&idpbck=1&form=BICREC",
  "urlHash": "aef0930a221feea31b40c776b9273be2",
  "download": "https://api.apify.com/v2/key-value-stores/PAe0wnthgLh5kvhRS/records/aef0930a221feea31b40c776b9273be2.zip"
},
{
  "url": "https://www.bing.com/images/create/portrait-photo-of-a-female-cat-dressed-in-modern-i/1-657ff93344d84a8fb566ed569ccaec19?id=lVT105LTidPZ8qsEJJkGaQ%3d%3d&view=detailv2&idpp=genimg&idpbck=1&form=BICREC",
  "urlHash": "f04b0fac78d2f01ded42a376b58e0564",
  "download": "https://api.apify.com/v2/key-value-stores/PAe0wnthgLh5kvhRS/records/f04b0fac78d2f01ded42a376b58e0564.zip"
},
{
  "url": "https://www.bing.com/images/create/portrait-photo-of-a-female-cat-dressed-in-modern-i/1-657ff93344d84a8fb566ed569ccaec19?id=OGcAL8ZgwI8g1qgP15gOuw%3d%3d&view=detailv2&idpp=genimg&idpbck=1&form=BICREC",
  "urlHash": "835d7f6815944ecde4e16643ecd9c337",
  "download": "https://api.apify.com/v2/key-value-stores/PAe0wnthgLh5kvhRS/records/835d7f6815944ecde4e16643ecd9c337.zip"
},
{
  "url": "https://www.bing.com/images/create/portrait-photo-of-a-female-cat-dressed-in-modern-i/1-657ff908fc2740a48353475ac7feadfa?id=lblbVfYyOjFeFSdoGYxOwQ%3d%3d&view=detailv2&idpp=genimg&idpbck=1&form=BICREC",
  "urlHash": "fa283879212015e03346c66e9dc0706f",
  "download": "https://api.apify.com/v2/key-value-stores/PAe0wnthgLh5kvhRS/records/fa283879212015e03346c66e9dc0706f.zip"
},
{
  "url": "https://www.bing.com/images/create/portrait-photo-of-a-female-cat-dressed-in-modern-i/1-657ff908fc2740a48353475ac7feadfa?id=GPKvn7MhmUWD5vXnLPgd5A%3d%3d&view=detailv2&idpp=genimg&idpbck=1&form=BICREC",
  "urlHash": "da2e830aaf6ccd95fe8e571599da0505",
  "download": "https://api.apify.com/v2/key-value-stores/PAe0wnthgLh5kvhRS/records/da2e830aaf6ccd95fe8e571599da0505.zip"
},
{
  "url": "https://www.bing.com/images/create/portrait-photo-of-a-female-cat-dressed-in-modern-i/1-657ff908fc2740a48353475ac7feadfa?id=gQ8C9x%2fYwOFpZ0XT%2bGwPgQ%3d%3d&view=detailv2&idpp=genimg&idpbck=1&form=BICREC",
  "urlHash": "4c550c8acc06e09b59a6761bc9b9b818",
  "download": "https://api.apify.com/v2/key-value-stores/PAe0wnthgLh5kvhRS/records/4c550c8acc06e09b59a6761bc9b9b818.zip"
},
{
  "url": "https://www.bing.com/images/create/portrait-photo-of-a-female-cat-dressed-in-modern-i/1-657ff8c6bf834ab9ada23e068f200967?id=fpuxuC4fo833WqD3jFTqEw%3d%3d&view=detailv2&idpp=genimg&idpbck=1&form=BICREC",
  "urlHash": "603beb1a74566ad55d6e139689d6d42a",
  "download": "https://api.apify.com/v2/key-value-stores/PAe0wnthgLh5kvhRS/records/603beb1a74566ad55d6e139689d6d42a.zip"
},
{
  "url": "https://www.bing.com/images/create/portrait-photo-of-a-female-cat-dressed-in-modern-i/1-657ff8c6bf834ab9ada23e068f200967?id=1A56nlGdAB6uQ34MZd9Uzg%3d%3d&view=detailv2&idpp=genimg&idpbck=1&form=BICREC",
  "urlHash": "b70dde3abf4e7298f35c66da9126dd0c",
  "download": "https://api.apify.com/v2/key-value-stores/PAe0wnthgLh5kvhRS/records/b70dde3abf4e7298f35c66da9126dd0c.zip"
},
{
  "url": "https://www.bing.com/images/create/portrait-photo-of-a-female-cat-dressed-in-modern-i/1-657ff8c6bf834ab9ada23e068f200967?id=1mS5xU4YQfgnRBrb%2bkNUMA%3d%3d&view=detailv2&idpp=genimg&idpbck=1&form=BICREC",
  "urlHash": "14066ac6d31674dfe09047502e9c5e47",
  "download": "https://api.apify.com/v2/key-value-stores/PAe0wnthgLh5kvhRS/records/14066ac6d31674dfe09047502e9c5e47.zip"
},
{
  "url": "https://www.bing.com/images/create/portrait-photo-of-a-female-cat-dressed-in-modern-i/1-657ff8c6bf834ab9ada23e068f200967?id=pa%2b1zU8lBgcVP2daZ5TzlQ%3d%3d&view=detailv2&idpp=genimg&idpbck=1&form=BICREC",
  "urlHash": "50da98fb70dbd0b596a91ba282303c1b",
  "download": "https://api.apify.com/v2/key-value-stores/PAe0wnthgLh5kvhRS/records/50da98fb70dbd0b596a91ba282303c1b.zip"
},
{
  "url": "https://www.bing.com/images/create/portrait-photo-of-a-female-dog-dressed-in-modern-i/1-657ff28b07a84cec8c1e191cfb8c56ba?id=UtPk7aRNBAf3p3VnaT5usQ%3d%3d&view=detailv2&idpp=genimg&idpbck=1&form=BICREC",
  "urlHash": "87944cd209d059b1fdc3565e0f38e8b9",
  "download": "https://api.apify.com/v2/key-value-stores/PAe0wnthgLh5kvhRS/records/87944cd209d059b1fdc3565e0f38e8b9.zip"
},
{
  "url": "https://www.bing.com/images/create/portrait-photo-of-a-female-dog-dressed-in-modern-i/1-657ff28b07a84cec8c1e191cfb8c56ba?id=dpYerDPvlOgEt8kzw8EDBw%3d%3d&view=detailv2&idpp=genimg&idpbck=1&form=BICREC",
  "urlHash": "9b9a4beb91bb3ca8b07c815113d10c04",
  "download": "https://api.apify.com/v2/key-value-stores/PAe0wnthgLh5kvhRS/records/9b9a4beb91bb3ca8b07c815113d10c04.zip"
},
{
  "url": "https://www.bing.com/images/create/portrait-photo-of-a-female-dog-dressed-in-modern-i/1-657ff28b07a84cec8c1e191cfb8c56ba?id=sCOOC1REMgYW0URk6BM2XQ%3d%3d&view=detailv2&idpp=genimg&idpbck=1&form=BICREC",
  "urlHash": "6d2c8af61e876eb4e1e1a1340719098b",
  "download": "https://api.apify.com/v2/key-value-stores/PAe0wnthgLh5kvhRS/records/6d2c8af61e876eb4e1e1a1340719098b.zip"
},
{
  "url": "https://www.bing.com/images/create/portrait-photo-of-a-female-dog-dressed-in-modern-i/1-657ff28b07a84cec8c1e191cfb8c56ba?id=FYIUSo75R0ddWkengxlG7w%3d%3d&view=detailv2&idpp=genimg&idpbck=1&form=BICREC",
  "urlHash": "bff378d9e6940496439cb2783f2d3409",
  "download": "https://api.apify.com/v2/key-value-stores/PAe0wnthgLh5kvhRS/records/bff378d9e6940496439cb2783f2d3409.zip"
},
{
  "url": "https://www.bing.com/images/create/portrait-photo-of-a-female-dog-dressed-in-modern-i/1-657ff25397404a7fab871313f560cb31?id=9xTDlnB6rFYaBDRlH6vxVw%3d%3d&view=detailv2&idpp=genimg&idpbck=1&form=BICREC",
  "urlHash": "ed27bd6590b3835396bb6747cff38e8c",
  "download": "https://api.apify.com/v2/key-value-stores/PAe0wnthgLh5kvhRS/records/ed27bd6590b3835396bb6747cff38e8c.zip"
},
{
  "url": "https://www.bing.com/images/create/portrait-photo-of-a-female-dog-dressed-in-modern-i/1-657ff25397404a7fab871313f560cb31?id=AlqTGk15n7nPp%2bOa3jG0zw%3d%3d&view=detailv2&idpp=genimg&idpbck=1&form=BICREC",
  "urlHash": "22a06336049cae95e054c3d6510ad801",
  "download": "https://api.apify.com/v2/key-value-stores/PAe0wnthgLh5kvhRS/records/22a06336049cae95e054c3d6510ad801.zip"
},
{
  "url": "https://www.bing.com/images/create/portrait-photo-of-a-female-dog-dressed-in-modern-i/1-657ff25397404a7fab871313f560cb31?id=IEX4VNUT9tKdm47EAGnuyw%3d%3d&view=detailv2&idpp=genimg&idpbck=1&form=BICREC",
  "urlHash": "f3f5c97b354a9baea74897e4d39fe55c",
  "download": "https://api.apify.com/v2/key-value-stores/PAe0wnthgLh5kvhRS/records/f3f5c97b354a9baea74897e4d39fe55c.zip"
},
{
  "url": "https://www.bing.com/images/create/portrait-photo-of-a-female-dog-dressed-in-modern-i/1-657ff25397404a7fab871313f560cb31?id=h7JxGZBhoCG8RNVtHKeUhA%3d%3d&view=detailv2&idpp=genimg&idpbck=1&form=BICREC",
  "urlHash": "dc935772e58fc0fa76a0752c161137d2",
  "download": "https://api.apify.com/v2/key-value-stores/PAe0wnthgLh5kvhRS/records/dc935772e58fc0fa76a0752c161137d2.zip"
},
{
  "url": "https://www.bing.com/images/create/portrait-photo-of-a-female-dog-dressed-in-modern-i/1-657ff221166d4b53bfa32c1989c906dd?id=XxXlzmEFUQAG6AjUcfy3GA%3d%3d&view=detailv2&idpp=genimg&idpbck=1&form=BICREC",
  "urlHash": "a6e8bd6739a98ac1ddfed2ca95de13a8",
  "download": "https://api.apify.com/v2/key-value-stores/PAe0wnthgLh5kvhRS/records/a6e8bd6739a98ac1ddfed2ca95de13a8.zip"
},
{
  "url": "https://www.bing.com/images/create/portrait-photo-of-a-female-dog-dressed-in-modern-i/1-657ff221166d4b53bfa32c1989c906dd?id=FskBwb6sbdJ9gWQG6Xh9zA%3d%3d&view=detailv2&idpp=genimg&idpbck=1&form=BICREC",
  "urlHash": "3bb0da11b7332bf6e4a7a652aa379ae2",
  "download": "https://api.apify.com/v2/key-value-stores/PAe0wnthgLh5kvhRS/records/3bb0da11b7332bf6e4a7a652aa379ae2.zip"
},
{
  "url": "https://www.bing.com/images/create/portrait-photo-of-a-female-dog-dressed-in-modern-i/1-657ff221166d4b53bfa32c1989c906dd?id=8wf%2fvpb7xAAa2BW5bzAzNw%3d%3d&view=detailv2&idpp=genimg&idpbck=1&form=BICREC",
  "urlHash": "6efa3e6e97a2382b1d3574cc27fa1909",
  "download": "https://api.apify.com/v2/key-value-stores/PAe0wnthgLh5kvhRS/records/6efa3e6e97a2382b1d3574cc27fa1909.zip"
},
{
  "url": "https://www.bing.com/images/create/portrait-photo-of-a-female-dog-dressed-in-modern-i/1-657ff1fe8c83438b89dfca1a466e4a14?id=E9pMBCQ%2f4jwNagN9wvqJqg%3d%3d&view=detailv2&idpp=genimg&idpbck=1&form=BICREC",
  "urlHash": "dd02e9f964ff894a9ef0232ee91ba97a",
  "download": "https://api.apify.com/v2/key-value-stores/PAe0wnthgLh5kvhRS/records/dd02e9f964ff894a9ef0232ee91ba97a.zip"
},
{
  "url": "https://www.bing.com/images/create/portrait-photo-of-a-female-dog-dressed-in-modern-i/1-657ff221166d4b53bfa32c1989c906dd?id=e9LLLhsCtHafEKRHlE1KaA%3d%3d&view=detailv2&idpp=genimg&idpbck=1&form=BICREC",
  "urlHash": "1aed30421e39226451e93f4d02b8ab8a",
  "download": "https://api.apify.com/v2/key-value-stores/PAe0wnthgLh5kvhRS/records/1aed30421e39226451e93f4d02b8ab8a.zip"
},
{
  "url": "https://www.bing.com/images/create/portrait-photo-of-a-female-dog-dressed-in-modern-i/1-657ff1fe8c83438b89dfca1a466e4a14?id=jr7SeoOs3zIu5VKb66LXvg%3d%3d&view=detailv2&idpp=genimg&idpbck=1&form=BICREC",
  "urlHash": "5517feb41450c81a00fd6a5eed4d143e",
  "download": "https://api.apify.com/v2/key-value-stores/PAe0wnthgLh5kvhRS/records/5517feb41450c81a00fd6a5eed4d143e.zip"
},
{
  "url": "https://www.bing.com/images/create/portrait-photo-of-a-female-dog-dressed-in-modern-i/1-657ff1fe8c83438b89dfca1a466e4a14?id=g1N6dAoAWBgfkw3Nz6Y5xw%3d%3d&view=detailv2&idpp=genimg&idpbck=1&form=BICREC",
  "urlHash": "57279d0f6f6bd97b649fd2409d58ce7f",
  "download": "https://api.apify.com/v2/key-value-stores/PAe0wnthgLh5kvhRS/records/57279d0f6f6bd97b649fd2409d58ce7f.zip"
},
{
  "url": "https://www.bing.com/images/create/portrait-photo-of-a-female-dog-dressed-in-modern-i/1-657ff1fe8c83438b89dfca1a466e4a14?id=vSOmNbbqusb6kAwdkj1j0A%3d%3d&view=detailv2&idpp=genimg&idpbck=1&form=BICREC",
  "urlHash": "685795d19900a061f77bbd7b1cd738db",
  "download": "https://api.apify.com/v2/key-value-stores/PAe0wnthgLh5kvhRS/records/685795d19900a061f77bbd7b1cd738db.zip"
},
{
  "url": "https://www.bing.com/images/create/portrait-photo-of-a-female-dog-dressed-in-modern-i/1-657ff54975ab4f9d827bc8a91028fb17?id=l%2bOoZqN%2bT6uYobo%2fIrZQRg%3d%3d&view=detailv2&idpp=genimg&idpbck=1&form=BICREC",
  "urlHash": "7bc7eed23ec17131407d02455e92dbdf",
  "download": "https://api.apify.com/v2/key-value-stores/PAe0wnthgLh5kvhRS/records/7bc7eed23ec17131407d02455e92dbdf.zip"
},
{
  "url": "https://www.bing.com/images/create/portrait-photo-of-a-female-dog-dressed-in-modern-i/1-657ff54975ab4f9d827bc8a91028fb17?id=jD%2bhUXMRNj2L03zjUsaLVg%3d%3d&view=detailv2&idpp=genimg&idpbck=1&form=BICREC",
  "urlHash": "36cfe47ffff35a5d4f7be66115b8b147",
  "download": "https://api.apify.com/v2/key-value-stores/PAe0wnthgLh5kvhRS/records/36cfe47ffff35a5d4f7be66115b8b147.zip"
},
{
  "url": "https://www.bing.com/images/create/portrait-photo-of-a-female-dog-dressed-in-modern-i/1-657ff54975ab4f9d827bc8a91028fb17?id=ctJ6RWIUDyMpqpkkHToV0A%3d%3d&view=detailv2&idpp=genimg&idpbck=1&form=BICREC",
  "urlHash": "6e6d4de6fe52d62e2a79472505df41e8",
  "download": "https://api.apify.com/v2/key-value-stores/PAe0wnthgLh5kvhRS/records/6e6d4de6fe52d62e2a79472505df41e8.zip"
},
{
  "url": "https://www.bing.com/images/create/portrait-photo-of-a-female-dog-dressed-in-modern-i/1-657ff54975ab4f9d827bc8a91028fb17?id=PezY29ofNeEbyY6qQQ%2fO9Q%3d%3d&view=detailv2&idpp=genimg&idpbck=1&form=BICREC",
  "urlHash": "0c9d7b3f0d185e0a896a23812b0b5493",
  "download": "https://api.apify.com/v2/key-value-stores/PAe0wnthgLh5kvhRS/records/0c9d7b3f0d185e0a896a23812b0b5493.zip"
},
{
  "url": "https://www.bing.com/images/create/portrait-photo-of-a-female-dog-dressed-in-modern-i/1-657ff51b1013417099f6d10a2b955e48?id=fEgvh1PYOqOF5ogX0b1h8g%3d%3d&view=detailv2&idpp=genimg&idpbck=1&form=BICREC",
  "urlHash": "e97b868c5b5bd4df35b40ba1db96ff45",
  "download": "https://api.apify.com/v2/key-value-stores/PAe0wnthgLh5kvhRS/records/e97b868c5b5bd4df35b40ba1db96ff45.zip"
},
{
  "url": "https://www.bing.com/images/create/portrait-photo-of-a-female-dog-dressed-in-modern-i/1-657ff51b1013417099f6d10a2b955e48?id=gB1IZGhZt1HBvcaf%2fZ9jnQ%3d%3d&view=detailv2&idpp=genimg&idpbck=1&form=BICREC",
  "urlHash": "dc89985887070d20d70fa0fa2650f5d7",
  "download": "https://api.apify.com/v2/key-value-stores/PAe0wnthgLh5kvhRS/records/dc89985887070d20d70fa0fa2650f5d7.zip"
},
{
  "url": "https://www.bing.com/images/create/portrait-photo-of-a-female-dog-dressed-in-modern-i/1-657ff51b1013417099f6d10a2b955e48?id=phcAREX6qkuNqOrKjNveXw%3d%3d&view=detailv2&idpp=genimg&idpbck=1&form=BICREC",
  "urlHash": "9f6024b5bcceadcd940ef9f95fd4d6a1",
  "download": "https://api.apify.com/v2/key-value-stores/PAe0wnthgLh5kvhRS/records/9f6024b5bcceadcd940ef9f95fd4d6a1.zip"
},
{
  "url": "https://www.bing.com/images/create/portrait-photo-of-a-female-dog-dressed-in-modern-i/1-657ff51b1013417099f6d10a2b955e48?id=rs5dETD0RefeHi2azpZlKQ%3d%3d&view=detailv2&idpp=genimg&idpbck=1&form=BICREC",
  "urlHash": "e41173eb71e045628c908c42aed7bed5",
  "download": "https://api.apify.com/v2/key-value-stores/PAe0wnthgLh5kvhRS/records/e41173eb71e045628c908c42aed7bed5.zip"
},
{
  "url": "https://www.bing.com/images/create/portrait-photo-of-a-female-dog-dressed-in-modern-i/1-657ff4d9788d4ea3acd7e13a20ec7683?id=GkDy98vJZZ%2bN%2fIIxn0zy8Q%3d%3d&view=detailv2&idpp=genimg&idpbck=1&form=BICREC",
  "urlHash": "39f383281ff8b574c00954916dffd246",
  "download": "https://api.apify.com/v2/key-value-stores/PAe0wnthgLh5kvhRS/records/39f383281ff8b574c00954916dffd246.zip"
},
{
  "url": "https://www.bing.com/images/create/portrait-photo-of-a-female-dog-dressed-in-modern-i/1-657ff4d9788d4ea3acd7e13a20ec7683?id=AYfQW7FD%2fyDIo4XTJqmeBw%3d%3d&view=detailv2&idpp=genimg&idpbck=1&form=BICREC",
  "urlHash": "6e5a6498a2d4e373cc6294caad8d0b35",
  "download": "https://api.apify.com/v2/key-value-stores/PAe0wnthgLh5kvhRS/records/6e5a6498a2d4e373cc6294caad8d0b35.zip"
},
{
  "url": "https://www.bing.com/images/create/portrait-photo-of-a-female-dog-dressed-in-modern-i/1-657ff4d9788d4ea3acd7e13a20ec7683?id=%2fhyCPF%2fP5k7jkpoh0rRK7Q%3d%3d&view=detailv2&idpp=genimg&idpbck=1&form=BICREC",
  "urlHash": "b30218582d75607ae23291eb531a3c0d",
  "download": "https://api.apify.com/v2/key-value-stores/PAe0wnthgLh5kvhRS/records/b30218582d75607ae23291eb531a3c0d.zip"
},
{
  "url": "https://www.bing.com/images/create/portrait-photo-of-a-female-dog-dressed-in-modern-i/1-657ff4d9788d4ea3acd7e13a20ec7683?id=jKSXfcqEvbOAUeutPGzRwg%3d%3d&view=detailv2&idpp=genimg&idpbck=1&form=BICREC",
  "urlHash": "d986f2cdac53101e424f033c8795d624",
  "download": "https://api.apify.com/v2/key-value-stores/PAe0wnthgLh5kvhRS/records/d986f2cdac53101e424f033c8795d624.zip"
},
{
  "url": "https://www.bing.com/images/create/portrait-photo-of-a-female-dog-dressed-in-modern-i/1-657ff4b795a0492e8cd2b7f4fb9156db?id=K5UXb9io3XT5LgV%2f3Kw65Q%3d%3d&view=detailv2&idpp=genimg&idpbck=1&form=BICREC",
  "urlHash": "faa0fe68facaaac718178f21817e0d96",
  "download": "https://api.apify.com/v2/key-value-stores/PAe0wnthgLh5kvhRS/records/faa0fe68facaaac718178f21817e0d96.zip"
},
{
  "url": "https://www.bing.com/images/create/portrait-photo-of-a-female-dog-dressed-in-modern-i/1-657ff4b795a0492e8cd2b7f4fb9156db?id=NJMDfq2cHOYkdgnrdPBUUQ%3d%3d&view=detailv2&idpp=genimg&idpbck=1&form=BICREC",
  "urlHash": "f1bb69f02f469c314bcc8f4bc5925599",
  "download": "https://api.apify.com/v2/key-value-stores/PAe0wnthgLh5kvhRS/records/f1bb69f02f469c314bcc8f4bc5925599.zip"
},
{
  "url": "https://www.bing.com/images/create/portrait-photo-of-a-female-dog-dressed-in-modern-i/1-657ff4b795a0492e8cd2b7f4fb9156db?id=dTslLGWt1h%2bnLo84sINTkw%3d%3d&view=detailv2&idpp=genimg&idpbck=1&form=BICREC",
  "urlHash": "0e62560ffb30bbde2b204db537f2fcbf",
  "download": "https://api.apify.com/v2/key-value-stores/PAe0wnthgLh5kvhRS/records/0e62560ffb30bbde2b204db537f2fcbf.zip"
},
{
  "url": "https://www.bing.com/images/create/portrait-photo-of-a-female-dog-dressed-in-modern-i/1-657ff1dcb5494dc2abafb85a28761958?id=JwXpipjQmhjcCSRjBltpDg%3d%3d&view=detailv2&idpp=genimg&idpbck=1&form=BICREC",
  "urlHash": "ec0599be462799fff0d22c2187cd24cc",
  "download": "https://api.apify.com/v2/key-value-stores/PAe0wnthgLh5kvhRS/records/ec0599be462799fff0d22c2187cd24cc.zip"
},
{
  "url": "https://www.bing.com/images/create/portrait-photo-of-a-female-dog-dressed-in-modern-i/1-657ff1dcb5494dc2abafb85a28761958?id=dmet7I856ZWjZv3VPgUU0A%3d%3d&view=detailv2&idpp=genimg&idpbck=1&form=BICREC",
  "urlHash": "d6d5a5d3ea9edce315c8ec716dfe074b",
  "download": "https://api.apify.com/v2/key-value-stores/PAe0wnthgLh5kvhRS/records/d6d5a5d3ea9edce315c8ec716dfe074b.zip"
},
{
  "url": "https://www.bing.com/images/create/portrait-photo-of-a-female-dog-dressed-in-modern-i/1-657ff4b795a0492e8cd2b7f4fb9156db?id=nqjulklMcf06xJP%2fU7nYEA%3d%3d&view=detailv2&idpp=genimg&idpbck=1&form=BICREC",
  "urlHash": "c04e9ea82cdf2b940dd1a79b3424c1b3",
  "download": "https://api.apify.com/v2/key-value-stores/PAe0wnthgLh5kvhRS/records/c04e9ea82cdf2b940dd1a79b3424c1b3.zip"
},
{
  "url": "https://www.bing.com/images/create/portrait-photo-of-a-female-dog-dressed-in-modern-i/1-657ff1dcb5494dc2abafb85a28761958?id=yekZOO4g9DrTL63r%2fTZo5Q%3d%3d&view=detailv2&idpp=genimg&idpbck=1&form=BICREC",
  "urlHash": "98ade0b14601f2b8cfdd59a749797d9e",
  "download": "https://api.apify.com/v2/key-value-stores/PAe0wnthgLh5kvhRS/records/98ade0b14601f2b8cfdd59a749797d9e.zip"
},
{
  "url": "https://www.bing.com/images/create/portrait-photo-of-a-female-dog-dressed-in-modern-i/1-657ff1dcb5494dc2abafb85a28761958?id=xpBUaCJD2QB57xRerL0mAw%3d%3d&view=detailv2&idpp=genimg&idpbck=1&form=BICREC",
  "urlHash": "392b8246004f1e726ce3fc68424c06b7",
  "download": "https://api.apify.com/v2/key-value-stores/PAe0wnthgLh5kvhRS/records/392b8246004f1e726ce3fc68424c06b7.zip"
},
{
  "url": "https://www.bing.com/images/create/portrait-photo-of-a-female-dog-dressed-in-modern-i/1-657ff1be51d546b3848cc448844f63fb?id=zQuM0Mru0Ot8CJNT0reh2g%3d%3d&view=detailv2&idpp=genimg&idpbck=1&form=BICREC",
  "urlHash": "302530e7b720f52357d4c5964b363154",
  "download": "https://api.apify.com/v2/key-value-stores/PAe0wnthgLh5kvhRS/records/302530e7b720f52357d4c5964b363154.zip"
},
{
  "url": "https://www.bing.com/images/create/portrait-photo-of-a-female-dog-dressed-in-modern-i/1-657ff1be51d546b3848cc448844f63fb?id=ec6BvhyWRMaVVoHbQiT36w%3d%3d&view=detailv2&idpp=genimg&idpbck=1&form=BICREC",
  "urlHash": "ea84c7ba55a3da8089016775a3f877e8",
  "download": "https://api.apify.com/v2/key-value-stores/PAe0wnthgLh5kvhRS/records/ea84c7ba55a3da8089016775a3f877e8.zip"
},
{
  "url": "https://www.bing.com/images/create/portrait-photo-of-a-female-dog-dressed-in-modern-i/1-657ff1be51d546b3848cc448844f63fb?id=Zj2ikPZLOb%2b06phYoUY02g%3d%3d&view=detailv2&idpp=genimg&idpbck=1&form=BICREC",
  "urlHash": "de0a4a88935d6e736b7a84de05ed544c",
  "download": "https://api.apify.com/v2/key-value-stores/PAe0wnthgLh5kvhRS/records/de0a4a88935d6e736b7a84de05ed544c.zip"
},
{
  "url": "https://www.bing.com/images/create/portrait-photo-of-a-female-dog-dressed-in-modern-i/1-657ff1be51d546b3848cc448844f63fb?id=EC0fFuzQ1B8Dp9eOoLkXDg%3d%3d&view=detailv2&idpp=genimg&idpbck=1&form=BICREC",
  "urlHash": "827ab8a8ca48848484d4eeac9adb8e15",
  "download": "https://api.apify.com/v2/key-value-stores/PAe0wnthgLh5kvhRS/records/827ab8a8ca48848484d4eeac9adb8e15.zip"
},
{
  "url": "https://www.bing.com/images/create/portrait-photo-of-a-female-dog-dressed-in-modern-i/1-657ff19eb5a74ebfaad088abe68f57d9?id=gDtPZFST0orcX3rWvwSRRw%3d%3d&view=detailv2&idpp=genimg&idpbck=1&form=BICREC",
  "urlHash": "285ce2f9e2a1e3e5cd476bb45912c29f",
  "download": "https://api.apify.com/v2/key-value-stores/PAe0wnthgLh5kvhRS/records/285ce2f9e2a1e3e5cd476bb45912c29f.zip"
},
{
  "url": "https://www.bing.com/images/create/portrait-photo-of-a-female-dog-dressed-in-modern-i/1-657ff19eb5a74ebfaad088abe68f57d9?id=NFaYs21gFKdjk1hEy6qbhQ%3d%3d&view=detailv2&idpp=genimg&idpbck=1&form=BICREC",
  "urlHash": "87c7680a246f9e5aabd45522d203cb1a",
  "download": "https://api.apify.com/v2/key-value-stores/PAe0wnthgLh5kvhRS/records/87c7680a246f9e5aabd45522d203cb1a.zip"
},
{
  "url": "https://www.bing.com/images/create/portrait-photo-of-a-female-dog-dressed-in-modern-i/1-657ff19eb5a74ebfaad088abe68f57d9?id=tpBVYH3txHlRGJd3mZY5HQ%3d%3d&view=detailv2&idpp=genimg&idpbck=1&form=BICREC",
  "urlHash": "d6dd21a089fed300ea3d50036417ec5f",
  "download": "https://api.apify.com/v2/key-value-stores/PAe0wnthgLh5kvhRS/records/d6dd21a089fed300ea3d50036417ec5f.zip"
},
{
  "url": "https://www.bing.com/images/create/portrait-photo-of-a-female-dog-dressed-in-modern-i/1-657ff19eb5a74ebfaad088abe68f57d9?id=pW2mCGWWXB485byGBs18zA%3d%3d&view=detailv2&idpp=genimg&idpbck=1&form=BICREC",
  "urlHash": "083ee3dc1eefc3d55fc81e16046f89ec",
  "download": "https://api.apify.com/v2/key-value-stores/PAe0wnthgLh5kvhRS/records/083ee3dc1eefc3d55fc81e16046f89ec.zip"
},
{
  "url": "https://www.bing.com/images/create/portrait-photo-of-a-female-dog-dressed-in-modern-i/1-657ff178dd644cc1b2b8d55fbc5a8bda?id=ytyVQTx6p7NppBTnUXgFZw%3d%3d&view=detailv2&idpp=genimg&idpbck=1&form=BICREC",
  "urlHash": "b2dbfec311b48eb6f41db76bf63e2df8",
  "download": "https://api.apify.com/v2/key-value-stores/PAe0wnthgLh5kvhRS/records/b2dbfec311b48eb6f41db76bf63e2df8.zip"
},
{
  "url": "https://www.bing.com/images/create/portrait-photo-of-a-female-dog-dressed-in-modern-i/1-657ff178dd644cc1b2b8d55fbc5a8bda?id=EoZK8OXjPgvpeaHrDX15cg%3d%3d&view=detailv2&idpp=genimg&idpbck=1&form=BICREC",
  "urlHash": "f43388ac1ee1196db2b7a77cc8005f95",
  "download": "https://api.apify.com/v2/key-value-stores/PAe0wnthgLh5kvhRS/records/f43388ac1ee1196db2b7a77cc8005f95.zip"
},
{
  "url": "https://www.bing.com/images/create/portrait-photo-of-a-female-dog-dressed-in-modern-i/1-657ff178dd644cc1b2b8d55fbc5a8bda?id=lq1%2bj8VmRG3EGl5Ac%2fdSCw%3d%3d&view=detailv2&idpp=genimg&idpbck=1&form=BICREC",
  "urlHash": "314455d72b835f2a5b1dbd94a53b9db9",
  "download": "https://api.apify.com/v2/key-value-stores/PAe0wnthgLh5kvhRS/records/314455d72b835f2a5b1dbd94a53b9db9.zip"
},
{
  "url": "https://www.bing.com/images/create/portrait-photo-of-a-female-dog-dressed-in-modern-i/1-657ff178dd644cc1b2b8d55fbc5a8bda?id=rZJQEvelUDq70O7gxvdPmQ%3d%3d&view=detailv2&idpp=genimg&idpbck=1&form=BICREC",
  "urlHash": "b2e8a09246bbb1cb5e390b143989171d",
  "download": "https://api.apify.com/v2/key-value-stores/PAe0wnthgLh5kvhRS/records/b2e8a09246bbb1cb5e390b143989171d.zip"
},
{
  "url": "https://www.bing.com/images/create/portrait-photo-of-a-female-dog-dressed-in-modern-i/1-657ff149b8764d63846c608c62054df3?id=PHCjacQthb42YAAAWX%2bbAQ%3d%3d&view=detailv2&idpp=genimg&idpbck=1&form=BICREC",
  "urlHash": "6c76cff73df1922bdc978f9cd5d8805f",
  "download": "https://api.apify.com/v2/key-value-stores/PAe0wnthgLh5kvhRS/records/6c76cff73df1922bdc978f9cd5d8805f.zip"
},
{
  "url": "https://www.bing.com/images/create/portrait-photo-of-a-female-dog-dressed-in-modern-i/1-657ff149b8764d63846c608c62054df3?id=2Ayt8z7SFrVhZdv1W27tYg%3d%3d&view=detailv2&idpp=genimg&idpbck=1&form=BICREC",
  "urlHash": "433d9cbf7330d8611ad2d1ae888d83d6",
  "download": "https://api.apify.com/v2/key-value-stores/PAe0wnthgLh5kvhRS/records/433d9cbf7330d8611ad2d1ae888d83d6.zip"
},
{
  "url": "https://www.bing.com/images/create/portrait-photo-of-a-female-dog-dressed-in-modern-i/1-657ff149b8764d63846c608c62054df3?id=FAfpDhuB3a6FBf9QEckXOA%3d%3d&view=detailv2&idpp=genimg&idpbck=1&form=BICREC",
  "urlHash": "75c954d39bda5921b8db0cd4b81b6273",
  "download": "https://api.apify.com/v2/key-value-stores/PAe0wnthgLh5kvhRS/records/75c954d39bda5921b8db0cd4b81b6273.zip"
},
{
  "url": "https://www.bing.com/images/create/portrait-photo-of-a-female-dog-dressed-in-modern-i/1-657ff149b8764d63846c608c62054df3?id=ajRBzh5O9WxY7HJFuFwUDQ%3d%3d&view=detailv2&idpp=genimg&idpbck=1&form=BICREC",
  "urlHash": "d62876cc66e7d577261fd3ad5276d1a1",
  "download": "https://api.apify.com/v2/key-value-stores/PAe0wnthgLh5kvhRS/records/d62876cc66e7d577261fd3ad5276d1a1.zip"
},
{
  "url": "https://www.bing.com/images/create/portrait-photo-of-a-female-dog-dressed-in-modern-i/1-657ff12effa64f58ac9ae9afb6b4cc4a?id=Qxq5d2r1ZgTgxhy6QC3kig%3d%3d&view=detailv2&idpp=genimg&idpbck=1&form=BICREC",
  "urlHash": "81c07f8fcfabbaabee676ac357ab838c",
  "download": "https://api.apify.com/v2/key-value-stores/PAe0wnthgLh5kvhRS/records/81c07f8fcfabbaabee676ac357ab838c.zip"
},
{
  "url": "https://www.bing.com/images/create/portrait-photo-of-a-female-dog-dressed-in-modern-i/1-657ff12effa64f58ac9ae9afb6b4cc4a?id=YuT6mpKVmsUyB7q6cwsYeA%3d%3d&view=detailv2&idpp=genimg&idpbck=1&form=BICREC",
  "urlHash": "c5bd891d96f18b0c537f9c215b933fe0",
  "download": "https://api.apify.com/v2/key-value-stores/PAe0wnthgLh5kvhRS/records/c5bd891d96f18b0c537f9c215b933fe0.zip"
},
{
  "url": "https://www.bing.com/images/create/portrait-photo-of-a-female-dog-dressed-in-modern-i/1-657ff12effa64f58ac9ae9afb6b4cc4a?id=h2kDs6vR7%2fUn0Ajs4HWZkw%3d%3d&view=detailv2&idpp=genimg&idpbck=1&form=BICREC",
  "urlHash": "583229ff410c4b4dac68c08fc3b333e5",
  "download": "https://api.apify.com/v2/key-value-stores/PAe0wnthgLh5kvhRS/records/583229ff410c4b4dac68c08fc3b333e5.zip"
},
{
  "url": "https://www.bing.com/images/create/portrait-photo-of-a-female-dog-dressed-in-modern-i/1-657ff12effa64f58ac9ae9afb6b4cc4a?id=bVZNzfEhEQbNhw8p3O3ccw%3d%3d&view=detailv2&idpp=genimg&idpbck=1&form=BICREC",
  "urlHash": "5cd2ff606655d085abd3ce8a36182fce",
  "download": "https://api.apify.com/v2/key-value-stores/PAe0wnthgLh5kvhRS/records/5cd2ff606655d085abd3ce8a36182fce.zip"
},
{
  "url": "https://www.bing.com/images/create/portrait-photo-of-a-female-dog-dressed-in-modern-i/1-657ff10df24740489d121d7efa95d037?id=WPYx7nOhismydzVKNxgqpQ%3d%3d&view=detailv2&idpp=genimg&idpbck=1&form=BICREC",
  "urlHash": "1b82d3d435fd0cc94d21125139d82c49",
  "download": "https://api.apify.com/v2/key-value-stores/PAe0wnthgLh5kvhRS/records/1b82d3d435fd0cc94d21125139d82c49.zip"
},
{
  "url": "https://www.bing.com/images/create/portrait-photo-of-a-female-dog-dressed-in-modern-i/1-657ff10df24740489d121d7efa95d037?id=Gvcu1ZHpyrhOph5DzpeVVQ%3d%3d&view=detailv2&idpp=genimg&idpbck=1&form=BICREC",
  "urlHash": "bab02434d22ea4540b4a8219a250a775",
  "download": "https://api.apify.com/v2/key-value-stores/PAe0wnthgLh5kvhRS/records/bab02434d22ea4540b4a8219a250a775.zip"
},
{
  "url": "https://www.bing.com/images/create/portrait-photo-of-a-female-dog-dressed-in-modern-i/1-657ff10df24740489d121d7efa95d037?id=qch500hun%2bu44k0piVi%2fyA%3d%3d&view=detailv2&idpp=genimg&idpbck=1&form=BICREC",
  "urlHash": "ec2e4d930aad052a2cdddbb081172f74",
  "download": "https://api.apify.com/v2/key-value-stores/PAe0wnthgLh5kvhRS/records/ec2e4d930aad052a2cdddbb081172f74.zip"
},
{
  "url": "https://www.bing.com/images/create/portrait-photo-of-a-female-dog-dressed-in-modern-i/1-657ff10df24740489d121d7efa95d037?id=P%2bIvtRbGTlMS2ejLhQbNjw%3d%3d&view=detailv2&idpp=genimg&idpbck=1&form=BICREC",
  "urlHash": "b8491b1c9861ff318bd0b4dab3c7dcc3",
  "download": "https://api.apify.com/v2/key-value-stores/PAe0wnthgLh5kvhRS/records/b8491b1c9861ff318bd0b4dab3c7dcc3.zip"
},
{
  "url": "https://www.bing.com/images/create/portrait-photo-of-a-female-dog-dressed-in-modern-i/1-657ff0d9532b435c990a5665a137fe1a?id=1Zfff4tIkLqJuEMesSPRgA%3d%3d&view=detailv2&idpp=genimg&idpbck=1&form=BICREC",
  "urlHash": "d7446271a8a0697542808d3e086b06a7",
  "download": "https://api.apify.com/v2/key-value-stores/PAe0wnthgLh5kvhRS/records/d7446271a8a0697542808d3e086b06a7.zip"
},
{
  "url": "https://www.bing.com/images/create/portrait-photo-of-a-female-dog-dressed-in-modern-i/1-657ff0d9532b435c990a5665a137fe1a?id=yc7E3lZS5umCrrV9ojR4xw%3d%3d&view=detailv2&idpp=genimg&idpbck=1&form=BICREC",
  "urlHash": "57413016c25ad5e63217d07667076c34",
  "download": "https://api.apify.com/v2/key-value-stores/PAe0wnthgLh5kvhRS/records/57413016c25ad5e63217d07667076c34.zip"
},
{
  "url": "https://www.bing.com/images/create/portrait-photo-of-a-female-dog-dressed-in-modern-i/1-657ff0d9532b435c990a5665a137fe1a?id=bI7y7MJT6lY5nVsp%2f1tYUw%3d%3d&view=detailv2&idpp=genimg&idpbck=1&form=BICREC",
  "urlHash": "fb65f5312bf097d0a3f7d1e8fe3a3aa7",
  "download": "https://api.apify.com/v2/key-value-stores/PAe0wnthgLh5kvhRS/records/fb65f5312bf097d0a3f7d1e8fe3a3aa7.zip"
},
{
  "url": "https://www.bing.com/images/create/portrait-photo-of-a-female-dog-dressed-in-modern-i/1-657ff429c84443038bd462b4026757a5?id=6tODTZhXMbcyu2VS1dl%2bvQ%3d%3d&view=detailv2&idpp=genimg&idpbck=1&form=BICREC",
  "urlHash": "7cde5c9f1d4d73dd070c3e6ff12df876",
  "download": "https://api.apify.com/v2/key-value-stores/PAe0wnthgLh5kvhRS/records/7cde5c9f1d4d73dd070c3e6ff12df876.zip"
},
{
  "url": "https://www.bing.com/images/create/portrait-photo-of-a-female-dog-dressed-in-modern-i/1-657ff0d9532b435c990a5665a137fe1a?id=f4tYz4uPFNjmk87PNc4lFQ%3d%3d&view=detailv2&idpp=genimg&idpbck=1&form=BICREC",
  "urlHash": "810c2b6541feeb442d78170b7bc81100",
  "download": "https://api.apify.com/v2/key-value-stores/PAe0wnthgLh5kvhRS/records/810c2b6541feeb442d78170b7bc81100.zip"
},
{
  "url": "https://www.bing.com/images/create/portrait-photo-of-a-female-dog-dressed-in-modern-i/1-657ff429c84443038bd462b4026757a5?id=PPWmktJSJAs82Ne8dDhCHw%3d%3d&view=detailv2&idpp=genimg&idpbck=1&form=BICREC",
  "urlHash": "924d94886a61cd83e3ce7376176eb7a3",
  "download": "https://api.apify.com/v2/key-value-stores/PAe0wnthgLh5kvhRS/records/924d94886a61cd83e3ce7376176eb7a3.zip"
},
{
  "url": "https://www.bing.com/images/create/portrait-photo-of-a-female-dog-dressed-in-modern-i/1-657ff429c84443038bd462b4026757a5?id=Do6xX0db2KeVL9sBqWV%2fmQ%3d%3d&view=detailv2&idpp=genimg&idpbck=1&form=BICREC",
  "urlHash": "2702da92bf72e1a25eb7fbd79235a80a",
  "download": "https://api.apify.com/v2/key-value-stores/PAe0wnthgLh5kvhRS/records/2702da92bf72e1a25eb7fbd79235a80a.zip"
},
{
  "url": "https://www.bing.com/images/create/portrait-photo-of-a-female-dog-dressed-in-modern-i/1-657ff429c84443038bd462b4026757a5?id=NwRlpTtnVULi7svyvHsmeg%3d%3d&view=detailv2&idpp=genimg&idpbck=1&form=BICREC",
  "urlHash": "ae96d2e312cddfe6d1770e2171712a25",
  "download": "https://api.apify.com/v2/key-value-stores/PAe0wnthgLh5kvhRS/records/ae96d2e312cddfe6d1770e2171712a25.zip"
},
{
  "url": "https://www.bing.com/images/create/portrait-photo-of-a-female-dog-dressed-in-modern-i/1-657ff3187bc64c1fb21c27c0b0b0516b?id=ggEpk%2fFv8iboMKCpI9Jg8g%3d%3d&view=detailv2&idpp=genimg&idpbck=1&form=BICREC",
  "urlHash": "53076e7b39a6181412b38af8dc7a5ebb",
  "download": "https://api.apify.com/v2/key-value-stores/PAe0wnthgLh5kvhRS/records/53076e7b39a6181412b38af8dc7a5ebb.zip"
},
{
  "url": "https://www.bing.com/images/create/portrait-photo-of-a-female-dog-dressed-in-modern-i/1-657ff3187bc64c1fb21c27c0b0b0516b?id=IdeYvfos7O8dd648karQMg%3d%3d&view=detailv2&idpp=genimg&idpbck=1&form=BICREC",
  "urlHash": "415668f88c00280c872490271a68d11f",
  "download": "https://api.apify.com/v2/key-value-stores/PAe0wnthgLh5kvhRS/records/415668f88c00280c872490271a68d11f.zip"
},
{
  "url": "https://www.bing.com/images/create/portrait-photo-of-a-female-dog-dressed-in-modern-i/1-657ff3187bc64c1fb21c27c0b0b0516b?id=6WfBzyLp%2fxdvgKA3kpiOeg%3d%3d&view=detailv2&idpp=genimg&idpbck=1&form=BICREC",
  "urlHash": "42296215804c064047984bc79073e064",
  "download": "https://api.apify.com/v2/key-value-stores/PAe0wnthgLh5kvhRS/records/42296215804c064047984bc79073e064.zip"
},
{
  "url": "https://www.bing.com/images/create/portrait-photo-of-a-female-dog-dressed-in-modern-i/1-657ff3187bc64c1fb21c27c0b0b0516b?id=%2fSgpWHB3OdP3zcCHsh3LIQ%3d%3d&view=detailv2&idpp=genimg&idpbck=1&form=BICREC",
  "urlHash": "c1fb60ead2526ea13c0e154744445732",
  "download": "https://api.apify.com/v2/key-value-stores/PAe0wnthgLh5kvhRS/records/c1fb60ead2526ea13c0e154744445732.zip"
},
{
  "url": "https://www.bing.com/images/create/portrait-photo-of-a-female-dog-dressed-in-modern-i/1-657ff2e41d2747e28b23896da90a99dc?id=ZThkj3TcVoCLOJoFihZ7kg%3d%3d&view=detailv2&idpp=genimg&idpbck=1&form=BICREC",
  "urlHash": "4ee2c8531974c8ac731b03d7cf52a769",
  "download": "https://api.apify.com/v2/key-value-stores/PAe0wnthgLh5kvhRS/records/4ee2c8531974c8ac731b03d7cf52a769.zip"
},
{
  "url": "https://www.bing.com/images/create/portrait-photo-of-a-female-dog-dressed-in-modern-i/1-657ff2e41d2747e28b23896da90a99dc?id=8vjYIoS0d5RjUmP2rKj45A%3d%3d&view=detailv2&idpp=genimg&idpbck=1&form=BICREC",
  "urlHash": "cf018e65a5feb7e2262f4262b676c718",
  "download": "https://api.apify.com/v2/key-value-stores/PAe0wnthgLh5kvhRS/records/cf018e65a5feb7e2262f4262b676c718.zip"
},
{
  "url": "https://www.bing.com/images/create/portrait-photo-of-a-female-dog-dressed-in-modern-i/1-657ff2e41d2747e28b23896da90a99dc?id=dd%2bW0279I5dJJigJGa1ESQ%3d%3d&view=detailv2&idpp=genimg&idpbck=1&form=BICREC",
  "urlHash": "6e0d081fb2aa0070b8233ea160312347",
  "download": "https://api.apify.com/v2/key-value-stores/PAe0wnthgLh5kvhRS/records/6e0d081fb2aa0070b8233ea160312347.zip"
},
{
  "url": "https://www.bing.com/images/create/portrait-photo-of-a-female-dog-dressed-in-modern-i/1-657ff2e41d2747e28b23896da90a99dc?id=tJJjJ5fewwRdqfMH34O6Mw%3d%3d&view=detailv2&idpp=genimg&idpbck=1&form=BICREC",
  "urlHash": "baab29199433bb4e70a44c5beec7747a",
  "download": "https://api.apify.com/v2/key-value-stores/PAe0wnthgLh5kvhRS/records/baab29199433bb4e70a44c5beec7747a.zip"
},
{
  "url": "https://www.bing.com/images/create/portrait-photo-of-a-female-cat-dressed-in-modern-i/1-657ff93344d84a8fb566ed569ccaec19?id=CxwW95XCd0AVL067nYdnGQ%3d%3d&view=detailv2&idpp=genimg&idpbck=1&form=BICREC",
  "urlHash": "5eb2fa017ecf9e9242fa8926cdb98a26",
  "download": "https://api.apify.com/v2/key-value-stores/PAe0wnthgLh5kvhRS/records/5eb2fa017ecf9e9242fa8926cdb98a26.zip"
},
{
  "url": "https://www.bing.com/images/create/portrait-photo-of-a-female-dog-dressed-in-modern-i/1-657ff2e41d2747e28b23896da90a99dc?id=tJJjJ5fewwRdqfMH34O6Mw%3d%3d&view=detailv2&idpp=genimg&idpbck=1&form=BICREC",
  "urlHash": "baab29199433bb4e70a44c5beec7747a",
  "download": "https://api.apify.com/v2/key-value-stores/PAe0wnthgLh5kvhRS/records/baab29199433bb4e70a44c5beec7747a.zip"
},
{
  "url": "https://www.bing.com/images/create/portrait-photo-of-a-female-cat-dressed-in-modern-i/1-657ff908fc2740a48353475ac7feadfa?id=LfZudZxmjCJv35mdZ7j0EA%3d%3d&view=detailv2&idpp=genimg&idpbck=1&form=BICREC",
  "urlHash": "bcf497612d87aed8198e279c72f60a94",
  "download": "https://api.apify.com/v2/key-value-stores/PAe0wnthgLh5kvhRS/records/bcf497612d87aed8198e279c72f60a94.zip"
},
{
  "url": "https://www.bing.com/images/create/portrait-photo-of-a-female-cat-dressed-in-modern-i/1-657ff93344d84a8fb566ed569ccaec19?id=WVK202MocQuIz3wj0GD96w%3d%3d&view=detailv2&idpp=genimg&idpbck=1&form=BICREC",
  "urlHash": "20880cc660fe5d11cd42a44ed2f1b985",
  "download": "https://api.apify.com/v2/key-value-stores/PAe0wnthgLh5kvhRS/records/20880cc660fe5d11cd42a44ed2f1b985.zip"
},
{
  "url": "https://www.bing.com/images/create/portrait-photo-of-a-female-dog-dressed-in-modern-i/1-657ff2b27fd94b6cb5fae8278c6a6d35?id=RXrA%2bsWcDrLltbD96Mg9%2fw%3d%3d&view=detailv2&idpp=genimg&idpbck=1&form=BICREC",
  "urlHash": "e828881573e4d4a05c6ed363d9bb7675",
  "download": "https://api.apify.com/v2/key-value-stores/PAe0wnthgLh5kvhRS/records/e828881573e4d4a05c6ed363d9bb7675.zip"
},
{
  "url": "https://www.bing.com/images/create/portrait-photo-of-a-female-dog-dressed-in-modern-i/1-657ff2b27fd94b6cb5fae8278c6a6d35?id=D7ABvul4HF4UIrp%2bpz5tFA%3d%3d&view=detailv2&idpp=genimg&idpbck=1&form=BICREC",
  "urlHash": "dbf6d682c178322b7241d8c4ad03f3a4",
  "download": "https://api.apify.com/v2/key-value-stores/PAe0wnthgLh5kvhRS/records/dbf6d682c178322b7241d8c4ad03f3a4.zip"
},
{
  "url": "https://www.bing.com/images/create/portrait-photo-of-a-female-dog-dressed-in-modern-i/1-657ff2b27fd94b6cb5fae8278c6a6d35?id=EopLd1OdkafvjIhpL7Xdaw%3d%3d&view=detailv2&idpp=genimg&idpbck=1&form=BICREC",
  "urlHash": "bbfa54cf92c3049af4f4b5b01a8cdeb1",
  "download": "https://api.apify.com/v2/key-value-stores/PAe0wnthgLh5kvhRS/records/bbfa54cf92c3049af4f4b5b01a8cdeb1.zip"
},
{
  "url": "https://www.bing.com/images/create/portrait-photo-of-a-female-dog-dressed-in-modern-i/1-657ff2b27fd94b6cb5fae8278c6a6d35?id=sEGdFWd%2fKKl7QIsSBJ4qrw%3d%3d&view=detailv2&idpp=genimg&idpbck=1&form=BICREC",
  "urlHash": "f10b8543a4ebda4fff1221edca4f78d4",
  "download": "https://api.apify.com/v2/key-value-stores/PAe0wnthgLh5kvhRS/records/f10b8543a4ebda4fff1221edca4f78d4.zip"
}]