[{
  "url": "https://www.bing.com/images/create/portrait-photo-of-a-female-cat-dressed-in-modern-i/1-65811cf58e77490ab576b50e056d28c8?id=p%2bAu1QtqPp7da%2bwyHI5CXQ%3d%3d&view=detailv2&idpp=genimg&idpbck=1&form=BICREC",
  "urlHash": "50b4402156ff887681196a0b3439e8d6",
  "download": "https://api.apify.com/v2/key-value-stores/8Q5Ph8ve3x9HMYRD9/records/50b4402156ff887681196a0b3439e8d6.zip"
},
{
  "url": "https://www.bing.com/images/create/portrait-photo-of-a-female-cat-dressed-in-modern-i/1-65811cf58e77490ab576b50e056d28c8?id=FJdN1jjrGwe%2biC72PaQrCQ%3d%3d&view=detailv2&idpp=genimg&idpbck=1&form=BICREC",
  "urlHash": "d6d858f8cf3d3a7bfeacdcf601912fba",
  "download": "https://api.apify.com/v2/key-value-stores/8Q5Ph8ve3x9HMYRD9/records/d6d858f8cf3d3a7bfeacdcf601912fba.zip"
},
{
  "url": "https://www.bing.com/images/create/portrait-photo-of-a-female-cat-dressed-in-modern-i/1-65811cf58e77490ab576b50e056d28c8?id=a%2fn%2bAmf%2bXqnyIR189rikxQ%3d%3d&view=detailv2&idpp=genimg&idpbck=1&form=BICREC",
  "urlHash": "1ae1238c498f8ef255407efbd9b8fd55",
  "download": "https://api.apify.com/v2/key-value-stores/8Q5Ph8ve3x9HMYRD9/records/1ae1238c498f8ef255407efbd9b8fd55.zip"
},
{
  "url": "https://www.bing.com/images/create/portrait-photo-of-a-female-cat-dressed-in-modern-i/1-65811cf58e77490ab576b50e056d28c8?id=gsxlVdaFWQb9xKtcg2tJuQ%3d%3d&view=detailv2&idpp=genimg&idpbck=1&form=BICREC",
  "urlHash": "b46f07c88cc075ca6df9b409c112373c",
  "download": "https://api.apify.com/v2/key-value-stores/8Q5Ph8ve3x9HMYRD9/records/b46f07c88cc075ca6df9b409c112373c.zip"
},
{
  "url": "https://www.bing.com/images/create/portrait-photo-of-a-female-cat-dressed-in-modern-i/1-65811ca7f084408499b911e69f4fd6cb?id=t7Sj98UfIt9ikh1dw%2bNRFQ%3d%3d&view=detailv2&idpp=genimg&idpbck=1&form=BICREC",
  "urlHash": "8d4177dd33f8727103201e8269ee5ce0",
  "download": "https://api.apify.com/v2/key-value-stores/8Q5Ph8ve3x9HMYRD9/records/8d4177dd33f8727103201e8269ee5ce0.zip"
},
{
  "url": "https://www.bing.com/images/create/portrait-photo-of-a-female-cat-dressed-in-modern-i/1-65811c15411d4f9bac49330eeaee0121?id=JXgfGn8905jSsn8zBl8UkA%3d%3d&view=detailv2&idpp=genimg&idpbck=1&form=BICREC",
  "urlHash": "eb34a52ee03f9a7b3fb5bcfd6105cb0c",
  "download": "https://api.apify.com/v2/key-value-stores/8Q5Ph8ve3x9HMYRD9/records/eb34a52ee03f9a7b3fb5bcfd6105cb0c.zip"
},
{
  "url": "https://www.bing.com/images/create/portrait-photo-of-a-female-cat-dressed-in-modern-i/1-65811c15411d4f9bac49330eeaee0121?id=%2fyvFlXI%2foZbORMUmp8V9fQ%3d%3d&view=detailv2&idpp=genimg&idpbck=1&form=BICREC",
  "urlHash": "5a60392720a78d607d1ad0036414f9bc",
  "download": "https://api.apify.com/v2/key-value-stores/8Q5Ph8ve3x9HMYRD9/records/5a60392720a78d607d1ad0036414f9bc.zip"
},
{
  "url": "https://www.bing.com/images/create/portrait-photo-of-a-female-cat-dressed-in-modern-i/1-65811c4e1447428aa58d466b3f4bc0a5?id=dUpt%2bLTpQ%2biWiobLn76oKw%3d%3d&view=detailv2&idpp=genimg&idpbck=1&form=BICREC",
  "urlHash": "c6e80c27ecbdc3dc91b5895d8e707d80",
  "download": "https://api.apify.com/v2/key-value-stores/8Q5Ph8ve3x9HMYRD9/records/c6e80c27ecbdc3dc91b5895d8e707d80.zip"
},
{
  "url": "https://www.bing.com/images/create/portrait-photo-of-a-female-cat-dressed-in-modern-i/1-65811ca7f084408499b911e69f4fd6cb?id=agICgCkRzRX13fRq%2bHcQKg%3d%3d&view=detailv2&idpp=genimg&idpbck=1&form=BICREC",
  "urlHash": "3249e4a3abd9722cee77fc2f8a9dad19",
  "download": "https://api.apify.com/v2/key-value-stores/8Q5Ph8ve3x9HMYRD9/records/3249e4a3abd9722cee77fc2f8a9dad19.zip"
},
{
  "url": "https://www.bing.com/images/create/portrait-photo-of-a-female-cat-dressed-in-modern-i/1-65811c4e1447428aa58d466b3f4bc0a5?id=prKdKeM2v2RaRvlCl1SLDQ%3d%3d&view=detailv2&idpp=genimg&idpbck=1&form=BICREC",
  "urlHash": "e7ab9fd4a373811b831638e8e68f6f70",
  "download": "https://api.apify.com/v2/key-value-stores/8Q5Ph8ve3x9HMYRD9/records/e7ab9fd4a373811b831638e8e68f6f70.zip"
},
{
  "url": "https://www.bing.com/images/create/portrait-photo-of-a-female-cat-dressed-in-modern-i/1-65811c4e1447428aa58d466b3f4bc0a5?id=IdeAz5ySfXpFKjLrk%2bU4pQ%3d%3d&view=detailv2&idpp=genimg&idpbck=1&form=BICREC",
  "urlHash": "79ce40063d53588acf3d9e58b154ebd0",
  "download": "https://api.apify.com/v2/key-value-stores/8Q5Ph8ve3x9HMYRD9/records/79ce40063d53588acf3d9e58b154ebd0.zip"
},
{
  "url": "https://www.bing.com/images/create/portrait-photo-of-a-female-cat-dressed-in-modern-i/1-65811c15411d4f9bac49330eeaee0121?id=ZuNsmAnVnxW8VJotxCIF2w%3d%3d&view=detailv2&idpp=genimg&idpbck=1&form=BICREC",
  "urlHash": "388d344116ad85e41d1d95133aa975fb",
  "download": "https://api.apify.com/v2/key-value-stores/8Q5Ph8ve3x9HMYRD9/records/388d344116ad85e41d1d95133aa975fb.zip"
},
{
  "url": "https://www.bing.com/images/create/portrait-photo-of-a-female-cat-dressed-in-modern-i/1-65811c15411d4f9bac49330eeaee0121?id=GLIuWZbf0YUAZlZD6meFEA%3d%3d&view=detailv2&idpp=genimg&idpbck=1&form=BICREC",
  "urlHash": "178be1cdc06194e6781641aa00ee3b36",
  "download": "https://api.apify.com/v2/key-value-stores/8Q5Ph8ve3x9HMYRD9/records/178be1cdc06194e6781641aa00ee3b36.zip"
},
{
  "url": "https://www.bing.com/images/create/portrait-photo-of-a-female-cat-dressed-in-modern-i/1-65811bbc1ebe436994351f3b668d7bb7?id=wOOoQZ%2bLuigYD%2bAMZMAZrw%3d%3d&view=detailv2&idpp=genimg&idpbck=1&form=BICREC",
  "urlHash": "357f4ec8c2249f485061aca59fa551c7",
  "download": "https://api.apify.com/v2/key-value-stores/8Q5Ph8ve3x9HMYRD9/records/357f4ec8c2249f485061aca59fa551c7.zip"
},
{
  "url": "https://www.bing.com/images/create/portrait-photo-of-a-female-cat-dressed-in-modern-i/1-65811bbc1ebe436994351f3b668d7bb7?id=IZc4TVvOf7Zmycx9c%2fuk%2bg%3d%3d&view=detailv2&idpp=genimg&idpbck=1&form=BICREC",
  "urlHash": "995e54ec87c52e239c48f369e691a12a",
  "download": "https://api.apify.com/v2/key-value-stores/8Q5Ph8ve3x9HMYRD9/records/995e54ec87c52e239c48f369e691a12a.zip"
},
{
  "url": "https://www.bing.com/images/create/portrait-photo-of-a-female-cat-dressed-in-modern-i/1-65811bbc1ebe436994351f3b668d7bb7?id=MF4pJSSnCjCUOAHKw4h%2bXA%3d%3d&view=detailv2&idpp=genimg&idpbck=1&form=BICREC",
  "urlHash": "869ccf76e96a3cd22d3f276a90d29f6f",
  "download": "https://api.apify.com/v2/key-value-stores/8Q5Ph8ve3x9HMYRD9/records/869ccf76e96a3cd22d3f276a90d29f6f.zip"
},
{
  "url": "https://www.bing.com/images/create/portrait-photo-of-a-female-cat-dressed-in-modern-i/1-65811bbc1ebe436994351f3b668d7bb7?id=%2bwT4TBs4qL9WBeWtyJPOaQ%3d%3d&view=detailv2&idpp=genimg&idpbck=1&form=BICREC",
  "urlHash": "f10cc67dabd8b732eac9eba8e3157e7e",
  "download": "https://api.apify.com/v2/key-value-stores/8Q5Ph8ve3x9HMYRD9/records/f10cc67dabd8b732eac9eba8e3157e7e.zip"
},
{
  "url": "https://www.bing.com/images/create/portrait-photo-of-a-female-cat-dressed-in-modern-i/1-65811b7b52434536a97b538d98aa0d66?id=m0dDJQ9QVLbAtgz67eIYRg%3d%3d&view=detailv2&idpp=genimg&idpbck=1&form=BICREC",
  "urlHash": "cd96ea45e74dc00b45040f2807f72dfd",
  "download": "https://api.apify.com/v2/key-value-stores/8Q5Ph8ve3x9HMYRD9/records/cd96ea45e74dc00b45040f2807f72dfd.zip"
},
{
  "url": "https://www.bing.com/images/create/portrait-photo-of-a-female-cat-dressed-in-modern-i/1-65811b7b52434536a97b538d98aa0d66?id=WkRloUX%2fYJOSIT7JRWJVrA%3d%3d&view=detailv2&idpp=genimg&idpbck=1&form=BICREC",
  "urlHash": "87fb6d95ff5f18c1e700fbedc8626667",
  "download": "https://api.apify.com/v2/key-value-stores/8Q5Ph8ve3x9HMYRD9/records/87fb6d95ff5f18c1e700fbedc8626667.zip"
},
{
  "url": "https://www.bing.com/images/create/portrait-photo-of-a-female-cat-dressed-in-modern-i/1-65811b52697741e0ae4ae28065f9b696?id=OmcQy3dhg6zatwDEKeMAyw%3d%3d&view=detailv2&idpp=genimg&idpbck=1&form=BICREC",
  "urlHash": "81379fd7d49388fb5c8790a6a282090a",
  "download": "https://api.apify.com/v2/key-value-stores/8Q5Ph8ve3x9HMYRD9/records/81379fd7d49388fb5c8790a6a282090a.zip"
},
{
  "url": "https://www.bing.com/images/create/portrait-photo-of-a-female-cat-dressed-in-modern-i/1-65811b7b52434536a97b538d98aa0d66?id=tWfB6syq2m7LN0I4ByCpew%3d%3d&view=detailv2&idpp=genimg&idpbck=1&form=BICREC",
  "urlHash": "c5aea2bd4ad84cdcb5515e8e3e4a8394",
  "download": "https://api.apify.com/v2/key-value-stores/8Q5Ph8ve3x9HMYRD9/records/c5aea2bd4ad84cdcb5515e8e3e4a8394.zip"
},
{
  "url": "https://www.bing.com/images/create/portrait-photo-of-a-female-cat-dressed-in-modern-i/1-65811b1f1e734d5dbe9e63198df0bd88?id=D%2b%2bwc2kGzXwKkqsGpvl%2bHA%3d%3d&view=detailv2&idpp=genimg&idpbck=1&form=BICREC",
  "urlHash": "0d6d069c0fd6e35129075a8d1e713daf",
  "download": "https://api.apify.com/v2/key-value-stores/8Q5Ph8ve3x9HMYRD9/records/0d6d069c0fd6e35129075a8d1e713daf.zip"
},
{
  "url": "https://www.bing.com/images/create/portrait-photo-of-a-female-dog-dressed-in-modern-i/1-657c2ab8dc5e48e59d9e7594a5ad440e?id=kVZvxjmnhu4lJOenYssjLw%3d%3d&view=detailv2&idpp=genimg&idpbck=1&form=BICREC",
  "urlHash": "f998ad91a788610ca1ff5b48548f4c12",
  "download": "https://api.apify.com/v2/key-value-stores/8Q5Ph8ve3x9HMYRD9/records/f998ad91a788610ca1ff5b48548f4c12.zip"
},
{
  "url": "https://www.bing.com/images/create/portrait-photo-of-a-female-cat-dressed-in-modern-i/1-65811b1f1e734d5dbe9e63198df0bd88?id=wbEgLfUDpPLhxqFRcsd6oQ%3d%3d&view=detailv2&idpp=genimg&idpbck=1&form=BICREC",
  "urlHash": "9fd8412e6e18cbc7eb487430fe45fb24",
  "download": "https://api.apify.com/v2/key-value-stores/8Q5Ph8ve3x9HMYRD9/records/9fd8412e6e18cbc7eb487430fe45fb24.zip"
},
{
  "url": "https://www.bing.com/images/create/portrait-photo-of-a-female-cat-dressed-in-modern-i/1-65811b1f1e734d5dbe9e63198df0bd88?id=KqAxwgg4geDREyxplOwduw%3d%3d&view=detailv2&idpp=genimg&idpbck=1&form=BICREC",
  "urlHash": "c8b9b66768614ace4794cdbdfdf4d8b7",
  "download": "https://api.apify.com/v2/key-value-stores/8Q5Ph8ve3x9HMYRD9/records/c8b9b66768614ace4794cdbdfdf4d8b7.zip"
},
{
  "url": "https://www.bing.com/images/create/portrait-photo-of-a-female-cat-dressed-in-modern-i/1-65811b1f1e734d5dbe9e63198df0bd88?id=bOajy76e3aVK%2bLKYZ4LR0w%3d%3d&view=detailv2&idpp=genimg&idpbck=1&form=BICREC",
  "urlHash": "d9414f0bacd7170fa27236595969448a",
  "download": "https://api.apify.com/v2/key-value-stores/8Q5Ph8ve3x9HMYRD9/records/d9414f0bacd7170fa27236595969448a.zip"
},
{
  "url": "https://www.bing.com/images/create/portrait-photo-of-a-female-cat-dressed-in-modern-i/1-65811b52697741e0ae4ae28065f9b696?id=l9TU4rTXG1lB1jsiAeVhGA%3d%3d&view=detailv2&idpp=genimg&idpbck=1&form=BICREC",
  "urlHash": "1cdcbafd5803cf194839ac016844103d",
  "download": "https://api.apify.com/v2/key-value-stores/8Q5Ph8ve3x9HMYRD9/records/1cdcbafd5803cf194839ac016844103d.zip"
},
{
  "url": "https://www.bing.com/images/create/portrait-photo-of-a-female-cat-dressed-in-modern-i/1-65811b52697741e0ae4ae28065f9b696?id=u8V6dGC0hkJf886JgDeK2w%3d%3d&view=detailv2&idpp=genimg&idpbck=1&form=BICREC",
  "urlHash": "cb82f6f6caddb877fc3ddf4607a7e48b",
  "download": "https://api.apify.com/v2/key-value-stores/8Q5Ph8ve3x9HMYRD9/records/cb82f6f6caddb877fc3ddf4607a7e48b.zip"
},
{
  "url": "https://www.bing.com/images/create/portrait-photo-of-a-female-dog-dressed-in-modern-i/1-657c2ab8dc5e48e59d9e7594a5ad440e?id=pnSKigAjssDChMMGOTmRCw%3d%3d&view=detailv2&idpp=genimg&idpbck=1&form=BICREC",
  "urlHash": "148e90cf554762f1983a55938e19aacb",
  "download": "https://api.apify.com/v2/key-value-stores/8Q5Ph8ve3x9HMYRD9/records/148e90cf554762f1983a55938e19aacb.zip"
},
{
  "url": "https://www.bing.com/images/create/portrait-photo-of-a-female-dog-dressed-in-modern-i/1-657c2ab8dc5e48e59d9e7594a5ad440e?id=FYRr4BVZLxMoGzgwuTbteA%3d%3d&view=detailv2&idpp=genimg&idpbck=1&form=BICREC",
  "urlHash": "761feedb5600ee57127be40c6fad1f1b",
  "download": "https://api.apify.com/v2/key-value-stores/8Q5Ph8ve3x9HMYRD9/records/761feedb5600ee57127be40c6fad1f1b.zip"
},
{
  "url": "https://www.bing.com/images/create/portrait-photo-of-a-female-dog-dressed-in-modern-i/1-657c2ab8dc5e48e59d9e7594a5ad440e?id=1PKdBacDpfVF4AbJ7rlxLQ%3d%3d&view=detailv2&idpp=genimg&idpbck=1&form=BICREC",
  "urlHash": "9317d8837bd4212312af0632d9b2fcdb",
  "download": "https://api.apify.com/v2/key-value-stores/8Q5Ph8ve3x9HMYRD9/records/9317d8837bd4212312af0632d9b2fcdb.zip"
},
{
  "url": "https://www.bing.com/images/create/portrait-photo-of-a-female-dog-dressed-in-modern-i/1-657c2a988eb0406590ed36d54f778924?id=bFG%2fa%2bHKEZ2S9jxpPTldZQ%3d%3d&view=detailv2&idpp=genimg&idpbck=1&form=BICREC",
  "urlHash": "99401c0969fd76503726364d32238d86",
  "download": "https://api.apify.com/v2/key-value-stores/8Q5Ph8ve3x9HMYRD9/records/99401c0969fd76503726364d32238d86.zip"
},
{
  "url": "https://www.bing.com/images/create/portrait-photo-of-a-female-dog-dressed-in-modern-i/1-657c2a988eb0406590ed36d54f778924?id=eKZY7epuTf%2bMtbZNlVvjBg%3d%3d&view=detailv2&idpp=genimg&idpbck=1&form=BICREC",
  "urlHash": "55ed693b5e3ac3adf8b388fed460cfd6",
  "download": "https://api.apify.com/v2/key-value-stores/8Q5Ph8ve3x9HMYRD9/records/55ed693b5e3ac3adf8b388fed460cfd6.zip"
},
{
  "url": "https://www.bing.com/images/create/portrait-photo-of-a-female-dog-dressed-in-modern-i/1-657c2a988eb0406590ed36d54f778924?id=nakwWb3%2fcSpHY%2b94memV1A%3d%3d&view=detailv2&idpp=genimg&idpbck=1&form=BICREC",
  "urlHash": "d946894f0c8398ba2b61b299bff6df6e",
  "download": "https://api.apify.com/v2/key-value-stores/8Q5Ph8ve3x9HMYRD9/records/d946894f0c8398ba2b61b299bff6df6e.zip"
},
{
  "url": "https://www.bing.com/images/create/portrait-photo-of-a-female-dog-dressed-in-modern-i/1-657c2a988eb0406590ed36d54f778924?id=WnlBeuSEjKu71FoZaGhg%2bg%3d%3d&view=detailv2&idpp=genimg&idpbck=1&form=BICREC",
  "urlHash": "58be7fd3d5a086d5c32b028eb65fa46b",
  "download": "https://api.apify.com/v2/key-value-stores/8Q5Ph8ve3x9HMYRD9/records/58be7fd3d5a086d5c32b028eb65fa46b.zip"
},
{
  "url": "https://www.bing.com/images/create/portrait-photo-of-a-female-dog-dressed-in-modern-i/1-657c2a7dd07f4339b79c6af8a53cd0ce?id=H1LXJxZEgUQ69hYFK7G5GA%3d%3d&view=detailv2&idpp=genimg&idpbck=1&form=BICREC",
  "urlHash": "cc948a90746658a746418cae0c1d13e7",
  "download": "https://api.apify.com/v2/key-value-stores/8Q5Ph8ve3x9HMYRD9/records/cc948a90746658a746418cae0c1d13e7.zip"
},
{
  "url": "https://www.bing.com/images/create/portrait-photo-of-a-female-dog-dressed-in-modern-i/1-657c2a7dd07f4339b79c6af8a53cd0ce?id=HpiS0KvFBzHxpGC0UQfWSw%3d%3d&view=detailv2&idpp=genimg&idpbck=1&form=BICREC",
  "urlHash": "36d8ecb06f7cb965dac86cf233e4e25b",
  "download": "https://api.apify.com/v2/key-value-stores/8Q5Ph8ve3x9HMYRD9/records/36d8ecb06f7cb965dac86cf233e4e25b.zip"
},
{
  "url": "https://www.bing.com/images/create/portrait-photo-of-a-female-dog-dressed-in-modern-i/1-657c2a7dd07f4339b79c6af8a53cd0ce?id=hrV0Fkcp0cwkLTQCcuNhJQ%3d%3d&view=detailv2&idpp=genimg&idpbck=1&form=BICREC",
  "urlHash": "82efe0561b4de55159eccb01b8d42e57",
  "download": "https://api.apify.com/v2/key-value-stores/8Q5Ph8ve3x9HMYRD9/records/82efe0561b4de55159eccb01b8d42e57.zip"
},
{
  "url": "https://www.bing.com/images/create/portrait-photo-of-a-female-dog-dressed-in-modern-i/1-657c2a7dd07f4339b79c6af8a53cd0ce?id=%2fRKiXiMcymRxdqaX6gbx%2bw%3d%3d&view=detailv2&idpp=genimg&idpbck=1&form=BICREC",
  "urlHash": "48ee22c7b624481bc19368c1f2b840bf",
  "download": "https://api.apify.com/v2/key-value-stores/8Q5Ph8ve3x9HMYRD9/records/48ee22c7b624481bc19368c1f2b840bf.zip"
},
{
  "url": "https://www.bing.com/images/create/portrait-photo-of-a-female-dog-dressed-in-modern-i/1-657c2a4373ee42b8b8ae0fdfd9cf0370?id=IwC93jKvvVHMKKxRfzHRbg%3d%3d&view=detailv2&idpp=genimg&idpbck=1&form=BICREC",
  "urlHash": "affb0592f78307e1bbf6ebd3315e63c1",
  "download": "https://api.apify.com/v2/key-value-stores/8Q5Ph8ve3x9HMYRD9/records/affb0592f78307e1bbf6ebd3315e63c1.zip"
},
{
  "url": "https://www.bing.com/images/create/portrait-photo-of-a-female-dog-dressed-in-modern-i/1-657c2a4373ee42b8b8ae0fdfd9cf0370?id=9pNHZd1Fw5oXedlkgfwzGQ%3d%3d&view=detailv2&idpp=genimg&idpbck=1&form=BICREC",
  "urlHash": "3034f8a4286f429a2c065239cb659406",
  "download": "https://api.apify.com/v2/key-value-stores/8Q5Ph8ve3x9HMYRD9/records/3034f8a4286f429a2c065239cb659406.zip"
},
{
  "url": "https://www.bing.com/images/create/portrait-photo-of-a-female-dog-dressed-in-modern-i/1-657c2a4373ee42b8b8ae0fdfd9cf0370?id=58FS01Pm%2f9gIlpWq2wSjdA%3d%3d&view=detailv2&idpp=genimg&idpbck=1&form=BICREC",
  "urlHash": "27d9f2b356f8139a7dcad7085b4588e7",
  "download": "https://api.apify.com/v2/key-value-stores/8Q5Ph8ve3x9HMYRD9/records/27d9f2b356f8139a7dcad7085b4588e7.zip"
},
{
  "url": "https://www.bing.com/images/create/portrait-photo-of-a-female-dog-dressed-in-modern-i/1-657c2947daf542498873021220bbf9b6?id=iELjorcXUBVzEplrPWn21A%3d%3d&view=detailv2&idpp=genimg&idpbck=1&form=BICREC",
  "urlHash": "d3bec8fbbfd4f2527007dd24e52facdd",
  "download": "https://api.apify.com/v2/key-value-stores/8Q5Ph8ve3x9HMYRD9/records/d3bec8fbbfd4f2527007dd24e52facdd.zip"
},
{
  "url": "https://www.bing.com/images/create/portrait-photo-of-a-female-dog-dressed-in-modern-i/1-657c2a4373ee42b8b8ae0fdfd9cf0370?id=EX4W2JF8UQNY8GnVyTrJqw%3d%3d&view=detailv2&idpp=genimg&idpbck=1&form=BICREC",
  "urlHash": "6a956e3653f8d46bb6b8d5ba6eaf3463",
  "download": "https://api.apify.com/v2/key-value-stores/8Q5Ph8ve3x9HMYRD9/records/6a956e3653f8d46bb6b8d5ba6eaf3463.zip"
},
{
  "url": "https://www.bing.com/images/create/portrait-photo-of-a-female-dog-dressed-in-modern-i/1-657c2947daf542498873021220bbf9b6?id=F7PDdm6rcGwot9eYbOIZBg%3d%3d&view=detailv2&idpp=genimg&idpbck=1&form=BICREC",
  "urlHash": "385a16372f8426c05635fd0ee1468201",
  "download": "https://api.apify.com/v2/key-value-stores/8Q5Ph8ve3x9HMYRD9/records/385a16372f8426c05635fd0ee1468201.zip"
},
{
  "url": "https://www.bing.com/images/create/portrait-photo-of-a-female-dog-dressed-in-modern-i/1-657c2947daf542498873021220bbf9b6?id=2MHaqFlQ6LugrqeYsEA4mA%3d%3d&view=detailv2&idpp=genimg&idpbck=1&form=BICREC",
  "urlHash": "a0dc7b3f6a890d341dafb835cfeffd8a",
  "download": "https://api.apify.com/v2/key-value-stores/8Q5Ph8ve3x9HMYRD9/records/a0dc7b3f6a890d341dafb835cfeffd8a.zip"
},
{
  "url": "https://www.bing.com/images/create/portrait-photo-of-a-female-dog-dressed-in-modern-i/1-657c2947daf542498873021220bbf9b6?id=0eVKb7VkMeCyd07cT9UtQQ%3d%3d&view=detailv2&idpp=genimg&idpbck=1&form=BICREC",
  "urlHash": "67836b06ae3a9c88306867ed0cdada97",
  "download": "https://api.apify.com/v2/key-value-stores/8Q5Ph8ve3x9HMYRD9/records/67836b06ae3a9c88306867ed0cdada97.zip"
},
{
  "url": "https://www.bing.com/images/create/portrait-photo-of-a-female-dog-dressed-in-modern-i/1-657c292c474147c7b8697f6b358ba1a1?id=AGGEmSne5KHmhdhIf4oX4g%3d%3d&view=detailv2&idpp=genimg&idpbck=1&form=BICREC",
  "urlHash": "aa4d547769f16ef88e2a1de1f89244a4",
  "download": "https://api.apify.com/v2/key-value-stores/8Q5Ph8ve3x9HMYRD9/records/aa4d547769f16ef88e2a1de1f89244a4.zip"
},
{
  "url": "https://www.bing.com/images/create/portrait-photo-of-a-female-dog-dressed-in-modern-i/1-657c292c474147c7b8697f6b358ba1a1?id=exBH%2fRIbp7Dk%2b2fgQU3pVQ%3d%3d&view=detailv2&idpp=genimg&idpbck=1&form=BICREC",
  "urlHash": "fb7f5b049d43e8d64ff5355b20791797",
  "download": "https://api.apify.com/v2/key-value-stores/8Q5Ph8ve3x9HMYRD9/records/fb7f5b049d43e8d64ff5355b20791797.zip"
},
{
  "url": "https://www.bing.com/images/create/portrait-photo-of-a-female-dog-dressed-in-modern-i/1-657c290f0be54619bd8619e70f8be1d0?id=bWOPPVSHuO2bu3TbKkuJow%3d%3d&view=detailv2&idpp=genimg&idpbck=1&form=BICREC",
  "urlHash": "80c269afac14c6b97ac20a4c1d349625",
  "download": "https://api.apify.com/v2/key-value-stores/8Q5Ph8ve3x9HMYRD9/records/80c269afac14c6b97ac20a4c1d349625.zip"
},
{
  "url": "https://www.bing.com/images/create/portrait-photo-of-a-female-dog-dressed-in-modern-i/1-657c292c474147c7b8697f6b358ba1a1?id=Iarl7Y7yj9jS2fdCg%2fCO1Q%3d%3d&view=detailv2&idpp=genimg&idpbck=1&form=BICREC",
  "urlHash": "4e3dfcc1e4841ab969492719680827b4",
  "download": "https://api.apify.com/v2/key-value-stores/8Q5Ph8ve3x9HMYRD9/records/4e3dfcc1e4841ab969492719680827b4.zip"
},
{
  "url": "https://www.bing.com/images/create/portrait-photo-of-a-female-dog-dressed-in-modern-i/1-657c28e454714a38ad1d3f51143d3686?id=ecuV4Uy%2fPLCNlzTku%2fc5ew%3d%3d&view=detailv2&idpp=genimg&idpbck=1&form=BICREC",
  "urlHash": "3403f76529184a2717de17c721bf113a",
  "download": "https://api.apify.com/v2/key-value-stores/8Q5Ph8ve3x9HMYRD9/records/3403f76529184a2717de17c721bf113a.zip"
},
{
  "url": "https://www.bing.com/images/create/portrait-photo-of-a-female-dog-dressed-in-modern-i/1-657c28e454714a38ad1d3f51143d3686?id=OMJ3Q6CccWDimg45UbdiEA%3d%3d&view=detailv2&idpp=genimg&idpbck=1&form=BICREC",
  "urlHash": "601be888b081552fa43da576f3879dde",
  "download": "https://api.apify.com/v2/key-value-stores/8Q5Ph8ve3x9HMYRD9/records/601be888b081552fa43da576f3879dde.zip"
},
{
  "url": "https://www.bing.com/images/create/portrait-photo-of-a-female-dog-dressed-in-modern-i/1-657c28e454714a38ad1d3f51143d3686?id=ecuV4Uy%2fPLCNlzTku%2fc5ew%3d%3d&view=detailv2&idpp=genimg&idpbck=1&form=BICREC",
  "urlHash": "3403f76529184a2717de17c721bf113a",
  "download": "https://api.apify.com/v2/key-value-stores/8Q5Ph8ve3x9HMYRD9/records/3403f76529184a2717de17c721bf113a.zip"
},
{
  "url": "https://www.bing.com/images/create/portrait-photo-of-a-female-dog-dressed-in-modern-i/1-657c290f0be54619bd8619e70f8be1d0?id=Q46ZQJyifeLqegEh26kyJQ%3d%3d&view=detailv2&idpp=genimg&idpbck=1&form=BICREC",
  "urlHash": "1a4ebb0a9df9693ba78507d051f1f56e",
  "download": "https://api.apify.com/v2/key-value-stores/8Q5Ph8ve3x9HMYRD9/records/1a4ebb0a9df9693ba78507d051f1f56e.zip"
},
{
  "url": "https://www.bing.com/images/create/portrait-photo-of-a-female-dog-dressed-in-modern-i/1-657c290f0be54619bd8619e70f8be1d0?id=54IE0%2fdT%2f0eoKLh1up1m8g%3d%3d&view=detailv2&idpp=genimg&idpbck=1&form=BICREC",
  "urlHash": "e8e33edf33897da8d62589c27e1cc456",
  "download": "https://api.apify.com/v2/key-value-stores/8Q5Ph8ve3x9HMYRD9/records/e8e33edf33897da8d62589c27e1cc456.zip"
},
{
  "url": "https://www.bing.com/images/create/portrait-photo-of-a-female-dog-dressed-in-modern-i/1-657c290f0be54619bd8619e70f8be1d0?id=910uBKC5cYVX%2bbj9oFYS7g%3d%3d&view=detailv2&idpp=genimg&idpbck=1&form=BICREC",
  "urlHash": "0db833b0ec76171b9cc94e658541b8a6",
  "download": "https://api.apify.com/v2/key-value-stores/8Q5Ph8ve3x9HMYRD9/records/0db833b0ec76171b9cc94e658541b8a6.zip"
},
{
  "url": "https://www.bing.com/images/create/portrait-photo-of-a-female-dog-dressed-in-modern-i/1-657c292c474147c7b8697f6b358ba1a1?id=8gz8XK2aXfwlB8FuUVoSEA%3d%3d&view=detailv2&idpp=genimg&idpbck=1&form=BICREC",
  "urlHash": "4dc58bcec998b772df3174cca4af206a",
  "download": "https://api.apify.com/v2/key-value-stores/8Q5Ph8ve3x9HMYRD9/records/4dc58bcec998b772df3174cca4af206a.zip"
},
{
  "url": "https://www.bing.com/images/create/portrait-photo-of-a-female-cat-dressed-in-modern-i/1-65811b7b52434536a97b538d98aa0d66?id=fhHMouJTy6p9FANlDIpsrg%3d%3d&view=detailv2&idpp=genimg&idpbck=1&form=BICREC",
  "urlHash": "3705070c3f1f0e7f188f4e02c46bcc28",
  "download": "https://api.apify.com/v2/key-value-stores/8Q5Ph8ve3x9HMYRD9/records/3705070c3f1f0e7f188f4e02c46bcc28.zip"
},
{
  "url": "https://www.bing.com/images/create/portrait-photo-of-a-female-cat-dressed-in-modern-i/1-65811b52697741e0ae4ae28065f9b696?id=xCKQkdbjGytntIlr243RSg%3d%3d&view=detailv2&idpp=genimg&idpbck=1&form=BICREC",
  "urlHash": "d1be521abb2aadfdd7b2b6f05dd47884",
  "download": "https://api.apify.com/v2/key-value-stores/8Q5Ph8ve3x9HMYRD9/records/d1be521abb2aadfdd7b2b6f05dd47884.zip"
},
{
  "url": "https://www.bing.com/images/create/portrait-photo-of-a-female-cat-dressed-in-modern-i/1-65811ca7f084408499b911e69f4fd6cb?id=iyegWwBfYc6vxI66dyvBig%3d%3d&view=detailv2&idpp=genimg&idpbck=1&form=BICREC",
  "urlHash": "a10f78edb47201a83ae4821b105f0945",
  "download": "https://api.apify.com/v2/key-value-stores/8Q5Ph8ve3x9HMYRD9/records/a10f78edb47201a83ae4821b105f0945.zip"
},
{
  "url": "https://www.bing.com/images/create/portrait-photo-of-a-female-cat-dressed-in-modern-i/1-65811cce2a5a43b09255cc78aca24bc8?id=yn0Y3JfV76%2fTVkdMupxfgw%3d%3d&view=detailv2&idpp=genimg&idpbck=1&form=BICREC",
  "urlHash": "e95f55cb5f10ab230c48edab2705e66f",
  "download": "https://api.apify.com/v2/key-value-stores/8Q5Ph8ve3x9HMYRD9/records/e95f55cb5f10ab230c48edab2705e66f.zip"
},
{
  "url": "https://www.bing.com/images/create/portrait-photo-of-a-female-cat-dressed-in-modern-i/1-65811cce2a5a43b09255cc78aca24bc8?id=lxPxtEQ0NiJEWtNJ76ljBg%3d%3d&view=detailv2&idpp=genimg&idpbck=1&form=BICREC",
  "urlHash": "182739657950dd7bd34398397a5142db",
  "download": "https://api.apify.com/v2/key-value-stores/8Q5Ph8ve3x9HMYRD9/records/182739657950dd7bd34398397a5142db.zip"
},
{
  "url": "https://www.bing.com/images/create/portrait-photo-of-a-female-cat-dressed-in-modern-i/1-65811cce2a5a43b09255cc78aca24bc8?id=hhjcTTb7iKAfGtEVe7LsMA%3d%3d&view=detailv2&idpp=genimg&idpbck=1&form=BICREC",
  "urlHash": "03ee32b5228d851faea678c30090c0bc",
  "download": "https://api.apify.com/v2/key-value-stores/8Q5Ph8ve3x9HMYRD9/records/03ee32b5228d851faea678c30090c0bc.zip"
},
{
  "url": "https://www.bing.com/images/create/portrait-photo-of-a-female-dog-dressed-in-modern-i/1-657c28e454714a38ad1d3f51143d3686?id=dD1KtMhrvjdO1EIWTpuaAA%3d%3d&view=detailv2&idpp=genimg&idpbck=1&form=BICREC",
  "urlHash": "471f3d22c0829d8a784aedb97833f3e6",
  "download": "https://api.apify.com/v2/key-value-stores/8Q5Ph8ve3x9HMYRD9/records/471f3d22c0829d8a784aedb97833f3e6.zip"
},
{
  "url": "https://www.bing.com/images/create/portrait-photo-of-a-female-dog-dressed-in-modern-i/1-657c28e454714a38ad1d3f51143d3686?id=AzacYeTBmGlKPJL9cx%2f7jg%3d%3d&view=detailv2&idpp=genimg&idpbck=1&form=BICREC",
  "urlHash": "a1706c0c2c5b513d69adb988760b56cc",
  "download": "https://api.apify.com/v2/key-value-stores/8Q5Ph8ve3x9HMYRD9/records/a1706c0c2c5b513d69adb988760b56cc.zip"
},
{
  "url": "https://www.bing.com/images/create/portrait-photo-of-a-female-dog-dressed-in-modern-i/1-657c28b95e0547658e4d8a501a172f70?id=rehZ3YZhmtIH6N2kOrmxdA%3d%3d&view=detailv2&idpp=genimg&idpbck=1&form=BICREC",
  "urlHash": "185b736517aa7c84283fc65ee3b9669a",
  "download": "https://api.apify.com/v2/key-value-stores/8Q5Ph8ve3x9HMYRD9/records/185b736517aa7c84283fc65ee3b9669a.zip"
},
{
  "url": "https://www.bing.com/images/create/portrait-photo-of-a-female-dog-dressed-in-modern-i/1-657c28b95e0547658e4d8a501a172f70?id=99fc9d4fs3T6U2lLR76oSA%3d%3d&view=detailv2&idpp=genimg&idpbck=1&form=BICREC",
  "urlHash": "cee394028ea750bb36c985970cd10918",
  "download": "https://api.apify.com/v2/key-value-stores/8Q5Ph8ve3x9HMYRD9/records/cee394028ea750bb36c985970cd10918.zip"
},
{
  "url": "https://www.bing.com/images/create/portrait-photo-of-a-female-dog-dressed-in-modern-i/1-657c28b95e0547658e4d8a501a172f70?id=7c49es6dD6kwuUcKDFGnbg%3d%3d&view=detailv2&idpp=genimg&idpbck=1&form=BICREC",
  "urlHash": "5798db9517230366243ee28d00ac6579",
  "download": "https://api.apify.com/v2/key-value-stores/8Q5Ph8ve3x9HMYRD9/records/5798db9517230366243ee28d00ac6579.zip"
},
{
  "url": "https://www.bing.com/images/create/portrait-photo-of-a-female-dog-dressed-in-modern-i/1-657c28b95e0547658e4d8a501a172f70?id=TZcegzeQXX7wN0Q7su6IMA%3d%3d&view=detailv2&idpp=genimg&idpbck=1&form=BICREC",
  "urlHash": "51cf2156875872dbf35e305eb1c7ddf8",
  "download": "https://api.apify.com/v2/key-value-stores/8Q5Ph8ve3x9HMYRD9/records/51cf2156875872dbf35e305eb1c7ddf8.zip"
},
{
  "url": "https://www.bing.com/images/create/portrait-photo-of-a-female-dog-dressed-in-modern-i/1-657c28a1e52841ff83512306cac55f3e?id=nXWXvlYLfDGMknP61f9H8Q%3d%3d&view=detailv2&idpp=genimg&idpbck=1&form=BICREC",
  "urlHash": "dd469b45bc1975aced00e21935bc9d40",
  "download": "https://api.apify.com/v2/key-value-stores/8Q5Ph8ve3x9HMYRD9/records/dd469b45bc1975aced00e21935bc9d40.zip"
},
{
  "url": "https://www.bing.com/images/create/portrait-photo-of-a-female-dog-dressed-in-modern-i/1-657c28a1e52841ff83512306cac55f3e?id=GbtvGb76Ql6vE5gNmEGuPg%3d%3d&view=detailv2&idpp=genimg&idpbck=1&form=BICREC",
  "urlHash": "2e204286f4412e04d513dcba33beeb39",
  "download": "https://api.apify.com/v2/key-value-stores/8Q5Ph8ve3x9HMYRD9/records/2e204286f4412e04d513dcba33beeb39.zip"
},
{
  "url": "https://www.bing.com/images/create/portrait-photo-of-a-female-dog-dressed-in-modern-i/1-657c28a1e52841ff83512306cac55f3e?id=iCimgFZRtdDopoTjkMRcyQ%3d%3d&view=detailv2&idpp=genimg&idpbck=1&form=BICREC",
  "urlHash": "e216c7d2c0a7d8f2ce263d91d0b381ad",
  "download": "https://api.apify.com/v2/key-value-stores/8Q5Ph8ve3x9HMYRD9/records/e216c7d2c0a7d8f2ce263d91d0b381ad.zip"
},
{
  "url": "https://www.bing.com/images/create/portrait-photo-of-a-female-dog-dressed-in-modern-i/1-657c28a1e52841ff83512306cac55f3e?id=pu7lBWqne2npGUZByJnKfg%3d%3d&view=detailv2&idpp=genimg&idpbck=1&form=BICREC",
  "urlHash": "709803cdcd8a8ad4ac94998d92c48fbc",
  "download": "https://api.apify.com/v2/key-value-stores/8Q5Ph8ve3x9HMYRD9/records/709803cdcd8a8ad4ac94998d92c48fbc.zip"
},
{
  "url": "https://www.bing.com/images/create/portrait-photo-of-a-female-dog-dressed-in-modern-i/1-657c28862b6c481e918f5347a88659b2?id=UiTOkNIAXxJbtoaRAECTWw%3d%3d&view=detailv2&idpp=genimg&idpbck=1&form=BICREC",
  "urlHash": "0e662d867ce6644298916eb4f3f435ea",
  "download": "https://api.apify.com/v2/key-value-stores/8Q5Ph8ve3x9HMYRD9/records/0e662d867ce6644298916eb4f3f435ea.zip"
},
{
  "url": "https://www.bing.com/images/create/portrait-photo-of-a-female-dog-dressed-in-modern-i/1-657c28862b6c481e918f5347a88659b2?id=roLLDMfnhElikhjyHC7HmA%3d%3d&view=detailv2&idpp=genimg&idpbck=1&form=BICREC",
  "urlHash": "7c24fd6dde198d6b9e69928a9691fced",
  "download": "https://api.apify.com/v2/key-value-stores/8Q5Ph8ve3x9HMYRD9/records/7c24fd6dde198d6b9e69928a9691fced.zip"
},
{
  "url": "https://www.bing.com/images/create/portrait-photo-of-a-female-dog-dressed-in-modern-i/1-657c28862b6c481e918f5347a88659b2?id=G2QU0V%2bD5CgQkFoLXU9IMw%3d%3d&view=detailv2&idpp=genimg&idpbck=1&form=BICREC",
  "urlHash": "a50a1fa1ce3361a98431dd077624a722",
  "download": "https://api.apify.com/v2/key-value-stores/8Q5Ph8ve3x9HMYRD9/records/a50a1fa1ce3361a98431dd077624a722.zip"
},
{
  "url": "https://www.bing.com/images/create/portrait-photo-of-a-female-dog-dressed-in-modern-i/1-657c285ed32e45b1a3498a105352ff03?id=vnKQsX87unpfxQoa7xRYRg%3d%3d&view=detailv2&idpp=genimg&idpbck=1&form=BICREC",
  "urlHash": "892c8acdc39f328116fdb74f26a438ff",
  "download": "https://api.apify.com/v2/key-value-stores/8Q5Ph8ve3x9HMYRD9/records/892c8acdc39f328116fdb74f26a438ff.zip"
},
{
  "url": "https://www.bing.com/images/create/portrait-photo-of-a-female-dog-dressed-in-modern-i/1-657c28862b6c481e918f5347a88659b2?id=55820BTSYpPjcHIXv0C6wA%3d%3d&view=detailv2&idpp=genimg&idpbck=1&form=BICREC",
  "urlHash": "c8938a49dbaf560e36b27a0fc4702141",
  "download": "https://api.apify.com/v2/key-value-stores/8Q5Ph8ve3x9HMYRD9/records/c8938a49dbaf560e36b27a0fc4702141.zip"
},
{
  "url": "https://www.bing.com/images/create/portrait-photo-of-a-female-dog-dressed-in-modern-i/1-657c285ed32e45b1a3498a105352ff03?id=xUw5GVx%2f7FHw9WWnSmJ53Q%3d%3d&view=detailv2&idpp=genimg&idpbck=1&form=BICREC",
  "urlHash": "1d6e89cd812497780b53db37bc8bd8c7",
  "download": "https://api.apify.com/v2/key-value-stores/8Q5Ph8ve3x9HMYRD9/records/1d6e89cd812497780b53db37bc8bd8c7.zip"
},
{
  "url": "https://www.bing.com/images/create/portrait-photo-of-a-female-dog-dressed-in-modern-i/1-657c285ed32e45b1a3498a105352ff03?id=S6Jt5hGjPXGOWVO7ZNUQqw%3d%3d&view=detailv2&idpp=genimg&idpbck=1&form=BICREC",
  "urlHash": "e1bc01072832c1d5a86a6b66cc844782",
  "download": "https://api.apify.com/v2/key-value-stores/8Q5Ph8ve3x9HMYRD9/records/e1bc01072832c1d5a86a6b66cc844782.zip"
},
{
  "url": "https://www.bing.com/images/create/portrait-photo-of-a-female-cat-dressed-in-modern-i/1-65811cce2a5a43b09255cc78aca24bc8?id=52miZpEO0Sj7CfJpjRo6cQ%3d%3d&view=detailv2&idpp=genimg&idpbck=1&form=BICREC",
  "urlHash": "2c01fdbc39cfa60d809b0f7bbdbf5b54",
  "download": "https://api.apify.com/v2/key-value-stores/8Q5Ph8ve3x9HMYRD9/records/2c01fdbc39cfa60d809b0f7bbdbf5b54.zip"
},
{
  "url": "https://www.bing.com/images/create/portrait-photo-of-a-female-cat-dressed-in-modern-i/1-65811ca7f084408499b911e69f4fd6cb?id=igLQSJW7gw2Nm6XnsmKUtg%3d%3d&view=detailv2&idpp=genimg&idpbck=1&form=BICREC",
  "urlHash": "fcf2e0f986dfe2629d88e35847c73244",
  "download": "https://api.apify.com/v2/key-value-stores/8Q5Ph8ve3x9HMYRD9/records/fcf2e0f986dfe2629d88e35847c73244.zip"
},
{
  "url": "https://www.bing.com/images/create/portrait-photo-of-a-female-cat-dressed-in-modern-i/1-65811c4e1447428aa58d466b3f4bc0a5?id=LFGKPfHxysQQ4TxdinoEtw%3d%3d&view=detailv2&idpp=genimg&idpbck=1&form=BICREC",
  "urlHash": "17bd59addf322143a8c5f51546b8b7ff",
  "download": "https://api.apify.com/v2/key-value-stores/8Q5Ph8ve3x9HMYRD9/records/17bd59addf322143a8c5f51546b8b7ff.zip"
},
{
  "url": "https://www.bing.com/images/create/portrait-photo-of-a-female-dog-dressed-in-modern-i/1-657c2b744e694f0d89f4ca9849e00ffc?id=AnYTmfrJvVLb5PHVb6z15Q%3d%3d&view=detailv2&idpp=genimg&idpbck=1&form=BICREC",
  "urlHash": "a55ef5a5ae371b2c528fdb34c4ea3e49",
  "download": "https://api.apify.com/v2/key-value-stores/8Q5Ph8ve3x9HMYRD9/records/a55ef5a5ae371b2c528fdb34c4ea3e49.zip"
},
{
  "url": "https://www.bing.com/images/create/portrait-photo-of-a-female-dog-dressed-in-modern-i/1-657c2b744e694f0d89f4ca9849e00ffc?id=1etQuFhbMMuruhk%2bnMi0Pw%3d%3d&view=detailv2&idpp=genimg&idpbck=1&form=BICREC",
  "urlHash": "f0871bf0ed23c95ef2be232263cd3ec8",
  "download": "https://api.apify.com/v2/key-value-stores/8Q5Ph8ve3x9HMYRD9/records/f0871bf0ed23c95ef2be232263cd3ec8.zip"
},
{
  "url": "https://www.bing.com/images/create/portrait-photo-of-a-female-dog-dressed-in-modern-i/1-657c285ed32e45b1a3498a105352ff03?id=nR1RcSfoHVtmoQO7OqKrWA%3d%3d&view=detailv2&idpp=genimg&idpbck=1&form=BICREC",
  "urlHash": "5303d4a5f261277ff4c2b4a13c5048b5",
  "download": "https://api.apify.com/v2/key-value-stores/8Q5Ph8ve3x9HMYRD9/records/5303d4a5f261277ff4c2b4a13c5048b5.zip"
},
{
  "url": "https://www.bing.com/images/create/portrait-photo-of-a-female-dog-dressed-in-modern-i/1-657c2b744e694f0d89f4ca9849e00ffc?id=X%2f8OuCrgFUyYyyuqSIQZ7w%3d%3d&view=detailv2&idpp=genimg&idpbck=1&form=BICREC",
  "urlHash": "808b852ca6c4131ba182954a93d00755",
  "download": "https://api.apify.com/v2/key-value-stores/8Q5Ph8ve3x9HMYRD9/records/808b852ca6c4131ba182954a93d00755.zip"
},
{
  "url": "https://www.bing.com/images/create/portrait-photo-of-a-female-dog-dressed-in-modern-i/1-657c2b744e694f0d89f4ca9849e00ffc?id=XEPHp99bNW1BW%2fPvxr%2fUVg%3d%3d&view=detailv2&idpp=genimg&idpbck=1&form=BICREC",
  "urlHash": "234eef18cc2735bc04ccbb8524787463",
  "download": "https://api.apify.com/v2/key-value-stores/8Q5Ph8ve3x9HMYRD9/records/234eef18cc2735bc04ccbb8524787463.zip"
},
{
  "url": "https://www.bing.com/images/create/portrait-photo-of-a-female-dog-dressed-in-modern-i/1-657c2b58fc6e414cb21b27ab34c8df7e?id=HUOCEYKiniibSsESo6ZQcg%3d%3d&view=detailv2&idpp=genimg&idpbck=1&form=BICREC",
  "urlHash": "96265a85fd3d0d9713feafc3d2351789",
  "download": "https://api.apify.com/v2/key-value-stores/8Q5Ph8ve3x9HMYRD9/records/96265a85fd3d0d9713feafc3d2351789.zip"
},
{
  "url": "https://www.bing.com/images/create/portrait-photo-of-a-female-dog-dressed-in-modern-i/1-657c2b58fc6e414cb21b27ab34c8df7e?id=%2fqMrb40338k%2f%2bOXQz8cXiA%3d%3d&view=detailv2&idpp=genimg&idpbck=1&form=BICREC",
  "urlHash": "e9ad674e3e368253883a4a0214577b8b",
  "download": "https://api.apify.com/v2/key-value-stores/8Q5Ph8ve3x9HMYRD9/records/e9ad674e3e368253883a4a0214577b8b.zip"
},
{
  "url": "https://www.bing.com/images/create/portrait-photo-of-a-female-dog-dressed-in-modern-i/1-657c2b58fc6e414cb21b27ab34c8df7e?id=AZBqSQFzpKMPyYED2rxH5A%3d%3d&view=detailv2&idpp=genimg&idpbck=1&form=BICREC",
  "urlHash": "4578cfb54d58e7ba5439bd7033156746",
  "download": "https://api.apify.com/v2/key-value-stores/8Q5Ph8ve3x9HMYRD9/records/4578cfb54d58e7ba5439bd7033156746.zip"
},
{
  "url": "https://www.bing.com/images/create/portrait-photo-of-a-female-dog-dressed-in-modern-i/1-657c2b58fc6e414cb21b27ab34c8df7e?id=2zinmyPOCwt9NwFB2Q56CQ%3d%3d&view=detailv2&idpp=genimg&idpbck=1&form=BICREC",
  "urlHash": "241c1737e72b717c381b4d1d08b9cf29",
  "download": "https://api.apify.com/v2/key-value-stores/8Q5Ph8ve3x9HMYRD9/records/241c1737e72b717c381b4d1d08b9cf29.zip"
},
{
  "url": "https://www.bing.com/images/create/portrait-photo-of-a-female-dog-dressed-in-modern-i/1-657c2b3840e94943bee7d2a04076c71f?id=5l2r%2fpCW4ybFyedlCottFQ%3d%3d&view=detailv2&idpp=genimg&idpbck=1&form=BICREC",
  "urlHash": "cee4bed6e2944a1ed0373ba5c3173045",
  "download": "https://api.apify.com/v2/key-value-stores/8Q5Ph8ve3x9HMYRD9/records/cee4bed6e2944a1ed0373ba5c3173045.zip"
},
{
  "url": "https://www.bing.com/images/create/portrait-photo-of-a-female-dog-dressed-in-modern-i/1-657c2b3840e94943bee7d2a04076c71f?id=6oWBiBKVjkPgf9L3YI%2bSQg%3d%3d&view=detailv2&idpp=genimg&idpbck=1&form=BICREC",
  "urlHash": "9d8b77ebfd4a0d26821d5b457a04bf0d",
  "download": "https://api.apify.com/v2/key-value-stores/8Q5Ph8ve3x9HMYRD9/records/9d8b77ebfd4a0d26821d5b457a04bf0d.zip"
},
{
  "url": "https://www.bing.com/images/create/portrait-photo-of-a-female-dog-dressed-in-modern-i/1-657c2b3840e94943bee7d2a04076c71f?id=MbxI1%2bDfD1G447IkoC8Czg%3d%3d&view=detailv2&idpp=genimg&idpbck=1&form=BICREC",
  "urlHash": "99755470aa35652e0401b450bd29e08d",
  "download": "https://api.apify.com/v2/key-value-stores/8Q5Ph8ve3x9HMYRD9/records/99755470aa35652e0401b450bd29e08d.zip"
},
{
  "url": "https://www.bing.com/images/create/portrait-photo-of-a-female-dog-dressed-in-modern-i/1-657c2b3840e94943bee7d2a04076c71f?id=EweWTEjcISntp8nPssepjA%3d%3d&view=detailv2&idpp=genimg&idpbck=1&form=BICREC",
  "urlHash": "07521c5bfe6fd7e8eccb74331c64eff7",
  "download": "https://api.apify.com/v2/key-value-stores/8Q5Ph8ve3x9HMYRD9/records/07521c5bfe6fd7e8eccb74331c64eff7.zip"
},
{
  "url": "https://www.bing.com/images/create/portrait-photo-of-a-female-dog-dressed-in-modern-i/1-657c2af2358643d493a5c7e956203a26?id=VfCiY1LZjh3vePVnrmSPsg%3d%3d&view=detailv2&idpp=genimg&idpbck=1&form=BICREC",
  "urlHash": "d67eab9e1f4bbd76924bdf24c4c475de",
  "download": "https://api.apify.com/v2/key-value-stores/8Q5Ph8ve3x9HMYRD9/records/d67eab9e1f4bbd76924bdf24c4c475de.zip"
},
{
  "url": "https://www.bing.com/images/create/portrait-photo-of-a-female-dog-dressed-in-modern-i/1-657c2af2358643d493a5c7e956203a26?id=%2bEO0gkqLLYuxHnp%2bSAzHnA%3d%3d&view=detailv2&idpp=genimg&idpbck=1&form=BICREC",
  "urlHash": "222174fff02cb4c35946c585dce30e7b",
  "download": "https://api.apify.com/v2/key-value-stores/8Q5Ph8ve3x9HMYRD9/records/222174fff02cb4c35946c585dce30e7b.zip"
},
{
  "url": "https://www.bing.com/images/create/portrait-photo-of-a-female-dog-dressed-in-modern-i/1-657c2af2358643d493a5c7e956203a26?id=ni73Qi7qb9l8Ze3izpGvXw%3d%3d&view=detailv2&idpp=genimg&idpbck=1&form=BICREC",
  "urlHash": "635661488844ae50190122c99f5f5c6a",
  "download": "https://api.apify.com/v2/key-value-stores/8Q5Ph8ve3x9HMYRD9/records/635661488844ae50190122c99f5f5c6a.zip"
},
{
  "url": "https://www.bing.com/images/create/portrait-photo-of-a-female-dog-dressed-in-modern-i/1-657c2af2358643d493a5c7e956203a26?id=nT%2fvHnmpRgTWo7iI1vENdg%3d%3d&view=detailv2&idpp=genimg&idpbck=1&form=BICREC",
  "urlHash": "79076c92e53e7237ac89cbbdcc2c98e1",
  "download": "https://api.apify.com/v2/key-value-stores/8Q5Ph8ve3x9HMYRD9/records/79076c92e53e7237ac89cbbdcc2c98e1.zip"
},
{
  "url": "https://www.bing.com/images/create/portrait-photo-of-a-female-dog-dressed-in-modern-i/1-657c2a103db54814b8c902e00fffd9be?id=XmVcCWDvCaNjwPYiLwQ3hg%3d%3d&view=detailv2&idpp=genimg&idpbck=1&form=BICREC",
  "urlHash": "a9a35c218d4e76eef655bdf8e7d83edf",
  "download": "https://api.apify.com/v2/key-value-stores/8Q5Ph8ve3x9HMYRD9/records/a9a35c218d4e76eef655bdf8e7d83edf.zip"
},
{
  "url": "https://www.bing.com/images/create/portrait-photo-of-a-female-dog-dressed-in-modern-i/1-657c2a103db54814b8c902e00fffd9be?id=%2bDzhlheYYLwute%2bmvLZeTw%3d%3d&view=detailv2&idpp=genimg&idpbck=1&form=BICREC",
  "urlHash": "5410b49fd64ff31ef49b65945337b458",
  "download": "https://api.apify.com/v2/key-value-stores/8Q5Ph8ve3x9HMYRD9/records/5410b49fd64ff31ef49b65945337b458.zip"
},
{
  "url": "https://www.bing.com/images/create/portrait-photo-of-a-female-dog-dressed-in-modern-i/1-657c2a103db54814b8c902e00fffd9be?id=g7oGeoUstLkzGfmbo3jL1A%3d%3d&view=detailv2&idpp=genimg&idpbck=1&form=BICREC",
  "urlHash": "319c23562b144852988801277567689b",
  "download": "https://api.apify.com/v2/key-value-stores/8Q5Ph8ve3x9HMYRD9/records/319c23562b144852988801277567689b.zip"
},
{
  "url": "https://www.bing.com/images/create/portrait-photo-of-a-female-dog-dressed-in-modern-i/1-657c2a103db54814b8c902e00fffd9be?id=x7OTyKBEMZ1yuOqXq0xjiw%3d%3d&view=detailv2&idpp=genimg&idpbck=1&form=BICREC",
  "urlHash": "5cb2f7a26895a4c29e86f3c2f5c3a083",
  "download": "https://api.apify.com/v2/key-value-stores/8Q5Ph8ve3x9HMYRD9/records/5cb2f7a26895a4c29e86f3c2f5c3a083.zip"
},
{
  "url": "https://www.bing.com/images/create/portrait-photo-of-a-female-dog-dressed-in-modern-i/1-657c29ee8dd542879d9b9eb7850cdc84?id=EVDCkOvsyPxUbGvXrNJO2g%3d%3d&view=detailv2&idpp=genimg&idpbck=1&form=BICREC",
  "urlHash": "d4fb1249b8a45d94245f2235fa06d03c",
  "download": "https://api.apify.com/v2/key-value-stores/8Q5Ph8ve3x9HMYRD9/records/d4fb1249b8a45d94245f2235fa06d03c.zip"
},
{
  "url": "https://www.bing.com/images/create/portrait-photo-of-a-female-dog-dressed-in-modern-i/1-657c29ee8dd542879d9b9eb7850cdc84?id=pHj2tEh%2f1q6Rbh2imz4fAA%3d%3d&view=detailv2&idpp=genimg&idpbck=1&form=BICREC",
  "urlHash": "1ba6065f7f7285794320b784eeab90e8",
  "download": "https://api.apify.com/v2/key-value-stores/8Q5Ph8ve3x9HMYRD9/records/1ba6065f7f7285794320b784eeab90e8.zip"
},
{
  "url": "https://www.bing.com/images/create/portrait-photo-of-a-female-dog-dressed-in-modern-i/1-657c29ee8dd542879d9b9eb7850cdc84?id=0NgS1%2fgcv%2fRMN%2fHgacT4hQ%3d%3d&view=detailv2&idpp=genimg&idpbck=1&form=BICREC",
  "urlHash": "5c8f06ff6b1c63ad9c5f110c3fad38e6",
  "download": "https://api.apify.com/v2/key-value-stores/8Q5Ph8ve3x9HMYRD9/records/5c8f06ff6b1c63ad9c5f110c3fad38e6.zip"
},
{
  "url": "https://www.bing.com/images/create/portrait-photo-of-a-female-dog-dressed-in-modern-i/1-657c29ee8dd542879d9b9eb7850cdc84?id=SNS2VQwU1h3TzhpvWDVBRQ%3d%3d&view=detailv2&idpp=genimg&idpbck=1&form=BICREC",
  "urlHash": "19a799772aede59d2580fcf7570510f1",
  "download": "https://api.apify.com/v2/key-value-stores/8Q5Ph8ve3x9HMYRD9/records/19a799772aede59d2580fcf7570510f1.zip"
},
{
  "url": "https://www.bing.com/images/create/portrait-photo-of-a-female-dog-dressed-in-modern-i/1-657c29ccdec846e2ad8b7b0097df7f7e?id=6cPwY30iLo0QnhLbkH5%2fmg%3d%3d&view=detailv2&idpp=genimg&idpbck=1&form=BICREC",
  "urlHash": "e11c49d81f9df4b9c2e09019bacf6562",
  "download": "https://api.apify.com/v2/key-value-stores/8Q5Ph8ve3x9HMYRD9/records/e11c49d81f9df4b9c2e09019bacf6562.zip"
},
{
  "url": "https://www.bing.com/images/create/portrait-photo-of-a-female-dog-dressed-in-modern-i/1-657c29ccdec846e2ad8b7b0097df7f7e?id=VGLzaZer5JXZS70IEr59Jg%3d%3d&view=detailv2&idpp=genimg&idpbck=1&form=BICREC",
  "urlHash": "68bbae7c1e15649ae752952f626f84cd",
  "download": "https://api.apify.com/v2/key-value-stores/8Q5Ph8ve3x9HMYRD9/records/68bbae7c1e15649ae752952f626f84cd.zip"
},
{
  "url": "https://www.bing.com/images/create/portrait-photo-of-a-female-dog-dressed-in-modern-i/1-657c29ccdec846e2ad8b7b0097df7f7e?id=sx%2fPcB6iOdWPauX8j0uBnA%3d%3d&view=detailv2&idpp=genimg&idpbck=1&form=BICREC",
  "urlHash": "e62041a606e500e2aa743ea8bee0c92c",
  "download": "https://api.apify.com/v2/key-value-stores/8Q5Ph8ve3x9HMYRD9/records/e62041a606e500e2aa743ea8bee0c92c.zip"
},
{
  "url": "https://www.bing.com/images/create/portrait-photo-of-a-female-dog-dressed-in-modern-i/1-657c29881788464aadb38dc1e8d7b7b2?id=t6SubGFCPjEZjO%2bkWfXs%2fQ%3d%3d&view=detailv2&idpp=genimg&idpbck=1&form=BICREC",
  "urlHash": "2f20e9fde5db50ae6812c421e0e87c8d",
  "download": "https://api.apify.com/v2/key-value-stores/8Q5Ph8ve3x9HMYRD9/records/2f20e9fde5db50ae6812c421e0e87c8d.zip"
},
{
  "url": "https://www.bing.com/images/create/portrait-photo-of-a-female-dog-dressed-in-modern-i/1-657c29ccdec846e2ad8b7b0097df7f7e?id=VbT%2fCAH4zSaIpxqFA4xMXw%3d%3d&view=detailv2&idpp=genimg&idpbck=1&form=BICREC",
  "urlHash": "ee2fdd80840f9d18cd21ff0047a2ff51",
  "download": "https://api.apify.com/v2/key-value-stores/8Q5Ph8ve3x9HMYRD9/records/ee2fdd80840f9d18cd21ff0047a2ff51.zip"
},
{
  "url": "https://www.bing.com/images/create/portrait-photo-of-a-female-dog-dressed-in-modern-i/1-657c29881788464aadb38dc1e8d7b7b2?id=9vhQXhYsXBk6BdskdqwlAg%3d%3d&view=detailv2&idpp=genimg&idpbck=1&form=BICREC",
  "urlHash": "50c7c1e0d3b79f0f04d781ab464accca",
  "download": "https://api.apify.com/v2/key-value-stores/8Q5Ph8ve3x9HMYRD9/records/50c7c1e0d3b79f0f04d781ab464accca.zip"
},
{
  "url": "https://www.bing.com/images/create/portrait-photo-of-a-female-dog-dressed-in-modern-i/1-657c29881788464aadb38dc1e8d7b7b2?id=oupSyActTT%2bSDiat2ak2zw%3d%3d&view=detailv2&idpp=genimg&idpbck=1&form=BICREC",
  "urlHash": "a6ffb7934acadd112d837389487aa00b",
  "download": "https://api.apify.com/v2/key-value-stores/8Q5Ph8ve3x9HMYRD9/records/a6ffb7934acadd112d837389487aa00b.zip"
},
{
  "url": "https://www.bing.com/images/create/portrait-photo-of-a-female-dog-dressed-in-modern-i/1-657c29881788464aadb38dc1e8d7b7b2?id=VV9jV7xO0QZDiaTW2d8GsA%3d%3d&view=detailv2&idpp=genimg&idpbck=1&form=BICREC",
  "urlHash": "2e4abc6fe75394319d542ef91f63e03d",
  "download": "https://api.apify.com/v2/key-value-stores/8Q5Ph8ve3x9HMYRD9/records/2e4abc6fe75394319d542ef91f63e03d.zip"
}]