[{
  "url": "https://www.bing.com/images/create/portrait-photo-of-a-female-cat-dressed-in-modern-i/1-65811a30cbd040e5b97ccb261e9f801c?id=t2KK80cgt8prsh8%2f1oyCRA%3d%3d&view=detailv2&idpp=genimg&idpbck=1&form=BICREC",
  "urlHash": "1f40ed2dcacbb4eb56cdcb6bd5bf8f58",
  "download": "https://api.apify.com/v2/key-value-stores/kPXQf7Zs2zdDeTesc/records/1f40ed2dcacbb4eb56cdcb6bd5bf8f58.zip"
},
{
  "url": "https://www.bing.com/images/create/portrait-photo-of-a-female-cat-dressed-in-modern-i/1-65811a30cbd040e5b97ccb261e9f801c?id=l38bPLY1MS%2bueuutZ6b8yg%3d%3d&view=detailv2&idpp=genimg&idpbck=1&form=BICREC",
  "urlHash": "ffeb663e6672aabcaa843460e107fced",
  "download": "https://api.apify.com/v2/key-value-stores/kPXQf7Zs2zdDeTesc/records/ffeb663e6672aabcaa843460e107fced.zip"
},
{
  "url": "https://www.bing.com/images/create/portrait-photo-of-a-female-cat-dressed-in-modern-i/1-65811a30cbd040e5b97ccb261e9f801c?id=htQh%2fyBVE28XrTsLSdIr0Q%3d%3d&view=detailv2&idpp=genimg&idpbck=1&form=BICREC",
  "urlHash": "dabd03e2fbcecddd17c4a100a56ab834",
  "download": "https://api.apify.com/v2/key-value-stores/kPXQf7Zs2zdDeTesc/records/dabd03e2fbcecddd17c4a100a56ab834.zip"
},
{
  "url": "https://www.bing.com/images/create/portrait-photo-of-a-female-cat-dressed-in-modern-i/1-65811a30cbd040e5b97ccb261e9f801c?id=9y8zOyNhKp9yXuYM1hM5UA%3d%3d&view=detailv2&idpp=genimg&idpbck=1&form=BICREC",
  "urlHash": "98496be50a7c59d3f15eaacb6e77a340",
  "download": "https://api.apify.com/v2/key-value-stores/kPXQf7Zs2zdDeTesc/records/98496be50a7c59d3f15eaacb6e77a340.zip"
},
{
  "url": "https://www.bing.com/images/create/portrait-photo-of-a-female-cat-dressed-in-modern-i/1-65811a0805e9432aa547cfbaa0a5b8d7?id=y89cJ9r4TtpFaSLsVEtQ2w%3d%3d&view=detailv2&idpp=genimg&idpbck=1&form=BICREC",
  "urlHash": "c038164ae9a93302a1aa1cff27547e45",
  "download": "https://api.apify.com/v2/key-value-stores/kPXQf7Zs2zdDeTesc/records/c038164ae9a93302a1aa1cff27547e45.zip"
},
{
  "url": "https://www.bing.com/images/create/portrait-photo-of-a-female-cat-dressed-in-modern-i/1-65811a0805e9432aa547cfbaa0a5b8d7?id=hNr4HZlKs2TwqqhAlaS9eg%3d%3d&view=detailv2&idpp=genimg&idpbck=1&form=BICREC",
  "urlHash": "949b9d7587a4d094035fdeca0180debd",
  "download": "https://api.apify.com/v2/key-value-stores/kPXQf7Zs2zdDeTesc/records/949b9d7587a4d094035fdeca0180debd.zip"
},
{
  "url": "https://www.bing.com/images/create/portrait-photo-of-a-female-cat-dressed-in-modern-i/1-65811a0805e9432aa547cfbaa0a5b8d7?id=YVO5uCDF%2bJexpLDSibHMMg%3d%3d&view=detailv2&idpp=genimg&idpbck=1&form=BICREC",
  "urlHash": "c6b31520b884c121757ce3bde45d667e",
  "download": "https://api.apify.com/v2/key-value-stores/kPXQf7Zs2zdDeTesc/records/c6b31520b884c121757ce3bde45d667e.zip"
},
{
  "url": "https://www.bing.com/images/create/portrait-photo-of-a-female-cat-dressed-in-modern-i/1-658119d70d804455bdf7009fd5588bf8?id=SEuQWnMzjl1LSamT%2fW9iKA%3d%3d&view=detailv2&idpp=genimg&idpbck=1&form=BICREC",
  "urlHash": "4785f615f49cc5659452eb05c0562b4f",
  "download": "https://api.apify.com/v2/key-value-stores/kPXQf7Zs2zdDeTesc/records/4785f615f49cc5659452eb05c0562b4f.zip"
},
{
  "url": "https://www.bing.com/images/create/portrait-photo-of-a-female-cat-dressed-in-modern-i/1-658119d70d804455bdf7009fd5588bf8?id=aJdG%2fCmC5U%2b1RAWPYmhkIA%3d%3d&view=detailv2&idpp=genimg&idpbck=1&form=BICREC",
  "urlHash": "cd7343b9352a19adfdc0773d7d6d124c",
  "download": "https://api.apify.com/v2/key-value-stores/kPXQf7Zs2zdDeTesc/records/cd7343b9352a19adfdc0773d7d6d124c.zip"
},
{
  "url": "https://www.bing.com/images/create/portrait-photo-of-a-female-cat-dressed-in-modern-i/1-65811a0805e9432aa547cfbaa0a5b8d7?id=JGo89HS4VLMzxxr8JnDVig%3d%3d&view=detailv2&idpp=genimg&idpbck=1&form=BICREC",
  "urlHash": "23633e89f68a6d870035c0c8f1fcfacc",
  "download": "https://api.apify.com/v2/key-value-stores/kPXQf7Zs2zdDeTesc/records/23633e89f68a6d870035c0c8f1fcfacc.zip"
},
{
  "url": "https://www.bing.com/images/create/portrait-photo-of-a-female-cat-dressed-in-modern-i/1-658119d70d804455bdf7009fd5588bf8?id=KBjF0hRdRgT8lwQw3zIovg%3d%3d&view=detailv2&idpp=genimg&idpbck=1&form=BICREC",
  "urlHash": "6c37aaed3c3335ca0fbd33a8774fef5a",
  "download": "https://api.apify.com/v2/key-value-stores/kPXQf7Zs2zdDeTesc/records/6c37aaed3c3335ca0fbd33a8774fef5a.zip"
},
{
  "url": "https://www.bing.com/images/create/portrait-photo-of-a-female-cat-dressed-in-modern-i/1-658119d70d804455bdf7009fd5588bf8?id=WjRfvbBNZ9qPkBPnoQ4hbg%3d%3d&view=detailv2&idpp=genimg&idpbck=1&form=BICREC",
  "urlHash": "c574d2a3f28e3679f1f38e6bd3198db7",
  "download": "https://api.apify.com/v2/key-value-stores/kPXQf7Zs2zdDeTesc/records/c574d2a3f28e3679f1f38e6bd3198db7.zip"
},
{
  "url": "https://www.bing.com/images/create/portrait-photo-of-a-female-cat-dressed-in-modern-i/1-658119a30b2a4dc2b0e3ea060f3b560e?id=g6VFBkroXCFNJ8iZBt%2fHzQ%3d%3d&view=detailv2&idpp=genimg&idpbck=1&form=BICREC",
  "urlHash": "aee2b0fd35343e9e35ffc415fb499197",
  "download": "https://api.apify.com/v2/key-value-stores/kPXQf7Zs2zdDeTesc/records/aee2b0fd35343e9e35ffc415fb499197.zip"
},
{
  "url": "https://www.bing.com/images/create/portrait-photo-of-a-female-cat-dressed-in-modern-i/1-658119a30b2a4dc2b0e3ea060f3b560e?id=x650%2fylPrTA29dMuONAaTw%3d%3d&view=detailv2&idpp=genimg&idpbck=1&form=BICREC",
  "urlHash": "4916734df3ce3dcd2b2156c56aab0446",
  "download": "https://api.apify.com/v2/key-value-stores/kPXQf7Zs2zdDeTesc/records/4916734df3ce3dcd2b2156c56aab0446.zip"
},
{
  "url": "https://www.bing.com/images/create/portrait-photo-of-a-female-cat-dressed-in-modern-i/1-658119a30b2a4dc2b0e3ea060f3b560e?id=5KulJ4hpaqw5vbXG77Rzog%3d%3d&view=detailv2&idpp=genimg&idpbck=1&form=BICREC",
  "urlHash": "29719f65c5313d994237042e73e4a974",
  "download": "https://api.apify.com/v2/key-value-stores/kPXQf7Zs2zdDeTesc/records/29719f65c5313d994237042e73e4a974.zip"
},
{
  "url": "https://www.bing.com/images/create/portrait-photo-of-a-female-cat-dressed-in-modern-i/1-658119a30b2a4dc2b0e3ea060f3b560e?id=x650%2fylPrTA29dMuONAaTw%3d%3d&view=detailv2&idpp=genimg&idpbck=1&form=BICREC",
  "urlHash": "4916734df3ce3dcd2b2156c56aab0446",
  "download": "https://api.apify.com/v2/key-value-stores/kPXQf7Zs2zdDeTesc/records/4916734df3ce3dcd2b2156c56aab0446.zip"
},
{
  "url": "https://www.bing.com/images/create/portrait-photo-of-a-female-cat-dressed-in-modern-i/1-658119a30b2a4dc2b0e3ea060f3b560e?id=CTsWhU7LWfXvWMvbRwYqAg%3d%3d&view=detailv2&idpp=genimg&idpbck=1&form=BICREC",
  "urlHash": "6b6acb8c6c09d7323760750e6783b001",
  "download": "https://api.apify.com/v2/key-value-stores/kPXQf7Zs2zdDeTesc/records/6b6acb8c6c09d7323760750e6783b001.zip"
},
{
  "url": "https://www.bing.com/images/create/portrait-photo-of-a-female-cat-dressed-in-modern-i/1-658119801eae4b3aabe14039fa2bdf11?id=cQec%2brqjfGRdnnfBWuqO8A%3d%3d&view=detailv2&idpp=genimg&idpbck=1&form=BICREC",
  "urlHash": "08d8f6178dc1ae0c0035f5663fe85ea5",
  "download": "https://api.apify.com/v2/key-value-stores/kPXQf7Zs2zdDeTesc/records/08d8f6178dc1ae0c0035f5663fe85ea5.zip"
},
{
  "url": "https://www.bing.com/images/create/portrait-photo-of-a-female-cat-dressed-in-modern-i/1-658119a30b2a4dc2b0e3ea060f3b560e?id=5KulJ4hpaqw5vbXG77Rzog%3d%3d&view=detailv2&idpp=genimg&idpbck=1&form=BICREC",
  "urlHash": "29719f65c5313d994237042e73e4a974",
  "download": "https://api.apify.com/v2/key-value-stores/kPXQf7Zs2zdDeTesc/records/29719f65c5313d994237042e73e4a974.zip"
},
{
  "url": "https://www.bing.com/images/create/portrait-photo-of-a-female-cat-dressed-in-modern-i/1-658119801eae4b3aabe14039fa2bdf11?id=kM4fVxj3mMZWIN2HMi3Lww%3d%3d&view=detailv2&idpp=genimg&idpbck=1&form=BICREC",
  "urlHash": "b8534362b76ec059dbe9a2fe36189386",
  "download": "https://api.apify.com/v2/key-value-stores/kPXQf7Zs2zdDeTesc/records/b8534362b76ec059dbe9a2fe36189386.zip"
},
{
  "url": "https://www.bing.com/images/create/portrait-photo-of-a-female-cat-dressed-in-modern-i/1-658119801eae4b3aabe14039fa2bdf11?id=%2b0pV4M%2fWF1YOlL9Jusz%2fGA%3d%3d&view=detailv2&idpp=genimg&idpbck=1&form=BICREC",
  "urlHash": "76354592193e47a4553107daf7de6f92",
  "download": "https://api.apify.com/v2/key-value-stores/kPXQf7Zs2zdDeTesc/records/76354592193e47a4553107daf7de6f92.zip"
},
{
  "url": "https://www.bing.com/images/create/portrait-photo-of-a-female-cat-dressed-in-modern-i/1-658119801eae4b3aabe14039fa2bdf11?id=nxnrqB6bbayTawf4ITyJdA%3d%3d&view=detailv2&idpp=genimg&idpbck=1&form=BICREC",
  "urlHash": "25de35c6f651a58a88b80ca38127f2e6",
  "download": "https://api.apify.com/v2/key-value-stores/kPXQf7Zs2zdDeTesc/records/25de35c6f651a58a88b80ca38127f2e6.zip"
},
{
  "url": "https://www.bing.com/images/create/portrait-photo-of-a-female-cat-dressed-in-modern-i/1-6581190c039240cc89e44828c6740ae9?id=RqJE4XcMxB76X5YxDf2UXg%3d%3d&view=detailv2&idpp=genimg&idpbck=1&form=BICREC",
  "urlHash": "893bb7f8d0aa5144fa9e92283bd274e2",
  "download": "https://api.apify.com/v2/key-value-stores/kPXQf7Zs2zdDeTesc/records/893bb7f8d0aa5144fa9e92283bd274e2.zip"
},
{
  "url": "https://www.bing.com/images/create/portrait-photo-of-a-female-cat-dressed-in-modern-i/1-6581190c039240cc89e44828c6740ae9?id=xjyvjG3uqO9ElJfX3huSFA%3d%3d&view=detailv2&idpp=genimg&idpbck=1&form=BICREC",
  "urlHash": "ddff45aec8b1c1512cea72cf568fb767",
  "download": "https://api.apify.com/v2/key-value-stores/kPXQf7Zs2zdDeTesc/records/ddff45aec8b1c1512cea72cf568fb767.zip"
},
{
  "url": "https://www.bing.com/images/create/portrait-photo-of-a-female-cat-dressed-in-modern-i/1-6581190c039240cc89e44828c6740ae9?id=TPotAqxb4E3T9lW0AsTUag%3d%3d&view=detailv2&idpp=genimg&idpbck=1&form=BICREC",
  "urlHash": "67b9ecbcb38a59c9b72d8a5cf604b4ac",
  "download": "https://api.apify.com/v2/key-value-stores/kPXQf7Zs2zdDeTesc/records/67b9ecbcb38a59c9b72d8a5cf604b4ac.zip"
},
{
  "url": "https://www.bing.com/images/create/portrait-photo-of-a-female-cat-dressed-in-modern-i/1-6581190c039240cc89e44828c6740ae9?id=DmDLrYkXQE6aqK955kZ%2b4Q%3d%3d&view=detailv2&idpp=genimg&idpbck=1&form=BICREC",
  "urlHash": "19487e9bdc6fd793d20e657841f8d0ac",
  "download": "https://api.apify.com/v2/key-value-stores/kPXQf7Zs2zdDeTesc/records/19487e9bdc6fd793d20e657841f8d0ac.zip"
},
{
  "url": "https://www.bing.com/images/create/portrait-photo-of-a-female-cat-dressed-in-modern-i/1-65811abca40743d1ab01c6eebc6044c4?id=yu4nyJmtSDVxWkYK1meLSw%3d%3d&view=detailv2&idpp=genimg&idpbck=1&form=BICREC",
  "urlHash": "dac940b6532817f48c0f8cff1cec7a18",
  "download": "https://api.apify.com/v2/key-value-stores/kPXQf7Zs2zdDeTesc/records/dac940b6532817f48c0f8cff1cec7a18.zip"
},
{
  "url": "https://www.bing.com/images/create/portrait-photo-of-a-female-cat-dressed-in-modern-i/1-65811abca40743d1ab01c6eebc6044c4?id=%2f8OAMhc%2bU%2bxp%2fgznWdsWvQ%3d%3d&view=detailv2&idpp=genimg&idpbck=1&form=BICREC",
  "urlHash": "99678957aaa650520f494af881f822c9",
  "download": "https://api.apify.com/v2/key-value-stores/kPXQf7Zs2zdDeTesc/records/99678957aaa650520f494af881f822c9.zip"
},
{
  "url": "https://www.bing.com/images/create/portrait-photo-of-a-female-cat-dressed-in-modern-i/1-65811abca40743d1ab01c6eebc6044c4?id=o5zcoGVgKGtxvfjpjuPgIg%3d%3d&view=detailv2&idpp=genimg&idpbck=1&form=BICREC",
  "urlHash": "808857cbbdcefc88708063bbfeb3b8a4",
  "download": "https://api.apify.com/v2/key-value-stores/kPXQf7Zs2zdDeTesc/records/808857cbbdcefc88708063bbfeb3b8a4.zip"
},
{
  "url": "https://www.bing.com/images/create/portrait-photo-of-a-female-cat-dressed-in-modern-i/1-65811abca40743d1ab01c6eebc6044c4?id=209q9VGiOvpw5Qq7S%2fJBFg%3d%3d&view=detailv2&idpp=genimg&idpbck=1&form=BICREC",
  "urlHash": "974afc8246d128381ab770543f0a9e29",
  "download": "https://api.apify.com/v2/key-value-stores/kPXQf7Zs2zdDeTesc/records/974afc8246d128381ab770543f0a9e29.zip"
},
{
  "url": "https://www.bing.com/images/create/portrait-photo-of-a-female-dog-dressed-in-modern-i/1-657c2732f4984500a5ef43a8081d45a7?id=335SrQe02u3wkEYIqKk7Fg%3d%3d&view=detailv2&idpp=genimg&idpbck=1&form=BICREC",
  "urlHash": "f957990acc21a2765534d2d8d0d6db65",
  "download": "https://api.apify.com/v2/key-value-stores/kPXQf7Zs2zdDeTesc/records/f957990acc21a2765534d2d8d0d6db65.zip"
},
{
  "url": "https://www.bing.com/images/create/portrait-photo-of-a-female-dog-dressed-in-modern-i/1-657c2732f4984500a5ef43a8081d45a7?id=wJGnFtGiZk76LR7f4nICfQ%3d%3d&view=detailv2&idpp=genimg&idpbck=1&form=BICREC",
  "urlHash": "ca553e76f75a89972b0f7862347e3982",
  "download": "https://api.apify.com/v2/key-value-stores/kPXQf7Zs2zdDeTesc/records/ca553e76f75a89972b0f7862347e3982.zip"
},
{
  "url": "https://www.bing.com/images/create/portrait-photo-of-a-female-cat-dressed-in-modern-i/1-65811a79696b41c0a437babbcb9230d6?id=3DCeu6%2fTT24CnvHbkPvR%2fg%3d%3d&view=detailv2&idpp=genimg&idpbck=1&form=BICREC",
  "urlHash": "3f6732863e829e24b01d4507114f722d",
  "download": "https://api.apify.com/v2/key-value-stores/kPXQf7Zs2zdDeTesc/records/3f6732863e829e24b01d4507114f722d.zip"
},
{
  "url": "https://www.bing.com/images/create/portrait-photo-of-a-female-cat-dressed-in-modern-i/1-65811a79696b41c0a437babbcb9230d6?id=TTO%2fiJa49ygbepdTQbk2PA%3d%3d&view=detailv2&idpp=genimg&idpbck=1&form=BICREC",
  "urlHash": "023401ffcee6fca688144191b6b3b8bd",
  "download": "https://api.apify.com/v2/key-value-stores/kPXQf7Zs2zdDeTesc/records/023401ffcee6fca688144191b6b3b8bd.zip"
},
{
  "url": "https://www.bing.com/images/create/portrait-photo-of-a-female-cat-dressed-in-modern-i/1-65811a79696b41c0a437babbcb9230d6?id=cgPdaorQ0%2bZIxgt5MyuRrQ%3d%3d&view=detailv2&idpp=genimg&idpbck=1&form=BICREC",
  "urlHash": "922254f341e9dd40eceabfe4fc414492",
  "download": "https://api.apify.com/v2/key-value-stores/kPXQf7Zs2zdDeTesc/records/922254f341e9dd40eceabfe4fc414492.zip"
},
{
  "url": "https://www.bing.com/images/create/portrait-photo-of-a-female-cat-dressed-in-modern-i/1-65811a79696b41c0a437babbcb9230d6?id=uwKK%2b15rw9gFeVgBQEBZQA%3d%3d&view=detailv2&idpp=genimg&idpbck=1&form=BICREC",
  "urlHash": "435fd9ca101d3e2c3de2e3475f4142a5",
  "download": "https://api.apify.com/v2/key-value-stores/kPXQf7Zs2zdDeTesc/records/435fd9ca101d3e2c3de2e3475f4142a5.zip"
},
{
  "url": "https://www.bing.com/images/create/portrait-photo-of-a-female-dog-dressed-in-modern-i/1-657c2732f4984500a5ef43a8081d45a7?id=X7Es4myvv%2byh7ipvB5Ku4Q%3d%3d&view=detailv2&idpp=genimg&idpbck=1&form=BICREC",
  "urlHash": "994265a12209e9606a370e604b983fda",
  "download": "https://api.apify.com/v2/key-value-stores/kPXQf7Zs2zdDeTesc/records/994265a12209e9606a370e604b983fda.zip"
},
{
  "url": "https://www.bing.com/images/create/portrait-photo-of-a-female-dog-dressed-in-modern-i/1-657c2718622346169b3ba8b7558bda25?id=C0AfM%2bgxFhrXVvSJ5CK7eg%3d%3d&view=detailv2&idpp=genimg&idpbck=1&form=BICREC",
  "urlHash": "c51889266f7c10ff499127ec44e5b5c0",
  "download": "https://api.apify.com/v2/key-value-stores/kPXQf7Zs2zdDeTesc/records/c51889266f7c10ff499127ec44e5b5c0.zip"
},
{
  "url": "https://www.bing.com/images/create/portrait-photo-of-a-female-dog-dressed-in-modern-i/1-657c2732f4984500a5ef43a8081d45a7?id=JQxCohm4ENhq5ok%2fgHLMZw%3d%3d&view=detailv2&idpp=genimg&idpbck=1&form=BICREC",
  "urlHash": "23c994cb2b16703992c218643bde2965",
  "download": "https://api.apify.com/v2/key-value-stores/kPXQf7Zs2zdDeTesc/records/23c994cb2b16703992c218643bde2965.zip"
},
{
  "url": "https://www.bing.com/images/create/portrait-photo-of-a-female-dog-dressed-in-modern-i/1-657c2718622346169b3ba8b7558bda25?id=Sa09CvblZGhnZrHWsmn9WA%3d%3d&view=detailv2&idpp=genimg&idpbck=1&form=BICREC",
  "urlHash": "38bb197f35dcac2f9c30fdf08381648f",
  "download": "https://api.apify.com/v2/key-value-stores/kPXQf7Zs2zdDeTesc/records/38bb197f35dcac2f9c30fdf08381648f.zip"
},
{
  "url": "https://www.bing.com/images/create/portrait-photo-of-a-female-dog-dressed-in-modern-i/1-657c26fc71b647099709a26fe268cf36?id=c10dQ2UX0w3cZV58kakuRg%3d%3d&view=detailv2&idpp=genimg&idpbck=1&form=BICREC",
  "urlHash": "233684c7a30dd739f8e8577e9c556bb9",
  "download": "https://api.apify.com/v2/key-value-stores/kPXQf7Zs2zdDeTesc/records/233684c7a30dd739f8e8577e9c556bb9.zip"
},
{
  "url": "https://www.bing.com/images/create/portrait-photo-of-a-female-dog-dressed-in-modern-i/1-657c2718622346169b3ba8b7558bda25?id=%2booiMZiYeIbidB1kMN3jhg%3d%3d&view=detailv2&idpp=genimg&idpbck=1&form=BICREC",
  "urlHash": "cc4fe51b81088bd0f017b23bfd04fc49",
  "download": "https://api.apify.com/v2/key-value-stores/kPXQf7Zs2zdDeTesc/records/cc4fe51b81088bd0f017b23bfd04fc49.zip"
},
{
  "url": "https://www.bing.com/images/create/portrait-photo-of-a-female-dog-dressed-in-modern-i/1-657c26fc71b647099709a26fe268cf36?id=6%2f972NTXtL9neCwxGotXVA%3d%3d&view=detailv2&idpp=genimg&idpbck=1&form=BICREC",
  "urlHash": "f945796bfda353516cf6234697899ba9",
  "download": "https://api.apify.com/v2/key-value-stores/kPXQf7Zs2zdDeTesc/records/f945796bfda353516cf6234697899ba9.zip"
},
{
  "url": "https://www.bing.com/images/create/portrait-photo-of-a-female-dog-dressed-in-modern-i/1-657c2718622346169b3ba8b7558bda25?id=nG4StfJ0ARqwzzo4RwJo5w%3d%3d&view=detailv2&idpp=genimg&idpbck=1&form=BICREC",
  "urlHash": "b9195c60da983eeaf9ceaedaee042e61",
  "download": "https://api.apify.com/v2/key-value-stores/kPXQf7Zs2zdDeTesc/records/b9195c60da983eeaf9ceaedaee042e61.zip"
},
{
  "url": "https://www.bing.com/images/create/portrait-photo-of-a-female-dog-dressed-in-modern-i/1-657c26fc71b647099709a26fe268cf36?id=QvuPNW10UpnI%2bojal91gbQ%3d%3d&view=detailv2&idpp=genimg&idpbck=1&form=BICREC",
  "urlHash": "4ca9f5209f2ed391d5442b69b00803e7",
  "download": "https://api.apify.com/v2/key-value-stores/kPXQf7Zs2zdDeTesc/records/4ca9f5209f2ed391d5442b69b00803e7.zip"
},
{
  "url": "https://www.bing.com/images/create/portrait-photo-of-a-female-dog-dressed-in-modern-i/1-657c26fc71b647099709a26fe268cf36?id=KwCA%2bNUGnHWpk3cyMAUddg%3d%3d&view=detailv2&idpp=genimg&idpbck=1&form=BICREC",
  "urlHash": "e97e06793c200211f567eea99afc8229",
  "download": "https://api.apify.com/v2/key-value-stores/kPXQf7Zs2zdDeTesc/records/e97e06793c200211f567eea99afc8229.zip"
},
{
  "url": "https://www.bing.com/images/create/portrait-photo-of-a-female-dog-dressed-in-modern-i/1-657c26ab8326419987f5dbf6a8751528?id=puKf%2fEQcBH0KAhjiGXPj5Q%3d%3d&view=detailv2&idpp=genimg&idpbck=1&form=BICREC",
  "urlHash": "a1b470005ae9a340a6db7e97c0721230",
  "download": "https://api.apify.com/v2/key-value-stores/kPXQf7Zs2zdDeTesc/records/a1b470005ae9a340a6db7e97c0721230.zip"
},
{
  "url": "https://www.bing.com/images/create/portrait-photo-of-a-female-dog-dressed-in-modern-i/1-657c26ab8326419987f5dbf6a8751528?id=usEs7YwEDmdmhyfm8PibDg%3d%3d&view=detailv2&idpp=genimg&idpbck=1&form=BICREC",
  "urlHash": "18e6460160485c9bf6ca61fda2c8e71f",
  "download": "https://api.apify.com/v2/key-value-stores/kPXQf7Zs2zdDeTesc/records/18e6460160485c9bf6ca61fda2c8e71f.zip"
},
{
  "url": "https://www.bing.com/images/create/portrait-photo-of-a-female-dog-dressed-in-modern-i/1-657c26ab8326419987f5dbf6a8751528?id=7hqjp%2fj7IcsjSQirSALBag%3d%3d&view=detailv2&idpp=genimg&idpbck=1&form=BICREC",
  "urlHash": "2274cbc4a06282bd58a28bc2e320c14d",
  "download": "https://api.apify.com/v2/key-value-stores/kPXQf7Zs2zdDeTesc/records/2274cbc4a06282bd58a28bc2e320c14d.zip"
},
{
  "url": "https://www.bing.com/images/create/portrait-photo-of-a-female-dog-dressed-in-modern-i/1-657c26ab8326419987f5dbf6a8751528?id=bTbLJYsY0AHa7mIcqqvu5A%3d%3d&view=detailv2&idpp=genimg&idpbck=1&form=BICREC",
  "urlHash": "69d3af6ece157bab55540dbaa81676d0",
  "download": "https://api.apify.com/v2/key-value-stores/kPXQf7Zs2zdDeTesc/records/69d3af6ece157bab55540dbaa81676d0.zip"
},
{
  "url": "https://www.bing.com/images/create/portrait-photo-of-a-female-dog-dressed-in-modern-i/1-657c280f843b46288f3bc364bc9a66ff?id=Qv2XG%2bf6A%2fNqsK79zG4sIg%3d%3d&view=detailv2&idpp=genimg&idpbck=1&form=BICREC",
  "urlHash": "a125ebc9769f89e7836b89bf1a57e20b",
  "download": "https://api.apify.com/v2/key-value-stores/kPXQf7Zs2zdDeTesc/records/a125ebc9769f89e7836b89bf1a57e20b.zip"
},
{
  "url": "https://www.bing.com/images/create/portrait-photo-of-a-female-dog-dressed-in-modern-i/1-657c280f843b46288f3bc364bc9a66ff?id=OSsmTDUxQU3z1%2f%2f9K4jQMg%3d%3d&view=detailv2&idpp=genimg&idpbck=1&form=BICREC",
  "urlHash": "29e19195d79b13941b9bd17516c77739",
  "download": "https://api.apify.com/v2/key-value-stores/kPXQf7Zs2zdDeTesc/records/29e19195d79b13941b9bd17516c77739.zip"
},
{
  "url": "https://www.bing.com/images/create/portrait-photo-of-a-female-dog-dressed-in-modern-i/1-657c280f843b46288f3bc364bc9a66ff?id=x1IW%2b3pc3GHe9XyLKOhIcw%3d%3d&view=detailv2&idpp=genimg&idpbck=1&form=BICREC",
  "urlHash": "a4d0b5bb114ad4ef286daa503c5c2f99",
  "download": "https://api.apify.com/v2/key-value-stores/kPXQf7Zs2zdDeTesc/records/a4d0b5bb114ad4ef286daa503c5c2f99.zip"
},
{
  "url": "https://www.bing.com/images/create/portrait-photo-of-a-female-dog-dressed-in-modern-i/1-657c280f843b46288f3bc364bc9a66ff?id=AOeSymIBqyj3L7eRP5pN%2bA%3d%3d&view=detailv2&idpp=genimg&idpbck=1&form=BICREC",
  "urlHash": "38575218bc6264b820a7b6b328001e7b",
  "download": "https://api.apify.com/v2/key-value-stores/kPXQf7Zs2zdDeTesc/records/38575218bc6264b820a7b6b328001e7b.zip"
},
{
  "url": "https://www.bing.com/images/create/portrait-photo-of-a-female-dog-dressed-in-modern-i/1-657c27ec52c342debb2ee949d4181ab7?id=U0GxwxnKAV2tBvIwnXZyqQ%3d%3d&view=detailv2&idpp=genimg&idpbck=1&form=BICREC",
  "urlHash": "227d4499b31a76185babbe5ecd6a3d96",
  "download": "https://api.apify.com/v2/key-value-stores/kPXQf7Zs2zdDeTesc/records/227d4499b31a76185babbe5ecd6a3d96.zip"
},
{
  "url": "https://www.bing.com/images/create/portrait-photo-of-a-female-dog-dressed-in-modern-i/1-657c27ec52c342debb2ee949d4181ab7?id=hwAzPccxqDRcfVMWNtTcXg%3d%3d&view=detailv2&idpp=genimg&idpbck=1&form=BICREC",
  "urlHash": "1d71bdb49e98781e40f0b3e4ceaef8b5",
  "download": "https://api.apify.com/v2/key-value-stores/kPXQf7Zs2zdDeTesc/records/1d71bdb49e98781e40f0b3e4ceaef8b5.zip"
},
{
  "url": "https://www.bing.com/images/create/portrait-photo-of-a-female-dog-dressed-in-modern-i/1-657c27ec52c342debb2ee949d4181ab7?id=aPWxxgyj5K6Sy8zZCUE85w%3d%3d&view=detailv2&idpp=genimg&idpbck=1&form=BICREC",
  "urlHash": "bad40d1a8fafab156ae22f0bca74d72d",
  "download": "https://api.apify.com/v2/key-value-stores/kPXQf7Zs2zdDeTesc/records/bad40d1a8fafab156ae22f0bca74d72d.zip"
},
{
  "url": "https://www.bing.com/images/create/portrait-photo-of-a-female-dog-dressed-in-modern-i/1-657c27ca7eca470ea03036aeccdf4e5f?id=TgokA9TI7T1PaQXxCrY5Eg%3d%3d&view=detailv2&idpp=genimg&idpbck=1&form=BICREC",
  "urlHash": "d94429262ede4cc1c8428bc34305bd95",
  "download": "https://api.apify.com/v2/key-value-stores/kPXQf7Zs2zdDeTesc/records/d94429262ede4cc1c8428bc34305bd95.zip"
},
{
  "url": "https://www.bing.com/images/create/portrait-photo-of-a-female-dog-dressed-in-modern-i/1-657c27ca7eca470ea03036aeccdf4e5f?id=KlDn%2b1xGKYLLkmdhsJHzNQ%3d%3d&view=detailv2&idpp=genimg&idpbck=1&form=BICREC",
  "urlHash": "727093f23aac641cafb112eff2787695",
  "download": "https://api.apify.com/v2/key-value-stores/kPXQf7Zs2zdDeTesc/records/727093f23aac641cafb112eff2787695.zip"
},
{
  "url": "https://www.bing.com/images/create/portrait-photo-of-a-female-dog-dressed-in-modern-i/1-657c27ca7eca470ea03036aeccdf4e5f?id=GzJPaJXIUWqkdczaKviozg%3d%3d&view=detailv2&idpp=genimg&idpbck=1&form=BICREC",
  "urlHash": "a52ffef5bdc7cd3231afdad0fe83d4fb",
  "download": "https://api.apify.com/v2/key-value-stores/kPXQf7Zs2zdDeTesc/records/a52ffef5bdc7cd3231afdad0fe83d4fb.zip"
},
{
  "url": "https://www.bing.com/images/create/portrait-photo-of-a-female-dog-dressed-in-modern-i/1-657c2772506c4f9d9d78cb1c8dfb6db8?id=tYJvEm8ghNWY8htz5Esxxg%3d%3d&view=detailv2&idpp=genimg&idpbck=1&form=BICREC",
  "urlHash": "e7077691259b6e62efb5b9b41a673416",
  "download": "https://api.apify.com/v2/key-value-stores/kPXQf7Zs2zdDeTesc/records/e7077691259b6e62efb5b9b41a673416.zip"
},
{
  "url": "https://www.bing.com/images/create/portrait-photo-of-a-female-dog-dressed-in-modern-i/1-657c27ca7eca470ea03036aeccdf4e5f?id=yO0fDhH7mCmHmZHj141aKw%3d%3d&view=detailv2&idpp=genimg&idpbck=1&form=BICREC",
  "urlHash": "1ab93f929600c406ccff6d79a1c90a07",
  "download": "https://api.apify.com/v2/key-value-stores/kPXQf7Zs2zdDeTesc/records/1ab93f929600c406ccff6d79a1c90a07.zip"
},
{
  "url": "https://www.bing.com/images/create/portrait-photo-of-a-female-dog-dressed-in-modern-i/1-657c27ec52c342debb2ee949d4181ab7?id=1L0GceGQa3JarjRTGQAvRA%3d%3d&view=detailv2&idpp=genimg&idpbck=1&form=BICREC",
  "urlHash": "817787a77f5265168a9240293e9cd31a",
  "download": "https://api.apify.com/v2/key-value-stores/kPXQf7Zs2zdDeTesc/records/817787a77f5265168a9240293e9cd31a.zip"
},
{
  "url": "https://www.bing.com/images/create/portrait-photo-of-a-female-dog-dressed-in-modern-i/1-657c2772506c4f9d9d78cb1c8dfb6db8?id=jW29Cc2URUxudZaXX%2fhwlg%3d%3d&view=detailv2&idpp=genimg&idpbck=1&form=BICREC",
  "urlHash": "51b1cb64f15dc7302f54aa0b0b35a77f",
  "download": "https://api.apify.com/v2/key-value-stores/kPXQf7Zs2zdDeTesc/records/51b1cb64f15dc7302f54aa0b0b35a77f.zip"
},
{
  "url": "https://www.bing.com/images/create/portrait-photo-of-a-female-dog-dressed-in-modern-i/1-657c2772506c4f9d9d78cb1c8dfb6db8?id=t059Fo%2fYZr%2fPruK5ULKnZw%3d%3d&view=detailv2&idpp=genimg&idpbck=1&form=BICREC",
  "urlHash": "99394c69601cb35f012f2f32a5602c46",
  "download": "https://api.apify.com/v2/key-value-stores/kPXQf7Zs2zdDeTesc/records/99394c69601cb35f012f2f32a5602c46.zip"
},
{
  "url": "https://www.bing.com/images/create/portrait-photo-of-a-female-dog-dressed-in-modern-i/1-657c2772506c4f9d9d78cb1c8dfb6db8?id=4h4RVtAkS7BL0oNcKjrdsQ%3d%3d&view=detailv2&idpp=genimg&idpbck=1&form=BICREC",
  "urlHash": "98d98efece5b5eb6144a54b2783702d7",
  "download": "https://api.apify.com/v2/key-value-stores/kPXQf7Zs2zdDeTesc/records/98d98efece5b5eb6144a54b2783702d7.zip"
},
{
  "url": "https://www.bing.com/images/create/portrait-photo-of-a-female-dog-dressed-in-modern-i/1-657c2535429d4f139a7d6c1b06db411f?id=5VO%2f3DqI9ZxqjZEoN5ziCA%3d%3d&view=detailv2&idpp=genimg&idpbck=1&form=BICREC",
  "urlHash": "57c2258f7bae782596dad47d1b194166",
  "download": "https://api.apify.com/v2/key-value-stores/kPXQf7Zs2zdDeTesc/records/57c2258f7bae782596dad47d1b194166.zip"
},
{
  "url": "https://www.bing.com/images/create/portrait-photo-of-a-female-dog-dressed-in-modern-i/1-657c2535429d4f139a7d6c1b06db411f?id=hdoWVoTJIf9%2bB%2bhSn9Kexg%3d%3d&view=detailv2&idpp=genimg&idpbck=1&form=BICREC",
  "urlHash": "0793b5be7cc36db9b75b156c2013de79",
  "download": "https://api.apify.com/v2/key-value-stores/kPXQf7Zs2zdDeTesc/records/0793b5be7cc36db9b75b156c2013de79.zip"
},
{
  "url": "https://www.bing.com/images/create/portrait-photo-of-a-female-dog-dressed-in-modern-i/1-657c2535429d4f139a7d6c1b06db411f?id=9k358%2fEpf1v3yX%2bIGcRntA%3d%3d&view=detailv2&idpp=genimg&idpbck=1&form=BICREC",
  "urlHash": "7bb40e728a9669751c1c266d770ea764",
  "download": "https://api.apify.com/v2/key-value-stores/kPXQf7Zs2zdDeTesc/records/7bb40e728a9669751c1c266d770ea764.zip"
},
{
  "url": "https://www.bing.com/images/create/portrait-photo-of-a-female-dog-dressed-in-modern-i/1-657c2535429d4f139a7d6c1b06db411f?id=orQhJCi57d4KPVFTSKz2Jg%3d%3d&view=detailv2&idpp=genimg&idpbck=1&form=BICREC",
  "urlHash": "c5daad0eba7fac24fa5f650a3e48fab5",
  "download": "https://api.apify.com/v2/key-value-stores/kPXQf7Zs2zdDeTesc/records/c5daad0eba7fac24fa5f650a3e48fab5.zip"
},
{
  "url": "https://www.bing.com/images/create/portrait-photo-of-a-female-dog-dressed-in-modern-i/1-657c2519598c4cb3a5f8719adb2c70da?id=%2fl3nn4bYfQvrhnpjtYPGng%3d%3d&view=detailv2&idpp=genimg&idpbck=1&form=BICREC",
  "urlHash": "e9ec995cc2562bf62307559ce1c97252",
  "download": "https://api.apify.com/v2/key-value-stores/kPXQf7Zs2zdDeTesc/records/e9ec995cc2562bf62307559ce1c97252.zip"
},
{
  "url": "https://www.bing.com/images/create/portrait-photo-of-a-female-dog-dressed-in-modern-i/1-657c2519598c4cb3a5f8719adb2c70da?id=Xj39r63lqMFypOu87jca3w%3d%3d&view=detailv2&idpp=genimg&idpbck=1&form=BICREC",
  "urlHash": "7127aa535d5e69035b8d8c9f176d019b",
  "download": "https://api.apify.com/v2/key-value-stores/kPXQf7Zs2zdDeTesc/records/7127aa535d5e69035b8d8c9f176d019b.zip"
},
{
  "url": "https://www.bing.com/images/create/portrait-photo-of-a-female-dog-dressed-in-modern-i/1-657c2519598c4cb3a5f8719adb2c70da?id=SdKMabi7z%2f35rfSXkwWCmQ%3d%3d&view=detailv2&idpp=genimg&idpbck=1&form=BICREC",
  "urlHash": "0bd5676153d25a0243df9041169313b3",
  "download": "https://api.apify.com/v2/key-value-stores/kPXQf7Zs2zdDeTesc/records/0bd5676153d25a0243df9041169313b3.zip"
},
{
  "url": "https://www.bing.com/images/create/portrait-photo-of-a-female-dog-dressed-in-modern-i/1-657c2519598c4cb3a5f8719adb2c70da?id=p5iCSGDbek%2bYMtw6xpeFhg%3d%3d&view=detailv2&idpp=genimg&idpbck=1&form=BICREC",
  "urlHash": "1314fb17dc924c6eeafbfba0d331ef2b",
  "download": "https://api.apify.com/v2/key-value-stores/kPXQf7Zs2zdDeTesc/records/1314fb17dc924c6eeafbfba0d331ef2b.zip"
},
{
  "url": "https://www.bing.com/images/create/portrait-photo-of-a-female-dog-dressed-in-modern-i/1-657c24fb05af4bd5b08e03a9b32805e2?id=nUH4QQ0DlR0M28cBblBZvQ%3d%3d&view=detailv2&idpp=genimg&idpbck=1&form=BICREC",
  "urlHash": "dce0e2c6e0dde449d5c97364a6f5c887",
  "download": "https://api.apify.com/v2/key-value-stores/kPXQf7Zs2zdDeTesc/records/dce0e2c6e0dde449d5c97364a6f5c887.zip"
},
{
  "url": "https://www.bing.com/images/create/portrait-photo-of-a-female-dog-dressed-in-modern-i/1-657c24fb05af4bd5b08e03a9b32805e2?id=Bc9g1rBgADFQDfzbJfjQJg%3d%3d&view=detailv2&idpp=genimg&idpbck=1&form=BICREC",
  "urlHash": "b5835d392108c25a2ed6b725883baa2f",
  "download": "https://api.apify.com/v2/key-value-stores/kPXQf7Zs2zdDeTesc/records/b5835d392108c25a2ed6b725883baa2f.zip"
},
{
  "url": "https://www.bing.com/images/create/portrait-photo-of-a-female-dog-dressed-in-modern-i/1-657c24fb05af4bd5b08e03a9b32805e2?id=aTayj05o9kftHtItMnz3bw%3d%3d&view=detailv2&idpp=genimg&idpbck=1&form=BICREC",
  "urlHash": "796c0fc38de33ee4993727be265f70d1",
  "download": "https://api.apify.com/v2/key-value-stores/kPXQf7Zs2zdDeTesc/records/796c0fc38de33ee4993727be265f70d1.zip"
},
{
  "url": "https://www.bing.com/images/create/portrait-photo-of-a-female-dog-dressed-in-modern-i/1-657c24fb05af4bd5b08e03a9b32805e2?id=kicmdpXQLoC0pHhBd9F7YA%3d%3d&view=detailv2&idpp=genimg&idpbck=1&form=BICREC",
  "urlHash": "54c7bd0a8c9cdbce68f0f76af0de5f3d",
  "download": "https://api.apify.com/v2/key-value-stores/kPXQf7Zs2zdDeTesc/records/54c7bd0a8c9cdbce68f0f76af0de5f3d.zip"
},
{
  "url": "https://www.bing.com/images/create/portrait-photo-of-a-female-dog-dressed-in-modern-i/1-657c25d6bf4f4d919bccbdc9416544a8?id=gsyyD61ZLaixm8Cs7%2fVvEQ%3d%3d&view=detailv2&idpp=genimg&idpbck=1&form=BICREC",
  "urlHash": "310e218a8205f30611e831e52676db74",
  "download": "https://api.apify.com/v2/key-value-stores/kPXQf7Zs2zdDeTesc/records/310e218a8205f30611e831e52676db74.zip"
},
{
  "url": "https://www.bing.com/images/create/portrait-photo-of-a-female-dog-dressed-in-modern-i/1-657c25d6bf4f4d919bccbdc9416544a8?id=r11z3jWnSwwtCZzmkI79dQ%3d%3d&view=detailv2&idpp=genimg&idpbck=1&form=BICREC",
  "urlHash": "52258deaf3c9d00fbdb4ff742bf29c56",
  "download": "https://api.apify.com/v2/key-value-stores/kPXQf7Zs2zdDeTesc/records/52258deaf3c9d00fbdb4ff742bf29c56.zip"
},
{
  "url": "https://www.bing.com/images/create/portrait-photo-of-a-female-dog-dressed-in-modern-i/1-657c25d6bf4f4d919bccbdc9416544a8?id=WKHomUM39WaK0uOndPnGew%3d%3d&view=detailv2&idpp=genimg&idpbck=1&form=BICREC",
  "urlHash": "97bba16eb5ec849f195d1877015226df",
  "download": "https://api.apify.com/v2/key-value-stores/kPXQf7Zs2zdDeTesc/records/97bba16eb5ec849f195d1877015226df.zip"
},
{
  "url": "https://www.bing.com/images/create/portrait-photo-of-a-female-dog-dressed-in-modern-i/1-657c25d6bf4f4d919bccbdc9416544a8?id=oS5kcQC%2bL89daApHDB4%2bQg%3d%3d&view=detailv2&idpp=genimg&idpbck=1&form=BICREC",
  "urlHash": "99eed7720e57f0291f1cbecf110865d4",
  "download": "https://api.apify.com/v2/key-value-stores/kPXQf7Zs2zdDeTesc/records/99eed7720e57f0291f1cbecf110865d4.zip"
},
{
  "url": "https://www.bing.com/images/create/portrait-photo-of-a-female-dog-dressed-in-modern-i/1-657c25b6f6a34743b4d924ebd2041285?id=8cDvJd7NRCX9ZuZ1KvGZeA%3d%3d&view=detailv2&idpp=genimg&idpbck=1&form=BICREC",
  "urlHash": "e81f63a7b517bbd781a47270a035efa4",
  "download": "https://api.apify.com/v2/key-value-stores/kPXQf7Zs2zdDeTesc/records/e81f63a7b517bbd781a47270a035efa4.zip"
},
{
  "url": "https://www.bing.com/images/create/portrait-photo-of-a-female-dog-dressed-in-modern-i/1-657c25b6f6a34743b4d924ebd2041285?id=6o3e2Tb4Idxq2Hoet3TUsA%3d%3d&view=detailv2&idpp=genimg&idpbck=1&form=BICREC",
  "urlHash": "a591b84c00cc0b5e3d6e198a6b0510b1",
  "download": "https://api.apify.com/v2/key-value-stores/kPXQf7Zs2zdDeTesc/records/a591b84c00cc0b5e3d6e198a6b0510b1.zip"
},
{
  "url": "https://www.bing.com/images/create/portrait-photo-of-a-female-dog-dressed-in-modern-i/1-657c25b6f6a34743b4d924ebd2041285?id=qJzWhkO9UHfp2ujCo5isMA%3d%3d&view=detailv2&idpp=genimg&idpbck=1&form=BICREC",
  "urlHash": "cd5930b724d4b0a7a7029cf2561ec7f9",
  "download": "https://api.apify.com/v2/key-value-stores/kPXQf7Zs2zdDeTesc/records/cd5930b724d4b0a7a7029cf2561ec7f9.zip"
},
{
  "url": "https://www.bing.com/images/create/portrait-photo-of-a-female-dog-dressed-in-modern-i/1-657c25b6f6a34743b4d924ebd2041285?id=Tw7O4W7sl7iI4YqRtAPfUQ%3d%3d&view=detailv2&idpp=genimg&idpbck=1&form=BICREC",
  "urlHash": "b05772409c962694c68b3376f7aa4371",
  "download": "https://api.apify.com/v2/key-value-stores/kPXQf7Zs2zdDeTesc/records/b05772409c962694c68b3376f7aa4371.zip"
},
{
  "url": "https://www.bing.com/images/create/portrait-photo-of-a-female-dog-dressed-in-modern-i/1-657c257a9144413babca07bb65b371ad?id=eUUT%2bLN2%2bqOl469f9MSEWQ%3d%3d&view=detailv2&idpp=genimg&idpbck=1&form=BICREC",
  "urlHash": "6931076e2889b687261a6cf36abffa46",
  "download": "https://api.apify.com/v2/key-value-stores/kPXQf7Zs2zdDeTesc/records/6931076e2889b687261a6cf36abffa46.zip"
},
{
  "url": "https://www.bing.com/images/create/portrait-photo-of-a-female-dog-dressed-in-modern-i/1-657c257a9144413babca07bb65b371ad?id=7VbGlY4bdme1MVa17QLpvA%3d%3d&view=detailv2&idpp=genimg&idpbck=1&form=BICREC",
  "urlHash": "d287ba2e05df7731bca6d9d975ce9524",
  "download": "https://api.apify.com/v2/key-value-stores/kPXQf7Zs2zdDeTesc/records/d287ba2e05df7731bca6d9d975ce9524.zip"
},
{
  "url": "https://www.bing.com/images/create/portrait-photo-of-a-female-dog-dressed-in-modern-i/1-657c257a9144413babca07bb65b371ad?id=Dk2t%2b%2fG1xU4tH%2bkgZTU%2fLg%3d%3d&view=detailv2&idpp=genimg&idpbck=1&form=BICREC",
  "urlHash": "569b741a56d0854d1599d5bfcbbfde1a",
  "download": "https://api.apify.com/v2/key-value-stores/kPXQf7Zs2zdDeTesc/records/569b741a56d0854d1599d5bfcbbfde1a.zip"
},
{
  "url": "https://www.bing.com/images/create/portrait-photo-of-a-female-dog-dressed-in-modern-i/1-657c257a9144413babca07bb65b371ad?id=xYb6KMFFP6bqUHn4p7D6mw%3d%3d&view=detailv2&idpp=genimg&idpbck=1&form=BICREC",
  "urlHash": "b4a0fd48db7320f5a9869aabe9dd4f65",
  "download": "https://api.apify.com/v2/key-value-stores/kPXQf7Zs2zdDeTesc/records/b4a0fd48db7320f5a9869aabe9dd4f65.zip"
},
{
  "url": "https://www.bing.com/images/create/portrait-photo-of-a-female-dog-dressed-in-modern-i/1-657c26784bba4ed4a326674ac1d53b65?id=%2bfsoBEFl%2fG66yL7c%2f90aXw%3d%3d&view=detailv2&idpp=genimg&idpbck=1&form=BICREC",
  "urlHash": "748108b9eb8aadf66bd9718b10520b90",
  "download": "https://api.apify.com/v2/key-value-stores/kPXQf7Zs2zdDeTesc/records/748108b9eb8aadf66bd9718b10520b90.zip"
},
{
  "url": "https://www.bing.com/images/create/portrait-photo-of-a-female-dog-dressed-in-modern-i/1-657c26784bba4ed4a326674ac1d53b65?id=2Nwdu55V2JmctN9DG%2f9WTQ%3d%3d&view=detailv2&idpp=genimg&idpbck=1&form=BICREC",
  "urlHash": "991d57fd2fedc5c034ffe398b7237246",
  "download": "https://api.apify.com/v2/key-value-stores/kPXQf7Zs2zdDeTesc/records/991d57fd2fedc5c034ffe398b7237246.zip"
},
{
  "url": "https://www.bing.com/images/create/portrait-photo-of-a-female-dog-dressed-in-modern-i/1-657c26784bba4ed4a326674ac1d53b65?id=lQq1edlCzCwEanUPpaEpAw%3d%3d&view=detailv2&idpp=genimg&idpbck=1&form=BICREC",
  "urlHash": "045d7764e82c94c9addbfe81f259e036",
  "download": "https://api.apify.com/v2/key-value-stores/kPXQf7Zs2zdDeTesc/records/045d7764e82c94c9addbfe81f259e036.zip"
},
{
  "url": "https://www.bing.com/images/create/portrait-photo-of-a-female-dog-dressed-in-modern-i/1-657c26784bba4ed4a326674ac1d53b65?id=0jUh9WLcyEFIXX3noUzh2g%3d%3d&view=detailv2&idpp=genimg&idpbck=1&form=BICREC",
  "urlHash": "5044bc910b262a64e99b8760b413b622",
  "download": "https://api.apify.com/v2/key-value-stores/kPXQf7Zs2zdDeTesc/records/5044bc910b262a64e99b8760b413b622.zip"
},
{
  "url": "https://www.bing.com/images/create/portrait-photo-of-a-female-dog-dressed-in-modern-i/1-657c2651f5a044688675bc97b0539436?id=a5z%2blRaXogjOQtXq8sJaQQ%3d%3d&view=detailv2&idpp=genimg&idpbck=1&form=BICREC",
  "urlHash": "a5c39819b0fcf393537ef365d919bbd7",
  "download": "https://api.apify.com/v2/key-value-stores/kPXQf7Zs2zdDeTesc/records/a5c39819b0fcf393537ef365d919bbd7.zip"
},
{
  "url": "https://www.bing.com/images/create/portrait-photo-of-a-female-dog-dressed-in-modern-i/1-657c2651f5a044688675bc97b0539436?id=SIdQN4FUpwKE%2bH1ZlImTrg%3d%3d&view=detailv2&idpp=genimg&idpbck=1&form=BICREC",
  "urlHash": "3934ce742151b705ce6bf5f2e34f9b0d",
  "download": "https://api.apify.com/v2/key-value-stores/kPXQf7Zs2zdDeTesc/records/3934ce742151b705ce6bf5f2e34f9b0d.zip"
},
{
  "url": "https://www.bing.com/images/create/portrait-photo-of-a-female-dog-dressed-in-modern-i/1-657c2651f5a044688675bc97b0539436?id=0Io1Tz%2brHL4Bk77gPaEuAw%3d%3d&view=detailv2&idpp=genimg&idpbck=1&form=BICREC",
  "urlHash": "3ae263de1490b23ee3f357dbdb90b69c",
  "download": "https://api.apify.com/v2/key-value-stores/kPXQf7Zs2zdDeTesc/records/3ae263de1490b23ee3f357dbdb90b69c.zip"
},
{
  "url": "https://www.bing.com/images/create/portrait-photo-of-a-female-dog-dressed-in-modern-i/1-657c2637acf04948a903a612bd0a79e4?id=1zCDyYsh7HZrE0O%2bN6u%2fxA%3d%3d&view=detailv2&idpp=genimg&idpbck=1&form=BICREC",
  "urlHash": "2750540e077db908cd6e65a2849c9261",
  "download": "https://api.apify.com/v2/key-value-stores/kPXQf7Zs2zdDeTesc/records/2750540e077db908cd6e65a2849c9261.zip"
},
{
  "url": "https://www.bing.com/images/create/portrait-photo-of-a-female-dog-dressed-in-modern-i/1-657c2651f5a044688675bc97b0539436?id=pc5IXn7bWmhUACROLcxnRg%3d%3d&view=detailv2&idpp=genimg&idpbck=1&form=BICREC",
  "urlHash": "9dabd9997e7a2b95edbbdda4677b8f0a",
  "download": "https://api.apify.com/v2/key-value-stores/kPXQf7Zs2zdDeTesc/records/9dabd9997e7a2b95edbbdda4677b8f0a.zip"
},
{
  "url": "https://www.bing.com/images/create/portrait-photo-of-a-female-dog-dressed-in-modern-i/1-657c2637acf04948a903a612bd0a79e4?id=bZK08orYnQukBRArs%2f35Dw%3d%3d&view=detailv2&idpp=genimg&idpbck=1&form=BICREC",
  "urlHash": "58a8c630ac1c826b572447bbab7719e4",
  "download": "https://api.apify.com/v2/key-value-stores/kPXQf7Zs2zdDeTesc/records/58a8c630ac1c826b572447bbab7719e4.zip"
},
{
  "url": "https://www.bing.com/images/create/portrait-photo-of-a-female-dog-dressed-in-modern-i/1-657c24fb05af4bd5b08e03a9b32805e2?id=kicmdpXQLoC0pHhBd9F7YA%3d%3d&view=detailv2&idpp=genimg&idpbck=1&form=BICREC",
  "urlHash": "54c7bd0a8c9cdbce68f0f76af0de5f3d",
  "download": "https://api.apify.com/v2/key-value-stores/kPXQf7Zs2zdDeTesc/records/54c7bd0a8c9cdbce68f0f76af0de5f3d.zip"
},
{
  "url": "https://www.bing.com/images/create/portrait-photo-of-a-female-dog-dressed-in-modern-i/1-657c2637acf04948a903a612bd0a79e4?id=neho3J%2buK%2ftR7Y4S8Ar8Ww%3d%3d&view=detailv2&idpp=genimg&idpbck=1&form=BICREC",
  "urlHash": "cabb9cf683bbb8352b7a44a93326e882",
  "download": "https://api.apify.com/v2/key-value-stores/kPXQf7Zs2zdDeTesc/records/cabb9cf683bbb8352b7a44a93326e882.zip"
},
{
  "url": "https://www.bing.com/images/create/portrait-photo-of-a-female-dog-dressed-in-modern-i/1-657c2637acf04948a903a612bd0a79e4?id=iLlkPgmaWBp2cYXxdIobQQ%3d%3d&view=detailv2&idpp=genimg&idpbck=1&form=BICREC",
  "urlHash": "f26859de1cd7eba174cb4f02b965bb38",
  "download": "https://api.apify.com/v2/key-value-stores/kPXQf7Zs2zdDeTesc/records/f26859de1cd7eba174cb4f02b965bb38.zip"
},
{
  "url": "https://www.bing.com/images/create/portrait-photo-of-a-female-dog-dressed-in-modern-i/1-657c261559324df7b75ebeca2d6fa247?id=3uxtVGX7Y7Ow871CaohzWA%3d%3d&view=detailv2&idpp=genimg&idpbck=1&form=BICREC",
  "urlHash": "2480a0944ac128538ae2561036b7aa81",
  "download": "https://api.apify.com/v2/key-value-stores/kPXQf7Zs2zdDeTesc/records/2480a0944ac128538ae2561036b7aa81.zip"
},
{
  "url": "https://www.bing.com/images/create/portrait-photo-of-a-female-dog-dressed-in-modern-i/1-657c261559324df7b75ebeca2d6fa247?id=5YpLKZRGZZxGFmx%2buR0L5g%3d%3d&view=detailv2&idpp=genimg&idpbck=1&form=BICREC",
  "urlHash": "30e1c5106f8d84a425e3f744b6ce9a8a",
  "download": "https://api.apify.com/v2/key-value-stores/kPXQf7Zs2zdDeTesc/records/30e1c5106f8d84a425e3f744b6ce9a8a.zip"
},
{
  "url": "https://www.bing.com/images/create/portrait-photo-of-a-female-dog-dressed-in-modern-i/1-657c261559324df7b75ebeca2d6fa247?id=mgYXmiNF4007dUYklhfP7Q%3d%3d&view=detailv2&idpp=genimg&idpbck=1&form=BICREC",
  "urlHash": "af7f4811a2bfdb36006920a4ac8ffdfb",
  "download": "https://api.apify.com/v2/key-value-stores/kPXQf7Zs2zdDeTesc/records/af7f4811a2bfdb36006920a4ac8ffdfb.zip"
},
{
  "url": "https://www.bing.com/images/create/portrait-photo-of-a-female-dog-dressed-in-modern-i/1-657c24d4ec7f45f69f630d61c48737fc?id=zFmL4qiVqG2f5ZenuQi1fw%3d%3d&view=detailv2&idpp=genimg&idpbck=1&form=BICREC",
  "urlHash": "6fb12e79210334e62fc0541c112c5afa",
  "download": "https://api.apify.com/v2/key-value-stores/kPXQf7Zs2zdDeTesc/records/6fb12e79210334e62fc0541c112c5afa.zip"
},
{
  "url": "https://www.bing.com/images/create/portrait-photo-of-a-female-dog-dressed-in-modern-i/1-657c24d4ec7f45f69f630d61c48737fc?id=DaAXNzUmYQDol1WEHPBMnQ%3d%3d&view=detailv2&idpp=genimg&idpbck=1&form=BICREC",
  "urlHash": "6d607ecbbdfef77952a1b2cc24ab2bb5",
  "download": "https://api.apify.com/v2/key-value-stores/kPXQf7Zs2zdDeTesc/records/6d607ecbbdfef77952a1b2cc24ab2bb5.zip"
},
{
  "url": "https://www.bing.com/images/create/portrait-photo-of-a-female-dog-dressed-in-modern-i/1-657c24d4ec7f45f69f630d61c48737fc?id=5P03afaqi4OqnZyKGgNCAg%3d%3d&view=detailv2&idpp=genimg&idpbck=1&form=BICREC",
  "urlHash": "d5447cd4c99e98ba82c6d76bb77e9fe3",
  "download": "https://api.apify.com/v2/key-value-stores/kPXQf7Zs2zdDeTesc/records/d5447cd4c99e98ba82c6d76bb77e9fe3.zip"
},
{
  "url": "https://www.bing.com/images/create/portrait-photo-of-a-female-dog-dressed-in-modern-i/1-657c24d4ec7f45f69f630d61c48737fc?id=gnEuZRJwvpy1lPy%2fSbMV2Q%3d%3d&view=detailv2&idpp=genimg&idpbck=1&form=BICREC",
  "urlHash": "78a1e68dfcfbe851fe4e48caa657191b",
  "download": "https://api.apify.com/v2/key-value-stores/kPXQf7Zs2zdDeTesc/records/78a1e68dfcfbe851fe4e48caa657191b.zip"
},
{
  "url": "https://www.bing.com/images/create/portrait-photo-of-a-female-dog-dressed-in-modern-i/1-657c261559324df7b75ebeca2d6fa247?id=x5dO07MEBtOoQROOxQHDdQ%3d%3d&view=detailv2&idpp=genimg&idpbck=1&form=BICREC",
  "urlHash": "0bc816453477cf943a6aaa0e9d92e5bc",
  "download": "https://api.apify.com/v2/key-value-stores/kPXQf7Zs2zdDeTesc/records/0bc816453477cf943a6aaa0e9d92e5bc.zip"
}]