[{
  "url": "https://www.bing.com/images/create/portrait-photo-of-a-female-cat-dressed-in-modern-i/1-6580058ff0f04c52adb8881276f981ca?id=3e5D%2f2GOfIYe8eq9THnH9Q%3d%3d&view=detailv2&idpp=genimg&idpbck=1&form=BICREC",
  "urlHash": "afeccbbf3bc4f734ec16ef77867f337d",
  "download": "https://api.apify.com/v2/key-value-stores/THcR0p8EzslX25oHs/records/afeccbbf3bc4f734ec16ef77867f337d.zip"
},
{
  "url": "https://www.bing.com/images/create/portrait-photo-of-a-female-cat-dressed-in-modern-i/1-6580058ff0f04c52adb8881276f981ca?id=NjYsPfpA33UGAxDHIzdSLw%3d%3d&view=detailv2&idpp=genimg&idpbck=1&form=BICREC",
  "urlHash": "dc3ff9c910fbc7b46a49dd1a0a580c5d",
  "download": "https://api.apify.com/v2/key-value-stores/THcR0p8EzslX25oHs/records/dc3ff9c910fbc7b46a49dd1a0a580c5d.zip"
},
{
  "url": "https://www.bing.com/images/create/portrait-photo-of-a-female-cat-dressed-in-modern-i/1-6580058ff0f04c52adb8881276f981ca?id=FOmrUMKcqMted7yqab%2fZqQ%3d%3d&view=detailv2&idpp=genimg&idpbck=1&form=BICREC",
  "urlHash": "5fc6eac0375c2d16a99fbd1f4bd995df",
  "download": "https://api.apify.com/v2/key-value-stores/THcR0p8EzslX25oHs/records/5fc6eac0375c2d16a99fbd1f4bd995df.zip"
},
{
  "url": "https://www.bing.com/images/create/portrait-photo-of-a-female-cat-dressed-in-modern-i/1-6580058ff0f04c52adb8881276f981ca?id=yYyMp%2fv6Z6TDDTD1NZSfdQ%3d%3d&view=detailv2&idpp=genimg&idpbck=1&form=BICREC",
  "urlHash": "150f1ca56dd6c078e7e8244721b718b9",
  "download": "https://api.apify.com/v2/key-value-stores/THcR0p8EzslX25oHs/records/150f1ca56dd6c078e7e8244721b718b9.zip"
},
{
  "url": "https://www.bing.com/images/create/portrait-photo-of-a-female-cat-dressed-in-modern-i/1-658005772b7148f79c51c677f0a89b21?id=Z0Zfmbu2243TZDcEK8mI3g%3d%3d&view=detailv2&idpp=genimg&idpbck=1&form=BICREC",
  "urlHash": "bfd07f90c69f70a6b1b62b0e819a229e",
  "download": "https://api.apify.com/v2/key-value-stores/THcR0p8EzslX25oHs/records/bfd07f90c69f70a6b1b62b0e819a229e.zip"
},
{
  "url": "https://www.bing.com/images/create/portrait-photo-of-a-female-cat-dressed-in-modern-i/1-658005772b7148f79c51c677f0a89b21?id=4%2bjgQqi35R6zTKR3wor2iA%3d%3d&view=detailv2&idpp=genimg&idpbck=1&form=BICREC",
  "urlHash": "4333bfb76225339419afcf1426c1c645",
  "download": "https://api.apify.com/v2/key-value-stores/THcR0p8EzslX25oHs/records/4333bfb76225339419afcf1426c1c645.zip"
},
{
  "url": "https://www.bing.com/images/create/portrait-photo-of-a-female-cat-dressed-in-modern-i/1-658005772b7148f79c51c677f0a89b21?id=BIWjKRdREo9OYvqsvgzNQg%3d%3d&view=detailv2&idpp=genimg&idpbck=1&form=BICREC",
  "urlHash": "0644d8ffe7d0c256db5e273d1acfd798",
  "download": "https://api.apify.com/v2/key-value-stores/THcR0p8EzslX25oHs/records/0644d8ffe7d0c256db5e273d1acfd798.zip"
},
{
  "url": "https://www.bing.com/images/create/portrait-photo-of-a-female-cat-dressed-in-modern-i/1-658005772b7148f79c51c677f0a89b21?id=yYLZF813LiyAs6cvLOYibA%3d%3d&view=detailv2&idpp=genimg&idpbck=1&form=BICREC",
  "urlHash": "c1a0d0a002c40d22bbdbb480bd062569",
  "download": "https://api.apify.com/v2/key-value-stores/THcR0p8EzslX25oHs/records/c1a0d0a002c40d22bbdbb480bd062569.zip"
},
{
  "url": "https://www.bing.com/images/create/portrait-photo-of-a-female-cat-dressed-in-modern-i/1-658005566e0543d7913ca47bbc2a4af9?id=CyiZErkeFK1KILkQkU4keQ%3d%3d&view=detailv2&idpp=genimg&idpbck=1&form=BICREC",
  "urlHash": "917e2afe04c2a1dba021917ed48ca916",
  "download": "https://api.apify.com/v2/key-value-stores/THcR0p8EzslX25oHs/records/917e2afe04c2a1dba021917ed48ca916.zip"
},
{
  "url": "https://www.bing.com/images/create/portrait-photo-of-a-female-cat-dressed-in-modern-i/1-658005566e0543d7913ca47bbc2a4af9?id=ZLjoAgVHig6ljC8xh0r2aw%3d%3d&view=detailv2&idpp=genimg&idpbck=1&form=BICREC",
  "urlHash": "0c563154d03de3d39907a293760408d7",
  "download": "https://api.apify.com/v2/key-value-stores/THcR0p8EzslX25oHs/records/0c563154d03de3d39907a293760408d7.zip"
},
{
  "url": "https://www.bing.com/images/create/portrait-photo-of-a-female-cat-dressed-in-modern-i/1-658005566e0543d7913ca47bbc2a4af9?id=BNUDkZoTbYCVd8Pi1K%2bAsQ%3d%3d&view=detailv2&idpp=genimg&idpbck=1&form=BICREC",
  "urlHash": "ccec4f59b584b133933a3e6cc5df3433",
  "download": "https://api.apify.com/v2/key-value-stores/THcR0p8EzslX25oHs/records/ccec4f59b584b133933a3e6cc5df3433.zip"
},
{
  "url": "https://www.bing.com/images/create/portrait-photo-of-a-female-cat-dressed-in-modern-i/1-658005566e0543d7913ca47bbc2a4af9?id=kt1VzFaqPmDRopno%2b8jq1g%3d%3d&view=detailv2&idpp=genimg&idpbck=1&form=BICREC",
  "urlHash": "90b71dca1a41ff895d7412e8ee79e6a1",
  "download": "https://api.apify.com/v2/key-value-stores/THcR0p8EzslX25oHs/records/90b71dca1a41ff895d7412e8ee79e6a1.zip"
},
{
  "url": "https://www.bing.com/images/create/portrait-photo-of-a-female-cat-dressed-in-modern-i/1-6580053353914a7e8c943e36896cb0ec?id=TamCVqd9BJaF00Jiq95mbA%3d%3d&view=detailv2&idpp=genimg&idpbck=1&form=BICREC",
  "urlHash": "fd2a7a00c84a6b759ca4f89dad63806e",
  "download": "https://api.apify.com/v2/key-value-stores/THcR0p8EzslX25oHs/records/fd2a7a00c84a6b759ca4f89dad63806e.zip"
},
{
  "url": "https://www.bing.com/images/create/portrait-photo-of-a-female-cat-dressed-in-modern-i/1-6580053353914a7e8c943e36896cb0ec?id=nZ6ZiC6SC5CvUujstpa%2foQ%3d%3d&view=detailv2&idpp=genimg&idpbck=1&form=BICREC",
  "urlHash": "efa44ec06e17cf861e8f28b7bf620972",
  "download": "https://api.apify.com/v2/key-value-stores/THcR0p8EzslX25oHs/records/efa44ec06e17cf861e8f28b7bf620972.zip"
},
{
  "url": "https://www.bing.com/images/create/portrait-photo-of-a-female-cat-dressed-in-modern-i/1-6580053353914a7e8c943e36896cb0ec?id=V9i5xbLLahnoZ7KoQYZaYA%3d%3d&view=detailv2&idpp=genimg&idpbck=1&form=BICREC",
  "urlHash": "64257ad0f8bb404de884a79a5ba5b848",
  "download": "https://api.apify.com/v2/key-value-stores/THcR0p8EzslX25oHs/records/64257ad0f8bb404de884a79a5ba5b848.zip"
},
{
  "url": "https://www.bing.com/images/create/portrait-photo-of-a-female-cat-dressed-in-modern-i/1-6580109d1a87400496055f566c34e286?id=8fNaI%2fWId2alLdDGNGa7oQ%3d%3d&view=detailv2&idpp=genimg&idpbck=1&form=BICREC",
  "urlHash": "e90dbbce410ae7c705b5a3c11eddf74b",
  "download": "https://api.apify.com/v2/key-value-stores/THcR0p8EzslX25oHs/records/e90dbbce410ae7c705b5a3c11eddf74b.zip"
},
{
  "url": "https://www.bing.com/images/create/portrait-photo-of-a-female-cat-dressed-in-modern-i/1-6580053353914a7e8c943e36896cb0ec?id=XuUoENEcNM2N8qAcUY94xg%3d%3d&view=detailv2&idpp=genimg&idpbck=1&form=BICREC",
  "urlHash": "3aea9947d9cc5333a0d5ff6c907d431b",
  "download": "https://api.apify.com/v2/key-value-stores/THcR0p8EzslX25oHs/records/3aea9947d9cc5333a0d5ff6c907d431b.zip"
},
{
  "url": "https://www.bing.com/images/create/portrait-photo-of-a-female-cat-dressed-in-modern-i/1-6580109d1a87400496055f566c34e286?id=An7D6YUGfTqxCCHPkQ1qBA%3d%3d&view=detailv2&idpp=genimg&idpbck=1&form=BICREC",
  "urlHash": "18ac5e87077e328b683feec81892f160",
  "download": "https://api.apify.com/v2/key-value-stores/THcR0p8EzslX25oHs/records/18ac5e87077e328b683feec81892f160.zip"
},
{
  "url": "https://www.bing.com/images/create/portrait-photo-of-a-female-cat-dressed-in-modern-i/1-6580109d1a87400496055f566c34e286?id=dLgEm%2bsgCLDQEOeflCMrjQ%3d%3d&view=detailv2&idpp=genimg&idpbck=1&form=BICREC",
  "urlHash": "fa390dff01f38f40927d8f5998df7ac1",
  "download": "https://api.apify.com/v2/key-value-stores/THcR0p8EzslX25oHs/records/fa390dff01f38f40927d8f5998df7ac1.zip"
},
{
  "url": "https://www.bing.com/images/create/portrait-photo-of-a-female-cat-dressed-in-modern-i/1-6580109d1a87400496055f566c34e286?id=%2bWAx3kdR6d9lvVVUxdy34w%3d%3d&view=detailv2&idpp=genimg&idpbck=1&form=BICREC",
  "urlHash": "c96c178018812dae0b56e7eb91a5bc07",
  "download": "https://api.apify.com/v2/key-value-stores/THcR0p8EzslX25oHs/records/c96c178018812dae0b56e7eb91a5bc07.zip"
},
{
  "url": "https://www.bing.com/images/create/portrait-photo-of-a-female-cat-dressed-in-modern-i/1-6580107f18104253a74ec1b7b0ee8a05?id=PflXWp9DpAVPC38qJ6yTCg%3d%3d&view=detailv2&idpp=genimg&idpbck=1&form=BICREC",
  "urlHash": "4beb124b6f6ab28d628630f63076b596",
  "download": "https://api.apify.com/v2/key-value-stores/THcR0p8EzslX25oHs/records/4beb124b6f6ab28d628630f63076b596.zip"
},
{
  "url": "https://www.bing.com/images/create/portrait-photo-of-a-female-cat-dressed-in-modern-i/1-6580107f18104253a74ec1b7b0ee8a05?id=uWmT2CGln2dHXWwTeOeIIw%3d%3d&view=detailv2&idpp=genimg&idpbck=1&form=BICREC",
  "urlHash": "e385fd35aced1d2c862d2b6afb224ca1",
  "download": "https://api.apify.com/v2/key-value-stores/THcR0p8EzslX25oHs/records/e385fd35aced1d2c862d2b6afb224ca1.zip"
},
{
  "url": "https://www.bing.com/images/create/portrait-photo-of-a-female-cat-dressed-in-modern-i/1-6580107f18104253a74ec1b7b0ee8a05?id=cJpnCDYhXm%2bBsr2o2U2W4w%3d%3d&view=detailv2&idpp=genimg&idpbck=1&form=BICREC",
  "urlHash": "e29190fe518b98f07df4a5d347b34d57",
  "download": "https://api.apify.com/v2/key-value-stores/THcR0p8EzslX25oHs/records/e29190fe518b98f07df4a5d347b34d57.zip"
},
{
  "url": "https://www.bing.com/images/create/portrait-photo-of-a-female-cat-dressed-in-modern-i/1-658010331b68482b8c6bdac3d57b06e3?id=lGMggNmlydjTwSCd1yO%2fJA%3d%3d&view=detailv2&idpp=genimg&idpbck=1&form=BICREC",
  "urlHash": "db76449bab62ad374f73d4b9554e8611",
  "download": "https://api.apify.com/v2/key-value-stores/THcR0p8EzslX25oHs/records/db76449bab62ad374f73d4b9554e8611.zip"
},
{
  "url": "https://www.bing.com/images/create/portrait-photo-of-a-female-cat-dressed-in-modern-i/1-65800ff426c94d009fcadd587a1dfbe7?id=CKDnKweWlB0vtIX5mMPCBA%3d%3d&view=detailv2&idpp=genimg&idpbck=1&form=BICREC",
  "urlHash": "c0c8e6f97b347058600ce8fa20e60aad",
  "download": "https://api.apify.com/v2/key-value-stores/THcR0p8EzslX25oHs/records/c0c8e6f97b347058600ce8fa20e60aad.zip"
},
{
  "url": "https://www.bing.com/images/create/portrait-photo-of-a-female-cat-dressed-in-modern-i/1-65800ff426c94d009fcadd587a1dfbe7?id=ZtXuY2gkzoyIYPgi7xrpyA%3d%3d&view=detailv2&idpp=genimg&idpbck=1&form=BICREC",
  "urlHash": "10f4c4e4d6c274761c75a8a2d5998d82",
  "download": "https://api.apify.com/v2/key-value-stores/THcR0p8EzslX25oHs/records/10f4c4e4d6c274761c75a8a2d5998d82.zip"
},
{
  "url": "https://www.bing.com/images/create/portrait-photo-of-a-female-cat-dressed-in-modern-i/1-658010331b68482b8c6bdac3d57b06e3?id=W0jGWEvuLEsUvwycvTK34g%3d%3d&view=detailv2&idpp=genimg&idpbck=1&form=BICREC",
  "urlHash": "b085541712c1ab503db6c69f31b94ca2",
  "download": "https://api.apify.com/v2/key-value-stores/THcR0p8EzslX25oHs/records/b085541712c1ab503db6c69f31b94ca2.zip"
},
{
  "url": "https://www.bing.com/images/create/portrait-photo-of-a-female-cat-dressed-in-modern-i/1-658010331b68482b8c6bdac3d57b06e3?id=26BTY27m6ho%2fRvkQXPYsNw%3d%3d&view=detailv2&idpp=genimg&idpbck=1&form=BICREC",
  "urlHash": "e4a40c01f13df4ded849516aad62d068",
  "download": "https://api.apify.com/v2/key-value-stores/THcR0p8EzslX25oHs/records/e4a40c01f13df4ded849516aad62d068.zip"
},
{
  "url": "https://www.bing.com/images/create/portrait-photo-of-a-female-cat-dressed-in-modern-i/1-6580107f18104253a74ec1b7b0ee8a05?id=xaVO2SvTjD%2b2EatuWxHKEw%3d%3d&view=detailv2&idpp=genimg&idpbck=1&form=BICREC",
  "urlHash": "ea22e167548b0e082e7cd899888001bd",
  "download": "https://api.apify.com/v2/key-value-stores/THcR0p8EzslX25oHs/records/ea22e167548b0e082e7cd899888001bd.zip"
},
{
  "url": "https://www.bing.com/images/create/portrait-photo-of-a-female-cat-dressed-in-modern-i/1-658010331b68482b8c6bdac3d57b06e3?id=PI%2fImvB4GwT%2fNBroT0SdMA%3d%3d&view=detailv2&idpp=genimg&idpbck=1&form=BICREC",
  "urlHash": "c8d45623af8f33b655e91cdbfa98fa78",
  "download": "https://api.apify.com/v2/key-value-stores/THcR0p8EzslX25oHs/records/c8d45623af8f33b655e91cdbfa98fa78.zip"
},
{
  "url": "https://www.bing.com/images/create/portrait-photo-of-a-female-cat-dressed-in-modern-i/1-65800ff426c94d009fcadd587a1dfbe7?id=P6dAnlRLIJegoKdMzcuqLA%3d%3d&view=detailv2&idpp=genimg&idpbck=1&form=BICREC",
  "urlHash": "eca49e131e1cecd8a49f17c0d2ab3090",
  "download": "https://api.apify.com/v2/key-value-stores/THcR0p8EzslX25oHs/records/eca49e131e1cecd8a49f17c0d2ab3090.zip"
},
{
  "url": "https://www.bing.com/images/create/portrait-photo-of-a-female-cat-dressed-in-modern-i/1-65800ff426c94d009fcadd587a1dfbe7?id=w57Z5hNeMaDNOcg6nZLEGA%3d%3d&view=detailv2&idpp=genimg&idpbck=1&form=BICREC",
  "urlHash": "5dd1d9534fc4f4e48b32790ad9fb0a10",
  "download": "https://api.apify.com/v2/key-value-stores/THcR0p8EzslX25oHs/records/5dd1d9534fc4f4e48b32790ad9fb0a10.zip"
},
{
  "url": "https://www.bing.com/images/create/portrait-photo-of-a-female-cat-dressed-in-modern-i/1-65800cf05d994eb98639a06920e07c3b?id=4q6lMvfMvU%2b4ssNlqFATpg%3d%3d&view=detailv2&idpp=genimg&idpbck=1&form=BICREC",
  "urlHash": "7784faf8dc148eb4a580173445d8a3fb",
  "download": "https://api.apify.com/v2/key-value-stores/THcR0p8EzslX25oHs/records/7784faf8dc148eb4a580173445d8a3fb.zip"
},
{
  "url": "https://www.bing.com/images/create/portrait-photo-of-a-female-cat-dressed-in-modern-i/1-65800cf05d994eb98639a06920e07c3b?id=8IVYxBCak%2bHAZ2T%2fVSP2OQ%3d%3d&view=detailv2&idpp=genimg&idpbck=1&form=BICREC",
  "urlHash": "e474018a746d25a92a7502a4c32deb4b",
  "download": "https://api.apify.com/v2/key-value-stores/THcR0p8EzslX25oHs/records/e474018a746d25a92a7502a4c32deb4b.zip"
},
{
  "url": "https://www.bing.com/images/create/portrait-photo-of-a-female-cat-dressed-in-modern-i/1-65800cf05d994eb98639a06920e07c3b?id=PhVwNTSGOmgu357bJjaZMA%3d%3d&view=detailv2&idpp=genimg&idpbck=1&form=BICREC",
  "urlHash": "174da69ccf2a8dbc97c4090161060950",
  "download": "https://api.apify.com/v2/key-value-stores/THcR0p8EzslX25oHs/records/174da69ccf2a8dbc97c4090161060950.zip"
},
{
  "url": "https://www.bing.com/images/create/portrait-photo-of-a-female-cat-dressed-in-modern-i/1-65800cf05d994eb98639a06920e07c3b?id=TJgAtgSaZ1OxNywAcEHR%2fA%3d%3d&view=detailv2&idpp=genimg&idpbck=1&form=BICREC",
  "urlHash": "9d64edf5a9d0e3d2c762ed0b1028705f",
  "download": "https://api.apify.com/v2/key-value-stores/THcR0p8EzslX25oHs/records/9d64edf5a9d0e3d2c762ed0b1028705f.zip"
},
{
  "url": "https://www.bing.com/images/create/portrait-photo-of-a-female-cat-dressed-in-modern-i/1-6580068af8c84d1cb082873bfb7187c3?id=7H3yBjC96oI%2fLHxgyG%2b3WA%3d%3d&view=detailv2&idpp=genimg&idpbck=1&form=BICREC",
  "urlHash": "0ef0cdf97b9ce3a13580dfaf55b9bbab",
  "download": "https://api.apify.com/v2/key-value-stores/THcR0p8EzslX25oHs/records/0ef0cdf97b9ce3a13580dfaf55b9bbab.zip"
},
{
  "url": "https://www.bing.com/images/create/portrait-photo-of-a-female-cat-dressed-in-modern-i/1-6580068af8c84d1cb082873bfb7187c3?id=BJ1cY48P9Zv4SQ2cgMWReg%3d%3d&view=detailv2&idpp=genimg&idpbck=1&form=BICREC",
  "urlHash": "22f6fac3272896b1485aaef2f5958697",
  "download": "https://api.apify.com/v2/key-value-stores/THcR0p8EzslX25oHs/records/22f6fac3272896b1485aaef2f5958697.zip"
},
{
  "url": "https://www.bing.com/images/create/portrait-photo-of-a-female-cat-dressed-in-modern-i/1-6580068af8c84d1cb082873bfb7187c3?id=wwthYcKTYBGRKu%2fBtJhLow%3d%3d&view=detailv2&idpp=genimg&idpbck=1&form=BICREC",
  "urlHash": "a4b91c678bf26df56ac6497c27430ea4",
  "download": "https://api.apify.com/v2/key-value-stores/THcR0p8EzslX25oHs/records/a4b91c678bf26df56ac6497c27430ea4.zip"
},
{
  "url": "https://www.bing.com/images/create/portrait-photo-of-a-female-cat-dressed-in-modern-i/1-6580068af8c84d1cb082873bfb7187c3?id=CrxMf7nTY5Zf3HFaFKiOrQ%3d%3d&view=detailv2&idpp=genimg&idpbck=1&form=BICREC",
  "urlHash": "846a88f6f779d2386fa6bd281b045cf8",
  "download": "https://api.apify.com/v2/key-value-stores/THcR0p8EzslX25oHs/records/846a88f6f779d2386fa6bd281b045cf8.zip"
},
{
  "url": "https://www.bing.com/images/create/portrait-photo-of-a-female-cat-dressed-in-modern-i/1-6580066dc1d440c3baab7f4ead7fc801?id=Ebw5xLcpyPi4BMTZe23uCw%3d%3d&view=detailv2&idpp=genimg&idpbck=1&form=BICREC",
  "urlHash": "ff566da40a82c163273af9f3e60f3b1e",
  "download": "https://api.apify.com/v2/key-value-stores/THcR0p8EzslX25oHs/records/ff566da40a82c163273af9f3e60f3b1e.zip"
},
{
  "url": "https://www.bing.com/images/create/portrait-photo-of-a-female-cat-dressed-in-modern-i/1-6580066dc1d440c3baab7f4ead7fc801?id=zRgk1rO%2bEcNG5Ifc9XWR%2fg%3d%3d&view=detailv2&idpp=genimg&idpbck=1&form=BICREC",
  "urlHash": "d1ded2d540cd55564c1b8f949350962f",
  "download": "https://api.apify.com/v2/key-value-stores/THcR0p8EzslX25oHs/records/d1ded2d540cd55564c1b8f949350962f.zip"
},
{
  "url": "https://www.bing.com/images/create/portrait-photo-of-a-female-cat-dressed-in-modern-i/1-6580066dc1d440c3baab7f4ead7fc801?id=nWiTvoyblDc67z%2fAK84cDw%3d%3d&view=detailv2&idpp=genimg&idpbck=1&form=BICREC",
  "urlHash": "815e436ea30c9cdc9a20c72dcf39267d",
  "download": "https://api.apify.com/v2/key-value-stores/THcR0p8EzslX25oHs/records/815e436ea30c9cdc9a20c72dcf39267d.zip"
},
{
  "url": "https://www.bing.com/images/create/portrait-photo-of-a-female-cat-dressed-in-modern-i/1-6580066dc1d440c3baab7f4ead7fc801?id=w3xutQE2RYn3iRmTmaVUeg%3d%3d&view=detailv2&idpp=genimg&idpbck=1&form=BICREC",
  "urlHash": "bf7945d2978824c7b7dd68026a7057e4",
  "download": "https://api.apify.com/v2/key-value-stores/THcR0p8EzslX25oHs/records/bf7945d2978824c7b7dd68026a7057e4.zip"
},
{
  "url": "https://www.bing.com/images/create/portrait-photo-of-a-female-cat-dressed-in-modern-i/1-65800632100340cf837abf5aa71db33e?id=S9kzQpO4wnpjZRe9xVHMfQ%3d%3d&view=detailv2&idpp=genimg&idpbck=1&form=BICREC",
  "urlHash": "ae82748c6e472590b3c6752eeda91797",
  "download": "https://api.apify.com/v2/key-value-stores/THcR0p8EzslX25oHs/records/ae82748c6e472590b3c6752eeda91797.zip"
},
{
  "url": "https://www.bing.com/images/create/portrait-photo-of-a-female-cat-dressed-in-modern-i/1-65800632100340cf837abf5aa71db33e?id=Po45WAsHz8ngHEoJ2OrPCw%3d%3d&view=detailv2&idpp=genimg&idpbck=1&form=BICREC",
  "urlHash": "00f45b3d9fda0fbeb13f061de082d924",
  "download": "https://api.apify.com/v2/key-value-stores/THcR0p8EzslX25oHs/records/00f45b3d9fda0fbeb13f061de082d924.zip"
},
{
  "url": "https://www.bing.com/images/create/portrait-photo-of-a-female-cat-dressed-in-modern-i/1-65800632100340cf837abf5aa71db33e?id=fF1%2fPTVE3lcatZFxzs2btQ%3d%3d&view=detailv2&idpp=genimg&idpbck=1&form=BICREC",
  "urlHash": "c815dc6f647464bc7a4c7d32856cb457",
  "download": "https://api.apify.com/v2/key-value-stores/THcR0p8EzslX25oHs/records/c815dc6f647464bc7a4c7d32856cb457.zip"
},
{
  "url": "https://www.bing.com/images/create/portrait-photo-of-a-female-cat-dressed-in-modern-i/1-65800632100340cf837abf5aa71db33e?id=I6kMzWq1ZVmnfCI8paDOKg%3d%3d&view=detailv2&idpp=genimg&idpbck=1&form=BICREC",
  "urlHash": "eba43bd91876c20b94dfb2b5f5baa23f",
  "download": "https://api.apify.com/v2/key-value-stores/THcR0p8EzslX25oHs/records/eba43bd91876c20b94dfb2b5f5baa23f.zip"
},
{
  "url": "https://www.bing.com/images/create/portrait-photo-of-a-female-cat-dressed-in-modern-i/1-65800e160b2f4ac2a70206d6ffbf1fb3?id=tbh3A%2f0mtSqLca5WSt8vcA%3d%3d&view=detailv2&idpp=genimg&idpbck=1&form=BICREC",
  "urlHash": "eebbc090afcd0adcc3eda2f162ce9cd2",
  "download": "https://api.apify.com/v2/key-value-stores/THcR0p8EzslX25oHs/records/eebbc090afcd0adcc3eda2f162ce9cd2.zip"
},
{
  "url": "https://www.bing.com/images/create/portrait-photo-of-a-female-cat-dressed-in-modern-i/1-65800e160b2f4ac2a70206d6ffbf1fb3?id=QbnHFXZsm026RNUJPwjwBQ%3d%3d&view=detailv2&idpp=genimg&idpbck=1&form=BICREC",
  "urlHash": "e323d4be15c262f19ba4101f949981d3",
  "download": "https://api.apify.com/v2/key-value-stores/THcR0p8EzslX25oHs/records/e323d4be15c262f19ba4101f949981d3.zip"
},
{
  "url": "https://www.bing.com/images/create/portrait-photo-of-a-female-cat-dressed-in-modern-i/1-65800e160b2f4ac2a70206d6ffbf1fb3?id=F%2fOL%2bmUUImq4iV2%2fiVNc0g%3d%3d&view=detailv2&idpp=genimg&idpbck=1&form=BICREC",
  "urlHash": "615516cf9a186e5b4cbc9788d8e4152b",
  "download": "https://api.apify.com/v2/key-value-stores/THcR0p8EzslX25oHs/records/615516cf9a186e5b4cbc9788d8e4152b.zip"
},
{
  "url": "https://www.bing.com/images/create/portrait-photo-of-a-female-cat-dressed-in-modern-i/1-65800e160b2f4ac2a70206d6ffbf1fb3?id=QB8keu9IW93o7n0Ww0dj5g%3d%3d&view=detailv2&idpp=genimg&idpbck=1&form=BICREC",
  "urlHash": "53903c7fcabb8077dcae1e5584e28dc7",
  "download": "https://api.apify.com/v2/key-value-stores/THcR0p8EzslX25oHs/records/53903c7fcabb8077dcae1e5584e28dc7.zip"
},
{
  "url": "https://www.bing.com/images/create/portrait-photo-of-a-female-cat-dressed-in-modern-i/1-65800de80cd243dba64e27712bb36ac0?id=%2f1vDXFa%2fc5GDIlMZPKOLyQ%3d%3d&view=detailv2&idpp=genimg&idpbck=1&form=BICREC",
  "urlHash": "68a0bc68227c68f2557b3bbcc60bc3a2",
  "download": "https://api.apify.com/v2/key-value-stores/THcR0p8EzslX25oHs/records/68a0bc68227c68f2557b3bbcc60bc3a2.zip"
},
{
  "url": "https://www.bing.com/images/create/portrait-photo-of-a-female-cat-dressed-in-modern-i/1-65800de80cd243dba64e27712bb36ac0?id=86YSBdGk2kpXM9nC4PtRWg%3d%3d&view=detailv2&idpp=genimg&idpbck=1&form=BICREC",
  "urlHash": "e80d494645364489472ccf847970a42c",
  "download": "https://api.apify.com/v2/key-value-stores/THcR0p8EzslX25oHs/records/e80d494645364489472ccf847970a42c.zip"
},
{
  "url": "https://www.bing.com/images/create/portrait-photo-of-a-female-cat-dressed-in-modern-i/1-65800de80cd243dba64e27712bb36ac0?id=Lijeq3nlAjvXRNurp9Pp6Q%3d%3d&view=detailv2&idpp=genimg&idpbck=1&form=BICREC",
  "urlHash": "07963c64cf7509d205d4c47517540b7a",
  "download": "https://api.apify.com/v2/key-value-stores/THcR0p8EzslX25oHs/records/07963c64cf7509d205d4c47517540b7a.zip"
},
{
  "url": "https://www.bing.com/images/create/portrait-photo-of-a-female-cat-dressed-in-modern-i/1-65800de80cd243dba64e27712bb36ac0?id=31dryw3nQPL3x1bLVy0dsw%3d%3d&view=detailv2&idpp=genimg&idpbck=1&form=BICREC",
  "urlHash": "2d939fb5252fc324c6486fb5c00e4b58",
  "download": "https://api.apify.com/v2/key-value-stores/THcR0p8EzslX25oHs/records/2d939fb5252fc324c6486fb5c00e4b58.zip"
},
{
  "url": "https://www.bing.com/images/create/portrait-photo-of-a-female-cat-dressed-in-modern-i/1-65800d9a49ca44e8b97554495a60e539?id=un5hHJrINk69U5P2nxR0NQ%3d%3d&view=detailv2&idpp=genimg&idpbck=1&form=BICREC",
  "urlHash": "7af221fdbe18cc00f7941aaa241df943",
  "download": "https://api.apify.com/v2/key-value-stores/THcR0p8EzslX25oHs/records/7af221fdbe18cc00f7941aaa241df943.zip"
},
{
  "url": "https://www.bing.com/images/create/portrait-photo-of-a-female-cat-dressed-in-modern-i/1-65800d9a49ca44e8b97554495a60e539?id=%2b05FKHQSqvDjYcF5NmtWPw%3d%3d&view=detailv2&idpp=genimg&idpbck=1&form=BICREC",
  "urlHash": "5d9f9b243b145b4ac0b5c068395ee4d2",
  "download": "https://api.apify.com/v2/key-value-stores/THcR0p8EzslX25oHs/records/5d9f9b243b145b4ac0b5c068395ee4d2.zip"
},
{
  "url": "https://www.bing.com/images/create/portrait-photo-of-a-female-cat-dressed-in-modern-i/1-65800d9a49ca44e8b97554495a60e539?id=oQZAeHHMVTJWXj%2f%2bX0v0%2fQ%3d%3d&view=detailv2&idpp=genimg&idpbck=1&form=BICREC",
  "urlHash": "2158358ef55ffacab377605b15f30f11",
  "download": "https://api.apify.com/v2/key-value-stores/THcR0p8EzslX25oHs/records/2158358ef55ffacab377605b15f30f11.zip"
},
{
  "url": "https://www.bing.com/images/create/portrait-photo-of-a-female-cat-dressed-in-modern-i/1-65800d9a49ca44e8b97554495a60e539?id=QDWch%2b7wIXG7%2b6rvcUN0fg%3d%3d&view=detailv2&idpp=genimg&idpbck=1&form=BICREC",
  "urlHash": "9dd82d6a035bacba2d27a7320e686e80",
  "download": "https://api.apify.com/v2/key-value-stores/THcR0p8EzslX25oHs/records/9dd82d6a035bacba2d27a7320e686e80.zip"
},
{
  "url": "https://www.bing.com/images/create/portrait-photo-of-a-female-cat-dressed-in-modern-i/1-65800d575c11463da0df9e54c767efae?id=h785aC70fo0wyWdmLv8IIQ%3d%3d&view=detailv2&idpp=genimg&idpbck=1&form=BICREC",
  "urlHash": "6f7e0500f947727c88d185b630449ae6",
  "download": "https://api.apify.com/v2/key-value-stores/THcR0p8EzslX25oHs/records/6f7e0500f947727c88d185b630449ae6.zip"
},
{
  "url": "https://www.bing.com/images/create/portrait-photo-of-a-female-cat-dressed-in-modern-i/1-65800d575c11463da0df9e54c767efae?id=9XWAPz3NUbWVbar1lkGR0Q%3d%3d&view=detailv2&idpp=genimg&idpbck=1&form=BICREC",
  "urlHash": "7d9aad537bacc0b8d29fa6fc5f4cacb9",
  "download": "https://api.apify.com/v2/key-value-stores/THcR0p8EzslX25oHs/records/7d9aad537bacc0b8d29fa6fc5f4cacb9.zip"
},
{
  "url": "https://www.bing.com/images/create/portrait-photo-of-a-female-cat-dressed-in-modern-i/1-65800d575c11463da0df9e54c767efae?id=eQNpglTNCACNtJ2dZJ6Ndw%3d%3d&view=detailv2&idpp=genimg&idpbck=1&form=BICREC",
  "urlHash": "f3cd593204a3c7a085da7366e62232b9",
  "download": "https://api.apify.com/v2/key-value-stores/THcR0p8EzslX25oHs/records/f3cd593204a3c7a085da7366e62232b9.zip"
},
{
  "url": "https://www.bing.com/images/create/portrait-photo-of-a-female-cat-dressed-in-modern-i/1-65800d575c11463da0df9e54c767efae?id=mq4%2fk9NUpkNulF7IPKTjAg%3d%3d&view=detailv2&idpp=genimg&idpbck=1&form=BICREC",
  "urlHash": "2cfcc8824835d14e3de570366c001d0c",
  "download": "https://api.apify.com/v2/key-value-stores/THcR0p8EzslX25oHs/records/2cfcc8824835d14e3de570366c001d0c.zip"
},
{
  "url": "https://www.bing.com/images/create/portrait-photo-of-a-female-cat-dressed-in-modern-i/1-65800f06dfc84b8083b742e0ce835253?id=LavmC%2by66UeJAzNFXBCuKw%3d%3d&view=detailv2&idpp=genimg&idpbck=1&form=BICREC",
  "urlHash": "0e198971261941954f05946bc256a996",
  "download": "https://api.apify.com/v2/key-value-stores/THcR0p8EzslX25oHs/records/0e198971261941954f05946bc256a996.zip"
},
{
  "url": "https://www.bing.com/images/create/portrait-photo-of-a-female-cat-dressed-in-modern-i/1-65800f06dfc84b8083b742e0ce835253?id=kzWnW0GIotgN9PP95BTubQ%3d%3d&view=detailv2&idpp=genimg&idpbck=1&form=BICREC",
  "urlHash": "502a5c20b3b80c9c6a6451b7f1d1fa80",
  "download": "https://api.apify.com/v2/key-value-stores/THcR0p8EzslX25oHs/records/502a5c20b3b80c9c6a6451b7f1d1fa80.zip"
},
{
  "url": "https://www.bing.com/images/create/portrait-photo-of-a-female-cat-dressed-in-modern-i/1-65800f06dfc84b8083b742e0ce835253?id=Srjii0tY3l2L0zJGjlKN2w%3d%3d&view=detailv2&idpp=genimg&idpbck=1&form=BICREC",
  "urlHash": "b2f4dec0721825f72c77421e18989324",
  "download": "https://api.apify.com/v2/key-value-stores/THcR0p8EzslX25oHs/records/b2f4dec0721825f72c77421e18989324.zip"
},
{
  "url": "https://www.bing.com/images/create/portrait-photo-of-a-female-cat-dressed-in-modern-i/1-65800f06dfc84b8083b742e0ce835253?id=NmcfwlRY36BUGh1OeGT4MA%3d%3d&view=detailv2&idpp=genimg&idpbck=1&form=BICREC",
  "urlHash": "b65bc7e110ff399fcf861577be2f0282",
  "download": "https://api.apify.com/v2/key-value-stores/THcR0p8EzslX25oHs/records/b65bc7e110ff399fcf861577be2f0282.zip"
},
{
  "url": "https://www.bing.com/images/create/portrait-photo-of-a-female-cat-dressed-in-modern-i/1-65800ee636664e71a1c1f95f60b36701?id=HPZitvN9ANUmeF6JZxacWw%3d%3d&view=detailv2&idpp=genimg&idpbck=1&form=BICREC",
  "urlHash": "35302fb386783ce180d45a3e1dace581",
  "download": "https://api.apify.com/v2/key-value-stores/THcR0p8EzslX25oHs/records/35302fb386783ce180d45a3e1dace581.zip"
},
{
  "url": "https://www.bing.com/images/create/portrait-photo-of-a-female-cat-dressed-in-modern-i/1-65800ee636664e71a1c1f95f60b36701?id=SfTxuqq3uOQSCORLBJy5rg%3d%3d&view=detailv2&idpp=genimg&idpbck=1&form=BICREC",
  "urlHash": "2fda6743fbdc2d580cbbe649ec78c870",
  "download": "https://api.apify.com/v2/key-value-stores/THcR0p8EzslX25oHs/records/2fda6743fbdc2d580cbbe649ec78c870.zip"
},
{
  "url": "https://www.bing.com/images/create/portrait-photo-of-a-female-cat-dressed-in-modern-i/1-65800ee636664e71a1c1f95f60b36701?id=Lrbn9qkVFlRDa74dbNeURw%3d%3d&view=detailv2&idpp=genimg&idpbck=1&form=BICREC",
  "urlHash": "0ec064adaf7d4cf44811425107b1703f",
  "download": "https://api.apify.com/v2/key-value-stores/THcR0p8EzslX25oHs/records/0ec064adaf7d4cf44811425107b1703f.zip"
},
{
  "url": "https://www.bing.com/images/create/portrait-photo-of-a-female-cat-dressed-in-modern-i/1-65800ee636664e71a1c1f95f60b36701?id=nQTfi42ohivyRSQD4VXABA%3d%3d&view=detailv2&idpp=genimg&idpbck=1&form=BICREC",
  "urlHash": "87ffaa1a7163810b27806d90da7ce5ef",
  "download": "https://api.apify.com/v2/key-value-stores/THcR0p8EzslX25oHs/records/87ffaa1a7163810b27806d90da7ce5ef.zip"
},
{
  "url": "https://www.bing.com/images/create/portrait-photo-of-a-female-cat-dressed-in-modern-i/1-65800ec186ca411082f1d18a7e54a7e6?id=rWgZh4mWoYgWZDSTyrX6KA%3d%3d&view=detailv2&idpp=genimg&idpbck=1&form=BICREC",
  "urlHash": "9e1a4a73adcd36bc5dd268958427bd60",
  "download": "https://api.apify.com/v2/key-value-stores/THcR0p8EzslX25oHs/records/9e1a4a73adcd36bc5dd268958427bd60.zip"
},
{
  "url": "https://www.bing.com/images/create/portrait-photo-of-a-female-cat-dressed-in-modern-i/1-65800ec186ca411082f1d18a7e54a7e6?id=bKjw99D4k67JqVDs9E0R4A%3d%3d&view=detailv2&idpp=genimg&idpbck=1&form=BICREC",
  "urlHash": "b3aed3129e56b514df2809a641cfcb0e",
  "download": "https://api.apify.com/v2/key-value-stores/THcR0p8EzslX25oHs/records/b3aed3129e56b514df2809a641cfcb0e.zip"
},
{
  "url": "https://www.bing.com/images/create/portrait-photo-of-a-female-cat-dressed-in-modern-i/1-65800ec186ca411082f1d18a7e54a7e6?id=XYWR6sYJxs%2fHZWq8Z%2fKdzA%3d%3d&view=detailv2&idpp=genimg&idpbck=1&form=BICREC",
  "urlHash": "ce7d23e18c1d002a5ba318b49386e302",
  "download": "https://api.apify.com/v2/key-value-stores/THcR0p8EzslX25oHs/records/ce7d23e18c1d002a5ba318b49386e302.zip"
},
{
  "url": "https://www.bing.com/images/create/portrait-photo-of-a-female-cat-dressed-in-modern-i/1-65800ec186ca411082f1d18a7e54a7e6?id=OH9h8fFcHL9DamauFuXkXg%3d%3d&view=detailv2&idpp=genimg&idpbck=1&form=BICREC",
  "urlHash": "de691602a9795f51c4971efac8043bcf",
  "download": "https://api.apify.com/v2/key-value-stores/THcR0p8EzslX25oHs/records/de691602a9795f51c4971efac8043bcf.zip"
},
{
  "url": "https://www.bing.com/images/create/portrait-photo-of-a-female-cat-dressed-in-modern-i/1-65800e9d4ed74c8c9e591d80450d9a74?id=ZRjtEV%2fYYfnaamMjI3ERCw%3d%3d&view=detailv2&idpp=genimg&idpbck=1&form=BICREC",
  "urlHash": "072607f66ecd916bf165c7714b491af2",
  "download": "https://api.apify.com/v2/key-value-stores/THcR0p8EzslX25oHs/records/072607f66ecd916bf165c7714b491af2.zip"
},
{
  "url": "https://www.bing.com/images/create/portrait-photo-of-a-female-cat-dressed-in-modern-i/1-65800e9d4ed74c8c9e591d80450d9a74?id=ugY8O27Rjc9GUR77laZTmA%3d%3d&view=detailv2&idpp=genimg&idpbck=1&form=BICREC",
  "urlHash": "67e616f9edce61ff48c00bd8762cf3de",
  "download": "https://api.apify.com/v2/key-value-stores/THcR0p8EzslX25oHs/records/67e616f9edce61ff48c00bd8762cf3de.zip"
},
{
  "url": "https://www.bing.com/images/create/portrait-photo-of-a-female-cat-dressed-in-modern-i/1-65800e9d4ed74c8c9e591d80450d9a74?id=DzfoyIGuEDM97GJhrd1X2A%3d%3d&view=detailv2&idpp=genimg&idpbck=1&form=BICREC",
  "urlHash": "4d9de097e61cefaa44f3a46d174dcde0",
  "download": "https://api.apify.com/v2/key-value-stores/THcR0p8EzslX25oHs/records/4d9de097e61cefaa44f3a46d174dcde0.zip"
},
{
  "url": "https://www.bing.com/images/create/portrait-photo-of-a-female-cat-dressed-in-modern-i/1-65800e9d4ed74c8c9e591d80450d9a74?id=Kyss08xdtBI%2bH4wYk5QLyA%3d%3d&view=detailv2&idpp=genimg&idpbck=1&form=BICREC",
  "urlHash": "848b5c08076c4092ee5683553405d912",
  "download": "https://api.apify.com/v2/key-value-stores/THcR0p8EzslX25oHs/records/848b5c08076c4092ee5683553405d912.zip"
},
{
  "url": "https://www.bing.com/images/create/portrait-photo-of-a-female-dog-dressed-in-modern-i/1-657fecc465f14bb08588d2c2b348c8cc?id=4OgiVlmbcIdR4gH80m4RVQ%3d%3d&view=detailv2&idpp=genimg&idpbck=1&form=BICREC",
  "urlHash": "51e2ed623cf7e3ba8622f391e1313382",
  "download": "https://api.apify.com/v2/key-value-stores/THcR0p8EzslX25oHs/records/51e2ed623cf7e3ba8622f391e1313382.zip"
},
{
  "url": "https://www.bing.com/images/create/portrait-photo-of-a-female-dog-dressed-in-modern-i/1-657fecc465f14bb08588d2c2b348c8cc?id=Tus76GJrQRVLpOTC05lB2Q%3d%3d&view=detailv2&idpp=genimg&idpbck=1&form=BICREC",
  "urlHash": "831dc1bcb8ff1b3eabc9be6f1506a007",
  "download": "https://api.apify.com/v2/key-value-stores/THcR0p8EzslX25oHs/records/831dc1bcb8ff1b3eabc9be6f1506a007.zip"
},
{
  "url": "https://www.bing.com/images/create/portrait-photo-of-a-female-dog-dressed-in-modern-i/1-657fecc465f14bb08588d2c2b348c8cc?id=d9djiBF61q7UZ%2bBai%2bAqug%3d%3d&view=detailv2&idpp=genimg&idpbck=1&form=BICREC",
  "urlHash": "c0f1eb83dea7888a1694ff5973346475",
  "download": "https://api.apify.com/v2/key-value-stores/THcR0p8EzslX25oHs/records/c0f1eb83dea7888a1694ff5973346475.zip"
},
{
  "url": "https://www.bing.com/images/create/portrait-photo-of-a-female-dog-dressed-in-modern-i/1-657fecab82374f37ae8f9da059124fc8?id=r3qLjkwEuOxf%2fvs7eHyQ9w%3d%3d&view=detailv2&idpp=genimg&idpbck=1&form=BICREC",
  "urlHash": "866fff3f9d3f8e31a3ed8224c04cea0e",
  "download": "https://api.apify.com/v2/key-value-stores/THcR0p8EzslX25oHs/records/866fff3f9d3f8e31a3ed8224c04cea0e.zip"
},
{
  "url": "https://www.bing.com/images/create/portrait-photo-of-a-female-dog-dressed-in-modern-i/1-657fecab82374f37ae8f9da059124fc8?id=FddRV8pxfzmfgCAFMzi1%2bw%3d%3d&view=detailv2&idpp=genimg&idpbck=1&form=BICREC",
  "urlHash": "c29864066aa8dece12a2e3cd2f058fac",
  "download": "https://api.apify.com/v2/key-value-stores/THcR0p8EzslX25oHs/records/c29864066aa8dece12a2e3cd2f058fac.zip"
},
{
  "url": "https://www.bing.com/images/create/portrait-photo-of-a-female-dog-dressed-in-modern-i/1-657fecab82374f37ae8f9da059124fc8?id=sdXwJ%2bRviISuPcaSS0QnTA%3d%3d&view=detailv2&idpp=genimg&idpbck=1&form=BICREC",
  "urlHash": "04222eeffc66919b47281daef2107102",
  "download": "https://api.apify.com/v2/key-value-stores/THcR0p8EzslX25oHs/records/04222eeffc66919b47281daef2107102.zip"
},
{
  "url": "https://www.bing.com/images/create/portrait-photo-of-a-female-dog-dressed-in-modern-i/1-657fecab82374f37ae8f9da059124fc8?id=YFU7BZaX5KKJSRGP06mv0w%3d%3d&view=detailv2&idpp=genimg&idpbck=1&form=BICREC",
  "urlHash": "d074e97951008cd5da4e3ab2931f8c37",
  "download": "https://api.apify.com/v2/key-value-stores/THcR0p8EzslX25oHs/records/d074e97951008cd5da4e3ab2931f8c37.zip"
},
{
  "url": "https://www.bing.com/images/create/portrait-photo-of-a-female-dog-dressed-in-modern-i/1-657fec824e0b47f597e1a4e13a8a2e39?id=rnJ83wy55O41cLwjS%2fqdFw%3d%3d&view=detailv2&idpp=genimg&idpbck=1&form=BICREC",
  "urlHash": "3868a364de25f7a7a155ac04b551a472",
  "download": "https://api.apify.com/v2/key-value-stores/THcR0p8EzslX25oHs/records/3868a364de25f7a7a155ac04b551a472.zip"
},
{
  "url": "https://www.bing.com/images/create/portrait-photo-of-a-female-dog-dressed-in-modern-i/1-657fec824e0b47f597e1a4e13a8a2e39?id=99VeOTxvts99j9ZTlt%2b9jA%3d%3d&view=detailv2&idpp=genimg&idpbck=1&form=BICREC",
  "urlHash": "a58d884ec2f3e3979146bfe5d651e55d",
  "download": "https://api.apify.com/v2/key-value-stores/THcR0p8EzslX25oHs/records/a58d884ec2f3e3979146bfe5d651e55d.zip"
},
{
  "url": "https://www.bing.com/images/create/portrait-photo-of-a-female-dog-dressed-in-modern-i/1-657fec824e0b47f597e1a4e13a8a2e39?id=FSzL726Tta87KOW2rvyHJw%3d%3d&view=detailv2&idpp=genimg&idpbck=1&form=BICREC",
  "urlHash": "414fdabb658ffae2a52f99e2d41b5884",
  "download": "https://api.apify.com/v2/key-value-stores/THcR0p8EzslX25oHs/records/414fdabb658ffae2a52f99e2d41b5884.zip"
},
{
  "url": "https://www.bing.com/images/create/portrait-photo-of-a-female-dog-dressed-in-modern-i/1-657fec824e0b47f597e1a4e13a8a2e39?id=7gm4knfKAAbp9Ony0kJdvw%3d%3d&view=detailv2&idpp=genimg&idpbck=1&form=BICREC",
  "urlHash": "992f19a73bd62e9cc79679d31552794c",
  "download": "https://api.apify.com/v2/key-value-stores/THcR0p8EzslX25oHs/records/992f19a73bd62e9cc79679d31552794c.zip"
},
{
  "url": "https://www.bing.com/images/create/portrait-photo-of-a-female-dog-dressed-in-modern-i/1-657ff07c9a874dfa8e11a15a201e9b26?id=nOxhbpeuajik206STuVlMg%3d%3d&view=detailv2&idpp=genimg&idpbck=1&form=BICREC",
  "urlHash": "cc8652346fce364ac0fe92e05fd75bdd",
  "download": "https://api.apify.com/v2/key-value-stores/THcR0p8EzslX25oHs/records/cc8652346fce364ac0fe92e05fd75bdd.zip"
},
{
  "url": "https://www.bing.com/images/create/portrait-photo-of-a-female-dog-dressed-in-modern-i/1-657ff07c9a874dfa8e11a15a201e9b26?id=3qHj01THjhhy%2btoj0V2hMA%3d%3d&view=detailv2&idpp=genimg&idpbck=1&form=BICREC",
  "urlHash": "1772307ac18cb3e5857d561c1a19c7eb",
  "download": "https://api.apify.com/v2/key-value-stores/THcR0p8EzslX25oHs/records/1772307ac18cb3e5857d561c1a19c7eb.zip"
},
{
  "url": "https://www.bing.com/images/create/portrait-photo-of-a-female-dog-dressed-in-modern-i/1-657ff07c9a874dfa8e11a15a201e9b26?id=eef2j%2fRJsLo%2bOnrY%2f5N0Og%3d%3d&view=detailv2&idpp=genimg&idpbck=1&form=BICREC",
  "urlHash": "ec99e07aebdb1b342fdcd31e79257851",
  "download": "https://api.apify.com/v2/key-value-stores/THcR0p8EzslX25oHs/records/ec99e07aebdb1b342fdcd31e79257851.zip"
},
{
  "url": "https://www.bing.com/images/create/portrait-photo-of-a-female-dog-dressed-in-modern-i/1-657ff07c9a874dfa8e11a15a201e9b26?id=Wq4F1ynKOlio%2b9VgXCGEjw%3d%3d&view=detailv2&idpp=genimg&idpbck=1&form=BICREC",
  "urlHash": "0cd02858f10dd16d8cda06f751716438",
  "download": "https://api.apify.com/v2/key-value-stores/THcR0p8EzslX25oHs/records/0cd02858f10dd16d8cda06f751716438.zip"
},
{
  "url": "https://www.bing.com/images/create/portrait-photo-of-a-female-dog-dressed-in-modern-i/1-657fefdd05ee470cb991a58f9362672f?id=PYyca8s1nX1aEDyHO72GHQ%3d%3d&view=detailv2&idpp=genimg&idpbck=1&form=BICREC",
  "urlHash": "fb93461c1a0914be021e506303c4993b",
  "download": "https://api.apify.com/v2/key-value-stores/THcR0p8EzslX25oHs/records/fb93461c1a0914be021e506303c4993b.zip"
},
{
  "url": "https://www.bing.com/images/create/portrait-photo-of-a-female-dog-dressed-in-modern-i/1-657fefdd05ee470cb991a58f9362672f?id=NnnUqH47hV1EMHnHCinpQw%3d%3d&view=detailv2&idpp=genimg&idpbck=1&form=BICREC",
  "urlHash": "8cbfe105496c74a4252fb18de7275f92",
  "download": "https://api.apify.com/v2/key-value-stores/THcR0p8EzslX25oHs/records/8cbfe105496c74a4252fb18de7275f92.zip"
},
{
  "url": "https://www.bing.com/images/create/portrait-photo-of-a-female-dog-dressed-in-modern-i/1-657fefdd05ee470cb991a58f9362672f?id=EZ2gfZgK4m7jk0q2fkQneQ%3d%3d&view=detailv2&idpp=genimg&idpbck=1&form=BICREC",
  "urlHash": "d64679530dce33d9ca0d68f0509b0304",
  "download": "https://api.apify.com/v2/key-value-stores/THcR0p8EzslX25oHs/records/d64679530dce33d9ca0d68f0509b0304.zip"
},
{
  "url": "https://www.bing.com/images/create/portrait-photo-of-a-female-dog-dressed-in-modern-i/1-657fefc455d14a37a58824022f9ed58e?id=GQ2cbDiMnCQWsh8rRm0KrQ%3d%3d&view=detailv2&idpp=genimg&idpbck=1&form=BICREC",
  "urlHash": "59e4d4f3b11de94603017f8592754723",
  "download": "https://api.apify.com/v2/key-value-stores/THcR0p8EzslX25oHs/records/59e4d4f3b11de94603017f8592754723.zip"
},
{
  "url": "https://www.bing.com/images/create/portrait-photo-of-a-female-dog-dressed-in-modern-i/1-657fefc455d14a37a58824022f9ed58e?id=yRP8qbFPJB02xqk1ISJvhg%3d%3d&view=detailv2&idpp=genimg&idpbck=1&form=BICREC",
  "urlHash": "18e293d11f4eb5ae85210c4f9901ac5c",
  "download": "https://api.apify.com/v2/key-value-stores/THcR0p8EzslX25oHs/records/18e293d11f4eb5ae85210c4f9901ac5c.zip"
},
{
  "url": "https://www.bing.com/images/create/portrait-photo-of-a-female-dog-dressed-in-modern-i/1-657fefc455d14a37a58824022f9ed58e?id=7WA92rzG3l2fGGyXlsJ7Iw%3d%3d&view=detailv2&idpp=genimg&idpbck=1&form=BICREC",
  "urlHash": "9d6e24e9b1335ab7e00ef82363e092d7",
  "download": "https://api.apify.com/v2/key-value-stores/THcR0p8EzslX25oHs/records/9d6e24e9b1335ab7e00ef82363e092d7.zip"
},
{
  "url": "https://www.bing.com/images/create/portrait-photo-of-a-female-dog-dressed-in-modern-i/1-657fefa5782b410d9a77f62666b56eb4?id=65mjheNF%2bqdU%2fNyBx9oJiA%3d%3d&view=detailv2&idpp=genimg&idpbck=1&form=BICREC",
  "urlHash": "fbd7406d120b414fe91ca9929ab25ebc",
  "download": "https://api.apify.com/v2/key-value-stores/THcR0p8EzslX25oHs/records/fbd7406d120b414fe91ca9929ab25ebc.zip"
},
{
  "url": "https://www.bing.com/images/create/portrait-photo-of-a-female-dog-dressed-in-modern-i/1-657fefa5782b410d9a77f62666b56eb4?id=0dKoQeg8gRPuaL4Pve1AUw%3d%3d&view=detailv2&idpp=genimg&idpbck=1&form=BICREC",
  "urlHash": "bb8a5768e2c3aaf333de36c32077b6ca",
  "download": "https://api.apify.com/v2/key-value-stores/THcR0p8EzslX25oHs/records/bb8a5768e2c3aaf333de36c32077b6ca.zip"
},
{
  "url": "https://www.bing.com/images/create/portrait-photo-of-a-female-dog-dressed-in-modern-i/1-657fefa5782b410d9a77f62666b56eb4?id=VMZzuWIpN84%2ffMKM8cUBTg%3d%3d&view=detailv2&idpp=genimg&idpbck=1&form=BICREC",
  "urlHash": "3130eed76831b688810273ffe20fd234",
  "download": "https://api.apify.com/v2/key-value-stores/THcR0p8EzslX25oHs/records/3130eed76831b688810273ffe20fd234.zip"
},
{
  "url": "https://www.bing.com/images/create/portrait-photo-of-a-female-dog-dressed-in-modern-i/1-657fedf58bb44403b05406b46cb8a3a0?id=a%2f6rYjtHZYRMsO%2bMlPowjA%3d%3d&view=detailv2&idpp=genimg&idpbck=1&form=BICREC",
  "urlHash": "b7590f25fcae40b6322ad8d730ac517d",
  "download": "https://api.apify.com/v2/key-value-stores/THcR0p8EzslX25oHs/records/b7590f25fcae40b6322ad8d730ac517d.zip"
},
{
  "url": "https://www.bing.com/images/create/portrait-photo-of-a-female-dog-dressed-in-modern-i/1-657fedf58bb44403b05406b46cb8a3a0?id=NnkCqjlOtnxpo04XVfPtZA%3d%3d&view=detailv2&idpp=genimg&idpbck=1&form=BICREC",
  "urlHash": "3dd9f00365b5833ee9b0df9d843c892f",
  "download": "https://api.apify.com/v2/key-value-stores/THcR0p8EzslX25oHs/records/3dd9f00365b5833ee9b0df9d843c892f.zip"
},
{
  "url": "https://www.bing.com/images/create/portrait-photo-of-a-female-dog-dressed-in-modern-i/1-657fedf58bb44403b05406b46cb8a3a0?id=xyF3kOBqK4spUqMm5oSIJA%3d%3d&view=detailv2&idpp=genimg&idpbck=1&form=BICREC",
  "urlHash": "bb9b899c43b595837032c7e0ad92b28b",
  "download": "https://api.apify.com/v2/key-value-stores/THcR0p8EzslX25oHs/records/bb9b899c43b595837032c7e0ad92b28b.zip"
},
{
  "url": "https://www.bing.com/images/create/portrait-photo-of-a-female-dog-dressed-in-modern-i/1-657fedd5675f4586bde092d2afd78b2d?id=ZGpXuwojuacyBeRCHzZYrw%3d%3d&view=detailv2&idpp=genimg&idpbck=1&form=BICREC",
  "urlHash": "d642dc8d38bc2e3633a9bc1a1f47d4fe",
  "download": "https://api.apify.com/v2/key-value-stores/THcR0p8EzslX25oHs/records/d642dc8d38bc2e3633a9bc1a1f47d4fe.zip"
},
{
  "url": "https://www.bing.com/images/create/portrait-photo-of-a-female-dog-dressed-in-modern-i/1-657fedd5675f4586bde092d2afd78b2d?id=n8Yz62Q7E%2bWIGehnenpbIg%3d%3d&view=detailv2&idpp=genimg&idpbck=1&form=BICREC",
  "urlHash": "a3298e309273201b46f34e650b461db5",
  "download": "https://api.apify.com/v2/key-value-stores/THcR0p8EzslX25oHs/records/a3298e309273201b46f34e650b461db5.zip"
},
{
  "url": "https://www.bing.com/images/create/portrait-photo-of-a-female-dog-dressed-in-modern-i/1-657fedb4fba849d3ab1a22251fb0c25e?id=IFSzGdbsjA168RwKpui69g%3d%3d&view=detailv2&idpp=genimg&idpbck=1&form=BICREC",
  "urlHash": "1f19e61e590691699e1670b37043db4b",
  "download": "https://api.apify.com/v2/key-value-stores/THcR0p8EzslX25oHs/records/1f19e61e590691699e1670b37043db4b.zip"
},
{
  "url": "https://www.bing.com/images/create/portrait-photo-of-a-female-dog-dressed-in-modern-i/1-657fec5c98a043019c3c18bafc0ca54c?id=6UvrWF98nYBCmEPdUcAddw%3d%3d&view=detailv2&idpp=genimg&idpbck=1&form=BICREC",
  "urlHash": "74b13bf297dd19d2a4a9be24dff0debb",
  "download": "https://api.apify.com/v2/key-value-stores/THcR0p8EzslX25oHs/records/74b13bf297dd19d2a4a9be24dff0debb.zip"
},
{
  "url": "https://www.bing.com/images/create/portrait-photo-of-a-female-dog-dressed-in-modern-i/1-657fec5c98a043019c3c18bafc0ca54c?id=MdE3jAMu4DrmWbGPT3o%2b7g%3d%3d&view=detailv2&idpp=genimg&idpbck=1&form=BICREC",
  "urlHash": "de803cbf47f6fcf88b3423b5972eda0c",
  "download": "https://api.apify.com/v2/key-value-stores/THcR0p8EzslX25oHs/records/de803cbf47f6fcf88b3423b5972eda0c.zip"
},
{
  "url": "https://www.bing.com/images/create/portrait-photo-of-a-female-dog-dressed-in-modern-i/1-657fec5c98a043019c3c18bafc0ca54c?id=K6TUW0slNygdIJEcRxgkPA%3d%3d&view=detailv2&idpp=genimg&idpbck=1&form=BICREC",
  "urlHash": "c8219ee4437819ed33724700ef02cf33",
  "download": "https://api.apify.com/v2/key-value-stores/THcR0p8EzslX25oHs/records/c8219ee4437819ed33724700ef02cf33.zip"
},
{
  "url": "https://www.bing.com/images/create/portrait-photo-of-a-female-dog-dressed-in-modern-i/1-657fedb4fba849d3ab1a22251fb0c25e?id=snISRE0NSyl%2bfEaeuY1oqA%3d%3d&view=detailv2&idpp=genimg&idpbck=1&form=BICREC",
  "urlHash": "00426fa9b88963b2108f6d356b699858",
  "download": "https://api.apify.com/v2/key-value-stores/THcR0p8EzslX25oHs/records/00426fa9b88963b2108f6d356b699858.zip"
},
{
  "url": "https://www.bing.com/images/create/portrait-photo-of-a-female-dog-dressed-in-modern-i/1-657fee12006f46dda981e9c46b70a87a?id=SjsPnN2iJsc8dw3OGsyliQ%3d%3d&view=detailv2&idpp=genimg&idpbck=1&form=BICREC",
  "urlHash": "05cc4fb57b233450f22109efade94083",
  "download": "https://api.apify.com/v2/key-value-stores/THcR0p8EzslX25oHs/records/05cc4fb57b233450f22109efade94083.zip"
},
{
  "url": "https://www.bing.com/images/create/portrait-photo-of-a-female-dog-dressed-in-modern-i/1-657fee12006f46dda981e9c46b70a87a?id=%2bDqBpuXSWa9WhG1G2ZyDkQ%3d%3d&view=detailv2&idpp=genimg&idpbck=1&form=BICREC",
  "urlHash": "955d8a4454434d38fe770a580a0bfdc4",
  "download": "https://api.apify.com/v2/key-value-stores/THcR0p8EzslX25oHs/records/955d8a4454434d38fe770a580a0bfdc4.zip"
},
{
  "url": "https://www.bing.com/images/create/portrait-photo-of-a-female-dog-dressed-in-modern-i/1-657fee12006f46dda981e9c46b70a87a?id=7Ao%2fatc4LGtWdUD81Jkraw%3d%3d&view=detailv2&idpp=genimg&idpbck=1&form=BICREC",
  "urlHash": "8f97e2cc955a35fa479096051ed6f0a4",
  "download": "https://api.apify.com/v2/key-value-stores/THcR0p8EzslX25oHs/records/8f97e2cc955a35fa479096051ed6f0a4.zip"
},
{
  "url": "https://www.bing.com/images/create/portrait-photo-of-a-female-dog-dressed-in-modern-i/1-657fed7aee874ce69f8f5ba4687ab7a1?id=Wq4MG8t%2f83ijUgYvrT7bWQ%3d%3d&view=detailv2&idpp=genimg&idpbck=1&form=BICREC",
  "urlHash": "9ecbe13ac7e34ba95f43b70ee16ef174",
  "download": "https://api.apify.com/v2/key-value-stores/THcR0p8EzslX25oHs/records/9ecbe13ac7e34ba95f43b70ee16ef174.zip"
},
{
  "url": "https://www.bing.com/images/create/portrait-photo-of-a-female-dog-dressed-in-modern-i/1-657fee12006f46dda981e9c46b70a87a?id=c6%2by5wZi45Tppulzeb8D6A%3d%3d&view=detailv2&idpp=genimg&idpbck=1&form=BICREC",
  "urlHash": "da2ea1cd1e411cfdb713741eb91523b5",
  "download": "https://api.apify.com/v2/key-value-stores/THcR0p8EzslX25oHs/records/da2ea1cd1e411cfdb713741eb91523b5.zip"
},
{
  "url": "https://www.bing.com/images/create/portrait-photo-of-a-female-dog-dressed-in-modern-i/1-657fed7aee874ce69f8f5ba4687ab7a1?id=JmiG2TnEnEFj%2fpT%2fSAzezA%3d%3d&view=detailv2&idpp=genimg&idpbck=1&form=BICREC",
  "urlHash": "f2e26aca7481660b058e5d3fb6b340a1",
  "download": "https://api.apify.com/v2/key-value-stores/THcR0p8EzslX25oHs/records/f2e26aca7481660b058e5d3fb6b340a1.zip"
},
{
  "url": "https://www.bing.com/images/create/portrait-photo-of-a-female-dog-dressed-in-modern-i/1-657fed4ea77a4c56b85e00bfaaec1182?id=ZA%2f1JfiK4k2Q%2b0Yf8ldLsw%3d%3d&view=detailv2&idpp=genimg&idpbck=1&form=BICREC",
  "urlHash": "0397810942c73544e41e48cba6bfe502",
  "download": "https://api.apify.com/v2/key-value-stores/THcR0p8EzslX25oHs/records/0397810942c73544e41e48cba6bfe502.zip"
},
{
  "url": "https://www.bing.com/images/create/portrait-photo-of-a-female-dog-dressed-in-modern-i/1-657fed4ea77a4c56b85e00bfaaec1182?id=MEeBIX3ksWhfBsTKFs%2fxRA%3d%3d&view=detailv2&idpp=genimg&idpbck=1&form=BICREC",
  "urlHash": "22fb63ecce168a451cb770f903c95811",
  "download": "https://api.apify.com/v2/key-value-stores/THcR0p8EzslX25oHs/records/22fb63ecce168a451cb770f903c95811.zip"
},
{
  "url": "https://www.bing.com/images/create/portrait-photo-of-a-female-dog-dressed-in-modern-i/1-657fed7aee874ce69f8f5ba4687ab7a1?id=dR5vCh4GhrlbdOizY61XZA%3d%3d&view=detailv2&idpp=genimg&idpbck=1&form=BICREC",
  "urlHash": "23fd0a8e59287ac9673cb98817a419b8",
  "download": "https://api.apify.com/v2/key-value-stores/THcR0p8EzslX25oHs/records/23fd0a8e59287ac9673cb98817a419b8.zip"
},
{
  "url": "https://www.bing.com/images/create/portrait-photo-of-a-female-dog-dressed-in-modern-i/1-657fed7aee874ce69f8f5ba4687ab7a1?id=oXoTbvn0S79fOoI%2b45fwQg%3d%3d&view=detailv2&idpp=genimg&idpbck=1&form=BICREC",
  "urlHash": "ca9d2e36ba0a1bf3e00bc106f02c8fe3",
  "download": "https://api.apify.com/v2/key-value-stores/THcR0p8EzslX25oHs/records/ca9d2e36ba0a1bf3e00bc106f02c8fe3.zip"
},
{
  "url": "https://www.bing.com/images/create/portrait-photo-of-a-female-dog-dressed-in-modern-i/1-657fed4ea77a4c56b85e00bfaaec1182?id=t%2bEyDUnXbncX1vmAs3O2xA%3d%3d&view=detailv2&idpp=genimg&idpbck=1&form=BICREC",
  "urlHash": "979786646de71a43d89bfe41048990af",
  "download": "https://api.apify.com/v2/key-value-stores/THcR0p8EzslX25oHs/records/979786646de71a43d89bfe41048990af.zip"
},
{
  "url": "https://www.bing.com/images/create/portrait-photo-of-a-female-dog-dressed-in-modern-i/1-657fed359b7548f0ac4e816098094515?id=1Zgv4A3HfgOAVpgx6MFfIw%3d%3d&view=detailv2&idpp=genimg&idpbck=1&form=BICREC",
  "urlHash": "77b305add6421f372f7a857f6d4a4f64",
  "download": "https://api.apify.com/v2/key-value-stores/THcR0p8EzslX25oHs/records/77b305add6421f372f7a857f6d4a4f64.zip"
},
{
  "url": "https://www.bing.com/images/create/portrait-photo-of-a-female-dog-dressed-in-modern-i/1-657fed359b7548f0ac4e816098094515?id=W1VNmGSYvHxGNsiCyz7GiA%3d%3d&view=detailv2&idpp=genimg&idpbck=1&form=BICREC",
  "urlHash": "a070f738d1b98da7ee3ddf749d910686",
  "download": "https://api.apify.com/v2/key-value-stores/THcR0p8EzslX25oHs/records/a070f738d1b98da7ee3ddf749d910686.zip"
},
{
  "url": "https://www.bing.com/images/create/portrait-photo-of-a-female-dog-dressed-in-modern-i/1-657fed4ea77a4c56b85e00bfaaec1182?id=r7K922fBnKLDjZ1aCcmI8Q%3d%3d&view=detailv2&idpp=genimg&idpbck=1&form=BICREC",
  "urlHash": "fc65acba0192270292cd60d97062cbd8",
  "download": "https://api.apify.com/v2/key-value-stores/THcR0p8EzslX25oHs/records/fc65acba0192270292cd60d97062cbd8.zip"
},
{
  "url": "https://www.bing.com/images/create/portrait-photo-of-a-female-dog-dressed-in-modern-i/1-657fed359b7548f0ac4e816098094515?id=qUkoMM9Ajrw%2fUKU0uBwEPQ%3d%3d&view=detailv2&idpp=genimg&idpbck=1&form=BICREC",
  "urlHash": "3db9f09997c721d35e348a97ad9467c5",
  "download": "https://api.apify.com/v2/key-value-stores/THcR0p8EzslX25oHs/records/3db9f09997c721d35e348a97ad9467c5.zip"
},
{
  "url": "https://www.bing.com/images/create/portrait-photo-of-a-female-dog-dressed-in-modern-i/1-657fed0dc7ff476f91805a82c27f8c2c?id=HtigrCYxpG%2b908IXJiEQAA%3d%3d&view=detailv2&idpp=genimg&idpbck=1&form=BICREC",
  "urlHash": "1144e16e90e3e548517d0f4d6c157358",
  "download": "https://api.apify.com/v2/key-value-stores/THcR0p8EzslX25oHs/records/1144e16e90e3e548517d0f4d6c157358.zip"
},
{
  "url": "https://www.bing.com/images/create/portrait-photo-of-a-female-dog-dressed-in-modern-i/1-657fed0dc7ff476f91805a82c27f8c2c?id=IslcDlAzyux4qHOJqFBH3Q%3d%3d&view=detailv2&idpp=genimg&idpbck=1&form=BICREC",
  "urlHash": "7d063307c49c2dd5b28880de17cd829e",
  "download": "https://api.apify.com/v2/key-value-stores/THcR0p8EzslX25oHs/records/7d063307c49c2dd5b28880de17cd829e.zip"
},
{
  "url": "https://www.bing.com/images/create/portrait-photo-of-a-female-dog-dressed-in-modern-i/1-657fed359b7548f0ac4e816098094515?id=rsJLhLohqkNhfHwEb40b0Q%3d%3d&view=detailv2&idpp=genimg&idpbck=1&form=BICREC",
  "urlHash": "9d389dc3b9f53a953de29863fa89a856",
  "download": "https://api.apify.com/v2/key-value-stores/THcR0p8EzslX25oHs/records/9d389dc3b9f53a953de29863fa89a856.zip"
},
{
  "url": "https://www.bing.com/images/create/portrait-photo-of-a-female-dog-dressed-in-modern-i/1-657fed0dc7ff476f91805a82c27f8c2c?id=p0doIW%2bRTz9DYI1hiDtuIg%3d%3d&view=detailv2&idpp=genimg&idpbck=1&form=BICREC",
  "urlHash": "b20f72cc12bb6cbad991e6f0a4edaea3",
  "download": "https://api.apify.com/v2/key-value-stores/THcR0p8EzslX25oHs/records/b20f72cc12bb6cbad991e6f0a4edaea3.zip"
},
{
  "url": "https://www.bing.com/images/create/portrait-photo-of-a-female-dog-dressed-in-modern-i/1-657fec1527424447b33a5f3592d7a457?id=4DS8hUuocK2XXvN6cedGfA%3d%3d&view=detailv2&idpp=genimg&idpbck=1&form=BICREC",
  "urlHash": "8f53a73d748ac822f47b2603a081ddeb",
  "download": "https://api.apify.com/v2/key-value-stores/THcR0p8EzslX25oHs/records/8f53a73d748ac822f47b2603a081ddeb.zip"
},
{
  "url": "https://www.bing.com/images/create/portrait-photo-of-a-female-dog-dressed-in-modern-i/1-657fec1527424447b33a5f3592d7a457?id=J1CgEUu8vJFyBf7fOWtAWA%3d%3d&view=detailv2&idpp=genimg&idpbck=1&form=BICREC",
  "urlHash": "3bd5d999e4b841d9685d578340e69509",
  "download": "https://api.apify.com/v2/key-value-stores/THcR0p8EzslX25oHs/records/3bd5d999e4b841d9685d578340e69509.zip"
},
{
  "url": "https://www.bing.com/images/create/portrait-photo-of-a-female-dog-dressed-in-modern-i/1-657fed0dc7ff476f91805a82c27f8c2c?id=hQyaKiJN0uoUCJFQKSA%2fqQ%3d%3d&view=detailv2&idpp=genimg&idpbck=1&form=BICREC",
  "urlHash": "177c00ad59f0c49f6afc325844bcd3ab",
  "download": "https://api.apify.com/v2/key-value-stores/THcR0p8EzslX25oHs/records/177c00ad59f0c49f6afc325844bcd3ab.zip"
},
{
  "url": "https://www.bing.com/images/create/portrait-photo-of-a-female-dog-dressed-in-modern-i/1-657fec1527424447b33a5f3592d7a457?id=K5M9Hwwz%2ba2nH7bwmKqx5g%3d%3d&view=detailv2&idpp=genimg&idpbck=1&form=BICREC",
  "urlHash": "6180ce61c24be888fd0df7b4d4923292",
  "download": "https://api.apify.com/v2/key-value-stores/THcR0p8EzslX25oHs/records/6180ce61c24be888fd0df7b4d4923292.zip"
},
{
  "url": "https://www.bing.com/images/create/portrait-photo-of-a-female-dog-dressed-in-modern-i/1-657febf7282d4771a5585dace7be41af?id=x%2bS8npMxA5h2JirSUZNaHg%3d%3d&view=detailv2&idpp=genimg&idpbck=1&form=BICREC",
  "urlHash": "67a61df677ddc4ab80c4bd6bb6a2b5bd",
  "download": "https://api.apify.com/v2/key-value-stores/THcR0p8EzslX25oHs/records/67a61df677ddc4ab80c4bd6bb6a2b5bd.zip"
},
{
  "url": "https://www.bing.com/images/create/portrait-photo-of-a-female-dog-dressed-in-modern-i/1-657febf7282d4771a5585dace7be41af?id=QCDWuxyJdk1uvnK1YuoMeQ%3d%3d&view=detailv2&idpp=genimg&idpbck=1&form=BICREC",
  "urlHash": "fa301aaaae605a13892afa33b1df47e6",
  "download": "https://api.apify.com/v2/key-value-stores/THcR0p8EzslX25oHs/records/fa301aaaae605a13892afa33b1df47e6.zip"
},
{
  "url": "https://www.bing.com/images/create/portrait-photo-of-a-female-dog-dressed-in-modern-i/1-657fec1527424447b33a5f3592d7a457?id=uI3%2b3gaEBkZ3AJakW3AARA%3d%3d&view=detailv2&idpp=genimg&idpbck=1&form=BICREC",
  "urlHash": "f7822d554d26c1de60bb1de853c7a088",
  "download": "https://api.apify.com/v2/key-value-stores/THcR0p8EzslX25oHs/records/f7822d554d26c1de60bb1de853c7a088.zip"
},
{
  "url": "https://www.bing.com/images/create/portrait-photo-of-a-female-dog-dressed-in-modern-i/1-657febf7282d4771a5585dace7be41af?id=Kl9kd4Va54yU50nvdNi97Q%3d%3d&view=detailv2&idpp=genimg&idpbck=1&form=BICREC",
  "urlHash": "6f6be7721bc2df397b26bc7fc6203fe9",
  "download": "https://api.apify.com/v2/key-value-stores/THcR0p8EzslX25oHs/records/6f6be7721bc2df397b26bc7fc6203fe9.zip"
},
{
  "url": "https://www.bing.com/images/create/portrait-photo-of-a-female-dog-dressed-in-modern-i/1-657fec5c98a043019c3c18bafc0ca54c?id=4Qt8svV%2fYf0hnMSfbVIKQw%3d%3d&view=detailv2&idpp=genimg&idpbck=1&form=BICREC",
  "urlHash": "17d4664825744cede8223859216b78cd",
  "download": "https://api.apify.com/v2/key-value-stores/THcR0p8EzslX25oHs/records/17d4664825744cede8223859216b78cd.zip"
},
{
  "url": "https://www.bing.com/images/create/portrait-photo-of-a-female-dog-dressed-in-modern-i/1-657fecc465f14bb08588d2c2b348c8cc?id=prWoJfrXOTsLBNg7FIxpRg%3d%3d&view=detailv2&idpp=genimg&idpbck=1&form=BICREC",
  "urlHash": "6126b1d8d4dc5568043b9ea4c7b5edfb",
  "download": "https://api.apify.com/v2/key-value-stores/THcR0p8EzslX25oHs/records/6126b1d8d4dc5568043b9ea4c7b5edfb.zip"
},
{
  "url": "https://www.bing.com/images/create/portrait-photo-of-a-female-dog-dressed-in-modern-i/1-657febf7282d4771a5585dace7be41af?id=E3PLx53OXPSswzM%2beMs0LA%3d%3d&view=detailv2&idpp=genimg&idpbck=1&form=BICREC",
  "urlHash": "7c7cff3f43ecddecf5de05bd9854eb2b",
  "download": "https://api.apify.com/v2/key-value-stores/THcR0p8EzslX25oHs/records/7c7cff3f43ecddecf5de05bd9854eb2b.zip"
},
{
  "url": "https://www.bing.com/images/create/portrait-photo-of-a-female-dog-dressed-in-modern-i/1-657febd53cdb4541b6ad7390761b95a6?id=cFaiB3%2bqbpHCpaTn8PJExw%3d%3d&view=detailv2&idpp=genimg&idpbck=1&form=BICREC",
  "urlHash": "c57363f9517ae64d7efbbffed8e19285",
  "download": "https://api.apify.com/v2/key-value-stores/THcR0p8EzslX25oHs/records/c57363f9517ae64d7efbbffed8e19285.zip"
},
{
  "url": "https://www.bing.com/images/create/portrait-photo-of-a-female-dog-dressed-in-modern-i/1-657febd53cdb4541b6ad7390761b95a6?id=2oE26U9YIgybC%2fy9wHEDCw%3d%3d&view=detailv2&idpp=genimg&idpbck=1&form=BICREC",
  "urlHash": "3650c062cdd29de00ab1c8702f053456",
  "download": "https://api.apify.com/v2/key-value-stores/THcR0p8EzslX25oHs/records/3650c062cdd29de00ab1c8702f053456.zip"
},
{
  "url": "https://www.bing.com/images/create/portrait-photo-of-a-female-dog-dressed-in-modern-i/1-657febd53cdb4541b6ad7390761b95a6?id=WHeH9zHv0HFM52ZjSnvBQg%3d%3d&view=detailv2&idpp=genimg&idpbck=1&form=BICREC",
  "urlHash": "b19d622e5eb40cf7cad2c0a75d33067d",
  "download": "https://api.apify.com/v2/key-value-stores/THcR0p8EzslX25oHs/records/b19d622e5eb40cf7cad2c0a75d33067d.zip"
},
{
  "url": "https://www.bing.com/images/create/portrait-photo-of-a-female-dog-dressed-in-modern-i/1-657feb7e774948ce8ecefb559c7c70d1?id=GylGKb8aYhx3u6n8pvjaRQ%3d%3d&view=detailv2&idpp=genimg&idpbck=1&form=BICREC",
  "urlHash": "cc2213a7fa9484a76b726bc9a01284b5",
  "download": "https://api.apify.com/v2/key-value-stores/THcR0p8EzslX25oHs/records/cc2213a7fa9484a76b726bc9a01284b5.zip"
},
{
  "url": "https://www.bing.com/images/create/portrait-photo-of-a-female-dog-dressed-in-modern-i/1-657febd53cdb4541b6ad7390761b95a6?id=VrInJaWFBq%2bCtDskNpTBvw%3d%3d&view=detailv2&idpp=genimg&idpbck=1&form=BICREC",
  "urlHash": "fba546edd251dfd49359a76587cd78c5",
  "download": "https://api.apify.com/v2/key-value-stores/THcR0p8EzslX25oHs/records/fba546edd251dfd49359a76587cd78c5.zip"
},
{
  "url": "https://www.bing.com/images/create/portrait-photo-of-a-female-dog-dressed-in-modern-i/1-657feb7e774948ce8ecefb559c7c70d1?id=A%2fEaLavqQIKuT3lwamqHSQ%3d%3d&view=detailv2&idpp=genimg&idpbck=1&form=BICREC",
  "urlHash": "f63f1bbb498ba3dcc72f74e99929acaf",
  "download": "https://api.apify.com/v2/key-value-stores/THcR0p8EzslX25oHs/records/f63f1bbb498ba3dcc72f74e99929acaf.zip"
},
{
  "url": "https://www.bing.com/images/create/portrait-photo-of-a-female-dog-dressed-in-modern-i/1-657feb7e774948ce8ecefb559c7c70d1?id=bhKy9h%2bWIJRHckygLuXurQ%3d%3d&view=detailv2&idpp=genimg&idpbck=1&form=BICREC",
  "urlHash": "7b9d866110477c7ae4ebb6efe5c6fe9c",
  "download": "https://api.apify.com/v2/key-value-stores/THcR0p8EzslX25oHs/records/7b9d866110477c7ae4ebb6efe5c6fe9c.zip"
},
{
  "url": "https://www.bing.com/images/create/portrait-photo-of-a-female-dog-dressed-in-modern-i/1-657feb3bc7b44bf684d7a6663991af20?id=aCu1UPwo98YWBXtE4DT61g%3d%3d&view=detailv2&idpp=genimg&idpbck=1&form=BICREC",
  "urlHash": "8b25ea12cfc76f6700afc2b7615bbac8",
  "download": "https://api.apify.com/v2/key-value-stores/THcR0p8EzslX25oHs/records/8b25ea12cfc76f6700afc2b7615bbac8.zip"
},
{
  "url": "https://www.bing.com/images/create/portrait-photo-of-a-female-dog-dressed-in-modern-i/1-657feb3bc7b44bf684d7a6663991af20?id=vLyfFB9BfAiskjnBWBkWSA%3d%3d&view=detailv2&idpp=genimg&idpbck=1&form=BICREC",
  "urlHash": "eacabe8e9a4220a5a6ebfc5cf6e37b5e",
  "download": "https://api.apify.com/v2/key-value-stores/THcR0p8EzslX25oHs/records/eacabe8e9a4220a5a6ebfc5cf6e37b5e.zip"
},
{
  "url": "https://www.bing.com/images/create/portrait-photo-of-a-female-dog-dressed-in-modern-i/1-657feb7e774948ce8ecefb559c7c70d1?id=SDfLvV4K93AwNTkgw3vmBg%3d%3d&view=detailv2&idpp=genimg&idpbck=1&form=BICREC",
  "urlHash": "31301f36c09ea50ae86ad37ee3a3e4f5",
  "download": "https://api.apify.com/v2/key-value-stores/THcR0p8EzslX25oHs/records/31301f36c09ea50ae86ad37ee3a3e4f5.zip"
},
{
  "url": "https://www.bing.com/images/create/portrait-photo-of-a-female-dog-dressed-in-modern-i/1-657feb3bc7b44bf684d7a6663991af20?id=TId2k34UE7fvQDU5Jzi8gg%3d%3d&view=detailv2&idpp=genimg&idpbck=1&form=BICREC",
  "urlHash": "c87e344f9aad52d22fdbe69c471a9f61",
  "download": "https://api.apify.com/v2/key-value-stores/THcR0p8EzslX25oHs/records/c87e344f9aad52d22fdbe69c471a9f61.zip"
},
{
  "url": "https://www.bing.com/images/create/portrait-photo-of-a-female-dog-dressed-in-modern-i/1-657feb3bc7b44bf684d7a6663991af20?id=ghAKahwou5NgGh4Y9BdNOQ%3d%3d&view=detailv2&idpp=genimg&idpbck=1&form=BICREC",
  "urlHash": "bceb2ca10166052a0e8603dad081c647",
  "download": "https://api.apify.com/v2/key-value-stores/THcR0p8EzslX25oHs/records/bceb2ca10166052a0e8603dad081c647.zip"
},
{
  "url": "https://www.bing.com/images/create/portrait-photo-of-a-female-dog-dressed-in-modern-i/1-657feb05f0164b719f457464a198a298?id=0R9UQL1aLmCBj0HOFd6nfg%3d%3d&view=detailv2&idpp=genimg&idpbck=1&form=BICREC",
  "urlHash": "3acf3c0a494bd31ce6f12057e1b92114",
  "download": "https://api.apify.com/v2/key-value-stores/THcR0p8EzslX25oHs/records/3acf3c0a494bd31ce6f12057e1b92114.zip"
},
{
  "url": "https://www.bing.com/images/create/portrait-photo-of-a-female-dog-dressed-in-modern-i/1-657feb05f0164b719f457464a198a298?id=YEVejWWkbtN2BOtHq6yVtg%3d%3d&view=detailv2&idpp=genimg&idpbck=1&form=BICREC",
  "urlHash": "1f9da6e109ababb33d372b38c29dee5a",
  "download": "https://api.apify.com/v2/key-value-stores/THcR0p8EzslX25oHs/records/1f9da6e109ababb33d372b38c29dee5a.zip"
},
{
  "url": "https://www.bing.com/images/create/portrait-photo-of-a-female-dog-dressed-in-modern-i/1-657feb05f0164b719f457464a198a298?id=l8P00sbnd1ZNFfg13OnAZg%3d%3d&view=detailv2&idpp=genimg&idpbck=1&form=BICREC",
  "urlHash": "8812e167f50c69fcfb7da4a49b8f9372",
  "download": "https://api.apify.com/v2/key-value-stores/THcR0p8EzslX25oHs/records/8812e167f50c69fcfb7da4a49b8f9372.zip"
},
{
  "url": "https://www.bing.com/images/create/portrait-photo-of-a-female-dog-dressed-in-modern-i/1-657feb05f0164b719f457464a198a298?id=IuUSPKcWdXCyA6sGkkBxzQ%3d%3d&view=detailv2&idpp=genimg&idpbck=1&form=BICREC",
  "urlHash": "13aecb36ce0fc22db4dc25afebba94ee",
  "download": "https://api.apify.com/v2/key-value-stores/THcR0p8EzslX25oHs/records/13aecb36ce0fc22db4dc25afebba94ee.zip"
},
{
  "url": "https://www.bing.com/images/create/portrait-photo-of-a-female-dog-dressed-in-modern-i/1-657feae76e99434c8c2a0108427f26aa?id=afG%2fJih0xAM%2frF04YzXHyg%3d%3d&view=detailv2&idpp=genimg&idpbck=1&form=BICREC",
  "urlHash": "99468a0432b8322bb2adcb4b030817d3",
  "download": "https://api.apify.com/v2/key-value-stores/THcR0p8EzslX25oHs/records/99468a0432b8322bb2adcb4b030817d3.zip"
},
{
  "url": "https://www.bing.com/images/create/portrait-photo-of-a-female-dog-dressed-in-modern-i/1-657feae76e99434c8c2a0108427f26aa?id=j%2f5VqrvzylAlNHHon8Cgmg%3d%3d&view=detailv2&idpp=genimg&idpbck=1&form=BICREC",
  "urlHash": "3e045833fa659d76427f845b7e8d11fd",
  "download": "https://api.apify.com/v2/key-value-stores/THcR0p8EzslX25oHs/records/3e045833fa659d76427f845b7e8d11fd.zip"
},
{
  "url": "https://www.bing.com/images/create/portrait-photo-of-a-female-dog-dressed-in-modern-i/1-657feae76e99434c8c2a0108427f26aa?id=8pK1JBQLDX3wbyMpBruj%2bQ%3d%3d&view=detailv2&idpp=genimg&idpbck=1&form=BICREC",
  "urlHash": "b2a18f923ca385d48b281d3be9244e4a",
  "download": "https://api.apify.com/v2/key-value-stores/THcR0p8EzslX25oHs/records/b2a18f923ca385d48b281d3be9244e4a.zip"
},
{
  "url": "https://www.bing.com/images/create/portrait-photo-of-a-female-dog-dressed-in-modern-i/1-657feae76e99434c8c2a0108427f26aa?id=rAjdt9tPX9uoQckG0exMrA%3d%3d&view=detailv2&idpp=genimg&idpbck=1&form=BICREC",
  "urlHash": "0bd366156f18f142a579534dc769adfd",
  "download": "https://api.apify.com/v2/key-value-stores/THcR0p8EzslX25oHs/records/0bd366156f18f142a579534dc769adfd.zip"
},
{
  "url": "https://www.bing.com/images/create/portrait-photo-of-a-female-dog-dressed-in-modern-i/1-657fea9c886745698dee862d7bcd3bee?id=l%2f9HsDgEHyCMlgt1VS1oaA%3d%3d&view=detailv2&idpp=genimg&idpbck=1&form=BICREC",
  "urlHash": "3deea6fc9e2fdf4181a38b829bf08a9d",
  "download": "https://api.apify.com/v2/key-value-stores/THcR0p8EzslX25oHs/records/3deea6fc9e2fdf4181a38b829bf08a9d.zip"
},
{
  "url": "https://www.bing.com/images/create/portrait-photo-of-a-female-dog-dressed-in-modern-i/1-657fea9c886745698dee862d7bcd3bee?id=UCOLxyHFhMFYe4Uz4Q0TUw%3d%3d&view=detailv2&idpp=genimg&idpbck=1&form=BICREC",
  "urlHash": "2bc6959b6cba7f02e50ca90747b3afcc",
  "download": "https://api.apify.com/v2/key-value-stores/THcR0p8EzslX25oHs/records/2bc6959b6cba7f02e50ca90747b3afcc.zip"
},
{
  "url": "https://www.bing.com/images/create/portrait-photo-of-a-female-dog-dressed-in-modern-i/1-657fea9c886745698dee862d7bcd3bee?id=c4ZcxMuKYGqynTbSAXQ3%2fg%3d%3d&view=detailv2&idpp=genimg&idpbck=1&form=BICREC",
  "urlHash": "9d51af692b01583a1b8151b2273043cb",
  "download": "https://api.apify.com/v2/key-value-stores/THcR0p8EzslX25oHs/records/9d51af692b01583a1b8151b2273043cb.zip"
},
{
  "url": "https://www.bing.com/images/create/portrait-photo-of-a-female-dog-dressed-in-modern-i/1-657fea9c886745698dee862d7bcd3bee?id=K1I1TOT%2bdqFhcHYp0204Sw%3d%3d&view=detailv2&idpp=genimg&idpbck=1&form=BICREC",
  "urlHash": "fdca1d50c36651772375dc4641ae1a85",
  "download": "https://api.apify.com/v2/key-value-stores/THcR0p8EzslX25oHs/records/fdca1d50c36651772375dc4641ae1a85.zip"
},
{
  "url": "https://www.bing.com/images/create/portrait-photo-of-a-female-dog-dressed-in-modern-i/1-657fea9c886745698dee862d7bcd3bee?id=UCOLxyHFhMFYe4Uz4Q0TUw%3d%3d&view=detailv2&idpp=genimg&idpbck=1&form=BICREC",
  "urlHash": "2bc6959b6cba7f02e50ca90747b3afcc",
  "download": "https://api.apify.com/v2/key-value-stores/THcR0p8EzslX25oHs/records/2bc6959b6cba7f02e50ca90747b3afcc.zip"
}]