[{
  "url": "https://www.bing.com/images/create/portrait-photo-of-a-female-dog-dressed-in-modern-i/1-65813e1184ed4cb9b6d962ff46a46019?id=pZ1U4CfkW%2fB2FUG0DjOADQ%3d%3d&view=detailv2&idpp=genimg&idpbck=1&form=BICREC",
  "urlHash": "3b4b76b2dcdcdb000419d79157a1f58c",
  "download": "https://api.apify.com/v2/key-value-stores/WpQBTHHQBg7ocpS2a/records/3b4b76b2dcdcdb000419d79157a1f58c.zip"
},
{
  "url": "https://www.bing.com/images/create/portrait-photo-of-a-female-dog-dressed-in-modern-i/1-65813e1184ed4cb9b6d962ff46a46019?id=PYIomXJ4XrvniNSKics1zA%3d%3d&view=detailv2&idpp=genimg&idpbck=1&form=BICREC",
  "urlHash": "f6671a4bee8803c3dd081cf3fdf5fc81",
  "download": "https://api.apify.com/v2/key-value-stores/WpQBTHHQBg7ocpS2a/records/f6671a4bee8803c3dd081cf3fdf5fc81.zip"
},
{
  "url": "https://www.bing.com/images/create/portrait-photo-of-a-female-dog-dressed-in-modern-i/1-65813e1184ed4cb9b6d962ff46a46019?id=dvoFzWNUNXIuQV5nA6nZ0A%3d%3d&view=detailv2&idpp=genimg&idpbck=1&form=BICREC",
  "urlHash": "0f6a253ee5008d8efc51ed83760afe8c",
  "download": "https://api.apify.com/v2/key-value-stores/WpQBTHHQBg7ocpS2a/records/0f6a253ee5008d8efc51ed83760afe8c.zip"
},
{
  "url": "https://www.bing.com/images/create/portrait-photo-of-a-female-dog-dressed-in-modern-i/1-65813df85a334e069f3a90181f88d0df?id=4ONk1Z7AFS%2bRPlwWCTLY3g%3d%3d&view=detailv2&idpp=genimg&idpbck=1&form=BICREC",
  "urlHash": "cd4eb97a22aab0ed4d1671729a75d1ce",
  "download": "https://api.apify.com/v2/key-value-stores/WpQBTHHQBg7ocpS2a/records/cd4eb97a22aab0ed4d1671729a75d1ce.zip"
},
{
  "url": "https://www.bing.com/images/create/portrait-photo-of-a-female-dog-dressed-in-modern-i/1-65813e1184ed4cb9b6d962ff46a46019?id=gxulxIobvUC%2bWWx3LuiDVQ%3d%3d&view=detailv2&idpp=genimg&idpbck=1&form=BICREC",
  "urlHash": "8c69a503b3d7733f81df0d7bceb38786",
  "download": "https://api.apify.com/v2/key-value-stores/WpQBTHHQBg7ocpS2a/records/8c69a503b3d7733f81df0d7bceb38786.zip"
},
{
  "url": "https://www.bing.com/images/create/portrait-photo-of-a-female-dog-dressed-in-modern-i/1-65813df85a334e069f3a90181f88d0df?id=06FQ1A4TDfdsHnTNhhrEUg%3d%3d&view=detailv2&idpp=genimg&idpbck=1&form=BICREC",
  "urlHash": "30d24308fb8d95b4a6b0857258a0d09f",
  "download": "https://api.apify.com/v2/key-value-stores/WpQBTHHQBg7ocpS2a/records/30d24308fb8d95b4a6b0857258a0d09f.zip"
},
{
  "url": "https://www.bing.com/images/create/portrait-photo-of-a-female-dog-dressed-in-modern-i/1-65813df85a334e069f3a90181f88d0df?id=JqfhOpf31cF%2bwguX7P3xFQ%3d%3d&view=detailv2&idpp=genimg&idpbck=1&form=BICREC",
  "urlHash": "02f59516236e965b3157b27c00ce4853",
  "download": "https://api.apify.com/v2/key-value-stores/WpQBTHHQBg7ocpS2a/records/02f59516236e965b3157b27c00ce4853.zip"
},
{
  "url": "https://www.bing.com/images/create/portrait-photo-of-a-female-dog-dressed-in-modern-i/1-65813dc0bd0e4ed9a5187b9a78d5a489?id=MonUrctf4l7KFIwyDAETHw%3d%3d&view=detailv2&idpp=genimg&idpbck=1&form=BICREC",
  "urlHash": "ca2f8e21df32e89ef6bd087c56727af6",
  "download": "https://api.apify.com/v2/key-value-stores/WpQBTHHQBg7ocpS2a/records/ca2f8e21df32e89ef6bd087c56727af6.zip"
},
{
  "url": "https://www.bing.com/images/create/portrait-photo-of-a-female-dog-dressed-in-modern-i/1-65813dc0bd0e4ed9a5187b9a78d5a489?id=iRdXPzeg9S%2bwSr%2fkbk98CA%3d%3d&view=detailv2&idpp=genimg&idpbck=1&form=BICREC",
  "urlHash": "9e9f70a963546d239a13c615c7e13e28",
  "download": "https://api.apify.com/v2/key-value-stores/WpQBTHHQBg7ocpS2a/records/9e9f70a963546d239a13c615c7e13e28.zip"
},
{
  "url": "https://www.bing.com/images/create/portrait-photo-of-a-female-dog-dressed-in-modern-i/1-65813dc0bd0e4ed9a5187b9a78d5a489?id=vb013KQCqKfFitadf0vQiA%3d%3d&view=detailv2&idpp=genimg&idpbck=1&form=BICREC",
  "urlHash": "26c1e96b3731a43d57599277f47d0a44",
  "download": "https://api.apify.com/v2/key-value-stores/WpQBTHHQBg7ocpS2a/records/26c1e96b3731a43d57599277f47d0a44.zip"
},
{
  "url": "https://www.bing.com/images/create/portrait-photo-of-a-female-dog-dressed-in-modern-i/1-65813df85a334e069f3a90181f88d0df?id=y2wZMLIQFyEiO%2fCv70hNkw%3d%3d&view=detailv2&idpp=genimg&idpbck=1&form=BICREC",
  "urlHash": "b94323784a2699a27bda89747437d40a",
  "download": "https://api.apify.com/v2/key-value-stores/WpQBTHHQBg7ocpS2a/records/b94323784a2699a27bda89747437d40a.zip"
},
{
  "url": "https://www.bing.com/images/create/portrait-photo-of-a-female-dog-dressed-in-modern-i/1-65813eb62bf64846bbd5506315ec1874?id=NLknFvnmfK9Wmhwak9oPGw%3d%3d&view=detailv2&idpp=genimg&idpbck=1&form=BICREC",
  "urlHash": "04a656a9a622ce0cf8f4b74c7e64b2f4",
  "download": "https://api.apify.com/v2/key-value-stores/WpQBTHHQBg7ocpS2a/records/04a656a9a622ce0cf8f4b74c7e64b2f4.zip"
},
{
  "url": "https://www.bing.com/images/create/portrait-photo-of-a-female-dog-dressed-in-modern-i/1-65813eb62bf64846bbd5506315ec1874?id=wsttpBBGvHXHJ8N1xPIQVA%3d%3d&view=detailv2&idpp=genimg&idpbck=1&form=BICREC",
  "urlHash": "c46d4a38a3844f5239930d21524548f9",
  "download": "https://api.apify.com/v2/key-value-stores/WpQBTHHQBg7ocpS2a/records/c46d4a38a3844f5239930d21524548f9.zip"
},
{
  "url": "https://www.bing.com/images/create/portrait-photo-of-a-female-dog-dressed-in-modern-i/1-65813eb62bf64846bbd5506315ec1874?id=ZTySLvtg%2fCidf3Dripla8w%3d%3d&view=detailv2&idpp=genimg&idpbck=1&form=BICREC",
  "urlHash": "ea3d9a390ae94796a267485d45482abc",
  "download": "https://api.apify.com/v2/key-value-stores/WpQBTHHQBg7ocpS2a/records/ea3d9a390ae94796a267485d45482abc.zip"
},
{
  "url": "https://www.bing.com/images/create/portrait-photo-of-a-female-dog-dressed-in-modern-i/1-65813eb62bf64846bbd5506315ec1874?id=7prjNbCzIE7gr2FpfwwtMw%3d%3d&view=detailv2&idpp=genimg&idpbck=1&form=BICREC",
  "urlHash": "91ee6cbb3006eb29ef5cd2d81a98bb32",
  "download": "https://api.apify.com/v2/key-value-stores/WpQBTHHQBg7ocpS2a/records/91ee6cbb3006eb29ef5cd2d81a98bb32.zip"
},
{
  "url": "https://www.bing.com/images/create/portrait-photo-of-a-female-dog-dressed-in-modern-i/1-65813e91bf3f4fcf926b79fc0be353f2?id=QeEbuo1%2bpuNvf3Xfm5STcw%3d%3d&view=detailv2&idpp=genimg&idpbck=1&form=BICREC",
  "urlHash": "0ca770e4ad945417e1239fb05643cf3f",
  "download": "https://api.apify.com/v2/key-value-stores/WpQBTHHQBg7ocpS2a/records/0ca770e4ad945417e1239fb05643cf3f.zip"
},
{
  "url": "https://www.bing.com/images/create/portrait-photo-of-a-female-dog-dressed-in-modern-i/1-65813e91bf3f4fcf926b79fc0be353f2?id=qaPEOCvNQfd1JB7HdQj%2bEg%3d%3d&view=detailv2&idpp=genimg&idpbck=1&form=BICREC",
  "urlHash": "cfc604a8f23ead342bc873cdf70d7787",
  "download": "https://api.apify.com/v2/key-value-stores/WpQBTHHQBg7ocpS2a/records/cfc604a8f23ead342bc873cdf70d7787.zip"
},
{
  "url": "https://www.bing.com/images/create/portrait-photo-of-a-female-dog-dressed-in-modern-i/1-65813dc0bd0e4ed9a5187b9a78d5a489?id=ahA7xFrXqR3LLXHyrn4leA%3d%3d&view=detailv2&idpp=genimg&idpbck=1&form=BICREC",
  "urlHash": "afaa2c50039f63e78f28cdad3586bb20",
  "download": "https://api.apify.com/v2/key-value-stores/WpQBTHHQBg7ocpS2a/records/afaa2c50039f63e78f28cdad3586bb20.zip"
},
{
  "url": "https://www.bing.com/images/create/portrait-photo-of-a-female-dog-dressed-in-modern-i/1-65813e91bf3f4fcf926b79fc0be353f2?id=JpZrBd7Kx2zY9D9x4iXkEQ%3d%3d&view=detailv2&idpp=genimg&idpbck=1&form=BICREC",
  "urlHash": "f9b4dfbbb59d2c7b7d57d0c59afcb87a",
  "download": "https://api.apify.com/v2/key-value-stores/WpQBTHHQBg7ocpS2a/records/f9b4dfbbb59d2c7b7d57d0c59afcb87a.zip"
},
{
  "url": "https://www.bing.com/images/create/portrait-photo-of-a-female-dog-dressed-in-modern-i/1-65813e91bf3f4fcf926b79fc0be353f2?id=rWnOOWrVXQXwPBNR2ji1Mg%3d%3d&view=detailv2&idpp=genimg&idpbck=1&form=BICREC",
  "urlHash": "70919a22a83c3c23b0c4a04f5db92109",
  "download": "https://api.apify.com/v2/key-value-stores/WpQBTHHQBg7ocpS2a/records/70919a22a83c3c23b0c4a04f5db92109.zip"
},
{
  "url": "https://www.bing.com/images/create/portrait-photo-of-a-female-dog-dressed-in-modern-i/1-65813e612c6f4e52bb955bbc9a6dab3e?id=5qGC%2bpsxOcaKbbV0Y1WAVA%3d%3d&view=detailv2&idpp=genimg&idpbck=1&form=BICREC",
  "urlHash": "bc503a8efc2bf3263f01b6fff641f45a",
  "download": "https://api.apify.com/v2/key-value-stores/WpQBTHHQBg7ocpS2a/records/bc503a8efc2bf3263f01b6fff641f45a.zip"
},
{
  "url": "https://www.bing.com/images/create/portrait-photo-of-a-female-dog-dressed-in-modern-i/1-65813e612c6f4e52bb955bbc9a6dab3e?id=VjO21n31zvdw9lIS65%2bPeQ%3d%3d&view=detailv2&idpp=genimg&idpbck=1&form=BICREC",
  "urlHash": "8ec4d53e177e52f305b7c082c2ebc47a",
  "download": "https://api.apify.com/v2/key-value-stores/WpQBTHHQBg7ocpS2a/records/8ec4d53e177e52f305b7c082c2ebc47a.zip"
},
{
  "url": "https://www.bing.com/images/create/portrait-photo-of-a-female-dog-dressed-in-modern-i/1-65813e45e35a4cd5a415066f6f3ad8a8?id=zmD44%2b8JjIPkx099qcU4yw%3d%3d&view=detailv2&idpp=genimg&idpbck=1&form=BICREC",
  "urlHash": "e504c8cf983eb7f7e2570adc4b925345",
  "download": "https://api.apify.com/v2/key-value-stores/WpQBTHHQBg7ocpS2a/records/e504c8cf983eb7f7e2570adc4b925345.zip"
},
{
  "url": "https://www.bing.com/images/create/portrait-photo-of-a-female-dog-dressed-in-modern-i/1-65813e612c6f4e52bb955bbc9a6dab3e?id=2IbB8pwf9AvvP6ZC7ak3NQ%3d%3d&view=detailv2&idpp=genimg&idpbck=1&form=BICREC",
  "urlHash": "ac7cf4abe046723a4442af0d17f27cf6",
  "download": "https://api.apify.com/v2/key-value-stores/WpQBTHHQBg7ocpS2a/records/ac7cf4abe046723a4442af0d17f27cf6.zip"
},
{
  "url": "https://www.bing.com/images/create/portrait-photo-of-a-female-dog-dressed-in-modern-i/1-65813e45e35a4cd5a415066f6f3ad8a8?id=L7bWD4T0GQqJv8SDezIyCg%3d%3d&view=detailv2&idpp=genimg&idpbck=1&form=BICREC",
  "urlHash": "1d68ecc81831db6b4181446bffcf4248",
  "download": "https://api.apify.com/v2/key-value-stores/WpQBTHHQBg7ocpS2a/records/1d68ecc81831db6b4181446bffcf4248.zip"
},
{
  "url": "https://www.bing.com/images/create/portrait-photo-of-a-female-dog-dressed-in-modern-i/1-65813e612c6f4e52bb955bbc9a6dab3e?id=8Nb4PRiIAMc72xfKZD62xw%3d%3d&view=detailv2&idpp=genimg&idpbck=1&form=BICREC",
  "urlHash": "35031f0dfb497532340d99c39cfcf1ad",
  "download": "https://api.apify.com/v2/key-value-stores/WpQBTHHQBg7ocpS2a/records/35031f0dfb497532340d99c39cfcf1ad.zip"
},
{
  "url": "https://www.bing.com/images/create/portrait-photo-of-a-female-dog-dressed-in-modern-i/1-65813e45e35a4cd5a415066f6f3ad8a8?id=qjmjNl9W7MXZpVBWTOeSIQ%3d%3d&view=detailv2&idpp=genimg&idpbck=1&form=BICREC",
  "urlHash": "4f5cee4cd9d9c47d4236ac83b1f139b7",
  "download": "https://api.apify.com/v2/key-value-stores/WpQBTHHQBg7ocpS2a/records/4f5cee4cd9d9c47d4236ac83b1f139b7.zip"
},
{
  "url": "https://www.bing.com/images/create/portrait-photo-of-a-female-dog-dressed-in-modern-i/1-65813e45e35a4cd5a415066f6f3ad8a8?id=byMGqYvgko%2bchs5ea2h%2bHg%3d%3d&view=detailv2&idpp=genimg&idpbck=1&form=BICREC",
  "urlHash": "7a71a820764163289b1607a8549e8832",
  "download": "https://api.apify.com/v2/key-value-stores/WpQBTHHQBg7ocpS2a/records/7a71a820764163289b1607a8549e8832.zip"
},
{
  "url": "https://www.bing.com/images/create/portrait-photo-of-a-female-dog-dressed-in-modern-i/1-657d356e22944292bb9b0fb5c76dfd28?id=KhC0pKzsOOh2V4J6Th8Pdg%3d%3d&view=detailv2&idpp=genimg&idpbck=1&form=BICREC",
  "urlHash": "6d5c558552903d2804e24523d43e95a5",
  "download": "https://api.apify.com/v2/key-value-stores/WpQBTHHQBg7ocpS2a/records/6d5c558552903d2804e24523d43e95a5.zip"
},
{
  "url": "https://www.bing.com/images/create/portrait-photo-of-a-female-dog-dressed-in-modern-i/1-657d356e22944292bb9b0fb5c76dfd28?id=4JUJGJPwoLHDCF2%2bQPkXCQ%3d%3d&view=detailv2&idpp=genimg&idpbck=1&form=BICREC",
  "urlHash": "48b8fc209aa4e6c2982de79ae4e9509a",
  "download": "https://api.apify.com/v2/key-value-stores/WpQBTHHQBg7ocpS2a/records/48b8fc209aa4e6c2982de79ae4e9509a.zip"
},
{
  "url": "https://www.bing.com/images/create/portrait-photo-of-a-female-dog-dressed-in-modern-i/1-657d356e22944292bb9b0fb5c76dfd28?id=UH0EfiOKKQjY%2fhDexdlMig%3d%3d&view=detailv2&idpp=genimg&idpbck=1&form=BICREC",
  "urlHash": "1fadecb9d9fc14d2a382a8e273641899",
  "download": "https://api.apify.com/v2/key-value-stores/WpQBTHHQBg7ocpS2a/records/1fadecb9d9fc14d2a382a8e273641899.zip"
},
{
  "url": "https://www.bing.com/images/create/portrait-photo-of-a-female-dog-dressed-in-modern-i/1-657d356e22944292bb9b0fb5c76dfd28?id=CnDFnbKABzK3FPG69%2bZ8tw%3d%3d&view=detailv2&idpp=genimg&idpbck=1&form=BICREC",
  "urlHash": "456a325238b96dd6c676a24f6ada30d1",
  "download": "https://api.apify.com/v2/key-value-stores/WpQBTHHQBg7ocpS2a/records/456a325238b96dd6c676a24f6ada30d1.zip"
},
{
  "url": "https://www.bing.com/images/create/portrait-photo-of-a-female-dog-dressed-in-modern-i/1-657d355432c04bf494974bade7b7f764?id=vfUNfFKcX40y0IUZpavyAw%3d%3d&view=detailv2&idpp=genimg&idpbck=1&form=BICREC",
  "urlHash": "3512cbf530d243abb19d9defea876eb1",
  "download": "https://api.apify.com/v2/key-value-stores/WpQBTHHQBg7ocpS2a/records/3512cbf530d243abb19d9defea876eb1.zip"
},
{
  "url": "https://www.bing.com/images/create/portrait-photo-of-a-female-dog-dressed-in-modern-i/1-657d355432c04bf494974bade7b7f764?id=ovYVCc6AZoTTPavtQLg9lw%3d%3d&view=detailv2&idpp=genimg&idpbck=1&form=BICREC",
  "urlHash": "6d75e6f191bbc3f904e27ba739ec67e5",
  "download": "https://api.apify.com/v2/key-value-stores/WpQBTHHQBg7ocpS2a/records/6d75e6f191bbc3f904e27ba739ec67e5.zip"
},
{
  "url": "https://www.bing.com/images/create/portrait-photo-of-a-female-dog-dressed-in-modern-i/1-657d355432c04bf494974bade7b7f764?id=KctaPNCI1Xf0Bk87oM9P8Q%3d%3d&view=detailv2&idpp=genimg&idpbck=1&form=BICREC",
  "urlHash": "fc2b6ef3b1f0930dfe920c3962fceb87",
  "download": "https://api.apify.com/v2/key-value-stores/WpQBTHHQBg7ocpS2a/records/fc2b6ef3b1f0930dfe920c3962fceb87.zip"
},
{
  "url": "https://www.bing.com/images/create/portrait-photo-of-a-female-dog-dressed-in-modern-i/1-657d355432c04bf494974bade7b7f764?id=zWHBGWBcyjrQFkP21oU2pQ%3d%3d&view=detailv2&idpp=genimg&idpbck=1&form=BICREC",
  "urlHash": "acfb7cfe23e86c7de18deb0ce610adaf",
  "download": "https://api.apify.com/v2/key-value-stores/WpQBTHHQBg7ocpS2a/records/acfb7cfe23e86c7de18deb0ce610adaf.zip"
},
{
  "url": "https://www.bing.com/images/create/portrait-photo-of-a-female-dog-dressed-in-modern-i/1-657d353859c24e6c8042094a55399af1?id=IxNezmAINSHajQ67i97cKw%3d%3d&view=detailv2&idpp=genimg&idpbck=1&form=BICREC",
  "urlHash": "7e2240963040fa3a44215c9293c9280c",
  "download": "https://api.apify.com/v2/key-value-stores/WpQBTHHQBg7ocpS2a/records/7e2240963040fa3a44215c9293c9280c.zip"
},
{
  "url": "https://www.bing.com/images/create/portrait-photo-of-a-female-dog-dressed-in-modern-i/1-657d353859c24e6c8042094a55399af1?id=dc61dl8fcJfatZ%2bLln4uBw%3d%3d&view=detailv2&idpp=genimg&idpbck=1&form=BICREC",
  "urlHash": "b38df5e7102e0ba7a6dff36f7ea21a86",
  "download": "https://api.apify.com/v2/key-value-stores/WpQBTHHQBg7ocpS2a/records/b38df5e7102e0ba7a6dff36f7ea21a86.zip"
},
{
  "url": "https://www.bing.com/images/create/portrait-photo-of-a-female-dog-dressed-in-modern-i/1-657d353859c24e6c8042094a55399af1?id=fPRJCJQEFGDXHXYlP8NTjA%3d%3d&view=detailv2&idpp=genimg&idpbck=1&form=BICREC",
  "urlHash": "a805e8582df36edc0b9f78ec2effe589",
  "download": "https://api.apify.com/v2/key-value-stores/WpQBTHHQBg7ocpS2a/records/a805e8582df36edc0b9f78ec2effe589.zip"
},
{
  "url": "https://www.bing.com/images/create/portrait-photo-of-a-female-dog-dressed-in-modern-i/1-657d353859c24e6c8042094a55399af1?id=wpaTW0fjrfoEzsapWBn9EA%3d%3d&view=detailv2&idpp=genimg&idpbck=1&form=BICREC",
  "urlHash": "834b77498f309026d1629439ca490a97",
  "download": "https://api.apify.com/v2/key-value-stores/WpQBTHHQBg7ocpS2a/records/834b77498f309026d1629439ca490a97.zip"
},
{
  "url": "https://www.bing.com/images/create/portrait-photo-of-a-female-dog-dressed-in-modern-i/1-657d351d5aa84cc9ae3ab27d14d53715?id=37Dd229DNIlAiphVWRUyPw%3d%3d&view=detailv2&idpp=genimg&idpbck=1&form=BICREC",
  "urlHash": "e33b80d7a8f48a9e3faf244ead9e989b",
  "download": "https://api.apify.com/v2/key-value-stores/WpQBTHHQBg7ocpS2a/records/e33b80d7a8f48a9e3faf244ead9e989b.zip"
},
{
  "url": "https://www.bing.com/images/create/portrait-photo-of-a-female-dog-dressed-in-modern-i/1-657d351d5aa84cc9ae3ab27d14d53715?id=XtFkVxjfY2sEkUx%2bXTbksg%3d%3d&view=detailv2&idpp=genimg&idpbck=1&form=BICREC",
  "urlHash": "fc5d9970013f20cc2e5588a48bbbceeb",
  "download": "https://api.apify.com/v2/key-value-stores/WpQBTHHQBg7ocpS2a/records/fc5d9970013f20cc2e5588a48bbbceeb.zip"
},
{
  "url": "https://www.bing.com/images/create/portrait-photo-of-a-female-dog-dressed-in-modern-i/1-657d351d5aa84cc9ae3ab27d14d53715?id=oJMntSV%2bqUieGrwsGSFNgg%3d%3d&view=detailv2&idpp=genimg&idpbck=1&form=BICREC",
  "urlHash": "39887f32af6f30896f18249fc25fc3c4",
  "download": "https://api.apify.com/v2/key-value-stores/WpQBTHHQBg7ocpS2a/records/39887f32af6f30896f18249fc25fc3c4.zip"
},
{
  "url": "https://www.bing.com/images/create/portrait-photo-of-a-female-dog-dressed-in-modern-i/1-657d351d5aa84cc9ae3ab27d14d53715?id=GbvMrG2RLDZ1qjoqdqKAWg%3d%3d&view=detailv2&idpp=genimg&idpbck=1&form=BICREC",
  "urlHash": "010c66dd7e27fc46636256dfa6a628b4",
  "download": "https://api.apify.com/v2/key-value-stores/WpQBTHHQBg7ocpS2a/records/010c66dd7e27fc46636256dfa6a628b4.zip"
},
{
  "url": "https://www.bing.com/images/create/portrait-photo-of-a-female-dog-dressed-in-modern-i/1-657d34fa8366429e8a00060c7cd6638f?id=orRxWWtdev7C2F1HGtYFFw%3d%3d&view=detailv2&idpp=genimg&idpbck=1&form=BICREC",
  "urlHash": "fd247b22fd3238738062ee5a7ff92d86",
  "download": "https://api.apify.com/v2/key-value-stores/WpQBTHHQBg7ocpS2a/records/fd247b22fd3238738062ee5a7ff92d86.zip"
},
{
  "url": "https://www.bing.com/images/create/portrait-photo-of-a-female-dog-dressed-in-modern-i/1-657d34fa8366429e8a00060c7cd6638f?id=fI0F83vtnAXvbI3eJygw8Q%3d%3d&view=detailv2&idpp=genimg&idpbck=1&form=BICREC",
  "urlHash": "72ede39d7017139e393aa4ac24284349",
  "download": "https://api.apify.com/v2/key-value-stores/WpQBTHHQBg7ocpS2a/records/72ede39d7017139e393aa4ac24284349.zip"
},
{
  "url": "https://www.bing.com/images/create/portrait-photo-of-a-female-dog-dressed-in-modern-i/1-657d34fa8366429e8a00060c7cd6638f?id=s5Wb7A6ogZ3ZxV95yTUOOA%3d%3d&view=detailv2&idpp=genimg&idpbck=1&form=BICREC",
  "urlHash": "f5d4f884ed300026a05315ad867bc665",
  "download": "https://api.apify.com/v2/key-value-stores/WpQBTHHQBg7ocpS2a/records/f5d4f884ed300026a05315ad867bc665.zip"
},
{
  "url": "https://www.bing.com/images/create/portrait-photo-of-a-female-dog-dressed-in-modern-i/1-657d335438444170bf575d0c9d7d9344?id=3P%2bHM0FxX93WyprqvXD3eQ%3d%3d&view=detailv2&idpp=genimg&idpbck=1&form=BICREC",
  "urlHash": "b6240843ab3802692a3a0e9b419c83ad",
  "download": "https://api.apify.com/v2/key-value-stores/WpQBTHHQBg7ocpS2a/records/b6240843ab3802692a3a0e9b419c83ad.zip"
},
{
  "url": "https://www.bing.com/images/create/portrait-photo-of-a-female-dog-dressed-in-modern-i/1-657d34fa8366429e8a00060c7cd6638f?id=lLp07nPmGi5V0kXBOYs8AQ%3d%3d&view=detailv2&idpp=genimg&idpbck=1&form=BICREC",
  "urlHash": "001aa38fabd837aca993ff37dd323d41",
  "download": "https://api.apify.com/v2/key-value-stores/WpQBTHHQBg7ocpS2a/records/001aa38fabd837aca993ff37dd323d41.zip"
},
{
  "url": "https://www.bing.com/images/create/portrait-photo-of-a-female-dog-dressed-in-modern-i/1-657d335438444170bf575d0c9d7d9344?id=vwM68LMpSMuNC9NmY816CQ%3d%3d&view=detailv2&idpp=genimg&idpbck=1&form=BICREC",
  "urlHash": "c979e20fd88fa2aae6ec50003b1bc7c9",
  "download": "https://api.apify.com/v2/key-value-stores/WpQBTHHQBg7ocpS2a/records/c979e20fd88fa2aae6ec50003b1bc7c9.zip"
},
{
  "url": "https://www.bing.com/images/create/portrait-photo-of-a-female-dog-dressed-in-modern-i/1-657d335438444170bf575d0c9d7d9344?id=ZE9CBz70KiojMSnyg54TIA%3d%3d&view=detailv2&idpp=genimg&idpbck=1&form=BICREC",
  "urlHash": "9cb129d22dc43f234955f8da08b01f11",
  "download": "https://api.apify.com/v2/key-value-stores/WpQBTHHQBg7ocpS2a/records/9cb129d22dc43f234955f8da08b01f11.zip"
},
{
  "url": "https://www.bing.com/images/create/portrait-photo-of-a-female-dog-dressed-in-modern-i/1-657d335438444170bf575d0c9d7d9344?id=8SE61w5Ag2GiakuHCtMEww%3d%3d&view=detailv2&idpp=genimg&idpbck=1&form=BICREC",
  "urlHash": "5f12d0104bcf47b53f14ac1ce464cb6d",
  "download": "https://api.apify.com/v2/key-value-stores/WpQBTHHQBg7ocpS2a/records/5f12d0104bcf47b53f14ac1ce464cb6d.zip"
},
{
  "url": "https://www.bing.com/images/create/portrait-photo-of-a-female-dog-dressed-in-modern-i/1-657d333722d04dc9ae3e6922c947a76f?id=0oiUyVR66YgXi2AiQkDghw%3d%3d&view=detailv2&idpp=genimg&idpbck=1&form=BICREC",
  "urlHash": "d9873bb894e7bf4c31b0ded578339cbe",
  "download": "https://api.apify.com/v2/key-value-stores/WpQBTHHQBg7ocpS2a/records/d9873bb894e7bf4c31b0ded578339cbe.zip"
},
{
  "url": "https://www.bing.com/images/create/portrait-photo-of-a-female-dog-dressed-in-modern-i/1-657d333722d04dc9ae3e6922c947a76f?id=MJrck0ygGXsi0jpPVkL59w%3d%3d&view=detailv2&idpp=genimg&idpbck=1&form=BICREC",
  "urlHash": "2342cd0f57d92277bb537bfd0bd5fc4f",
  "download": "https://api.apify.com/v2/key-value-stores/WpQBTHHQBg7ocpS2a/records/2342cd0f57d92277bb537bfd0bd5fc4f.zip"
},
{
  "url": "https://www.bing.com/images/create/portrait-photo-of-a-female-dog-dressed-in-modern-i/1-657d330f4a3d4b759db02ec8d96662c1?id=XUQ9VfmG%2fqyEaAmOSQausA%3d%3d&view=detailv2&idpp=genimg&idpbck=1&form=BICREC",
  "urlHash": "a4819b7af25b1738d24b65c32d7529de",
  "download": "https://api.apify.com/v2/key-value-stores/WpQBTHHQBg7ocpS2a/records/a4819b7af25b1738d24b65c32d7529de.zip"
},
{
  "url": "https://www.bing.com/images/create/portrait-photo-of-a-female-dog-dressed-in-modern-i/1-657d333722d04dc9ae3e6922c947a76f?id=T2r7Cu8QesphyrMBsvtGlg%3d%3d&view=detailv2&idpp=genimg&idpbck=1&form=BICREC",
  "urlHash": "3872706544a86137b87198b0e364b126",
  "download": "https://api.apify.com/v2/key-value-stores/WpQBTHHQBg7ocpS2a/records/3872706544a86137b87198b0e364b126.zip"
},
{
  "url": "https://www.bing.com/images/create/portrait-photo-of-a-female-dog-dressed-in-modern-i/1-657d330f4a3d4b759db02ec8d96662c1?id=LAmF2POOeXGSQiUYdCHrWg%3d%3d&view=detailv2&idpp=genimg&idpbck=1&form=BICREC",
  "urlHash": "1cd02481fc55d07b3be380da9cb70327",
  "download": "https://api.apify.com/v2/key-value-stores/WpQBTHHQBg7ocpS2a/records/1cd02481fc55d07b3be380da9cb70327.zip"
},
{
  "url": "https://www.bing.com/images/create/portrait-photo-of-a-female-dog-dressed-in-modern-i/1-657d330f4a3d4b759db02ec8d96662c1?id=X44XtnXAVyaa8PaTwVOEdw%3d%3d&view=detailv2&idpp=genimg&idpbck=1&form=BICREC",
  "urlHash": "1ed51ce05014d75d996136d0455b2356",
  "download": "https://api.apify.com/v2/key-value-stores/WpQBTHHQBg7ocpS2a/records/1ed51ce05014d75d996136d0455b2356.zip"
},
{
  "url": "https://www.bing.com/images/create/portrait-photo-of-a-female-dog-dressed-in-modern-i/1-657d330f4a3d4b759db02ec8d96662c1?id=WioInSol0lBCj0jVqzJKuw%3d%3d&view=detailv2&idpp=genimg&idpbck=1&form=BICREC",
  "urlHash": "e1ec1ee5e217336f321e6d14bedd91bd",
  "download": "https://api.apify.com/v2/key-value-stores/WpQBTHHQBg7ocpS2a/records/e1ec1ee5e217336f321e6d14bedd91bd.zip"
},
{
  "url": "https://www.bing.com/images/create/portrait-photo-of-a-female-dog-dressed-in-modern-i/1-657d32f13fd14199891638e94b1572c6?id=lC7CjKTgym66t3pQHFD3Wg%3d%3d&view=detailv2&idpp=genimg&idpbck=1&form=BICREC",
  "urlHash": "f25dee6e676408ec5657c7346c67680c",
  "download": "https://api.apify.com/v2/key-value-stores/WpQBTHHQBg7ocpS2a/records/f25dee6e676408ec5657c7346c67680c.zip"
},
{
  "url": "https://www.bing.com/images/create/portrait-photo-of-a-female-dog-dressed-in-modern-i/1-657d32f13fd14199891638e94b1572c6?id=qvaEhJpbgPVz3%2fJuRurfHQ%3d%3d&view=detailv2&idpp=genimg&idpbck=1&form=BICREC",
  "urlHash": "427270e12ddfc8e1bfd3ddbd0242a066",
  "download": "https://api.apify.com/v2/key-value-stores/WpQBTHHQBg7ocpS2a/records/427270e12ddfc8e1bfd3ddbd0242a066.zip"
},
{
  "url": "https://www.bing.com/images/create/portrait-photo-of-a-female-dog-dressed-in-modern-i/1-657d32f13fd14199891638e94b1572c6?id=VXn1%2b8NnIczPPAc%2fdXsehQ%3d%3d&view=detailv2&idpp=genimg&idpbck=1&form=BICREC",
  "urlHash": "461caa360b3ceb4d562f2aebb5e49976",
  "download": "https://api.apify.com/v2/key-value-stores/WpQBTHHQBg7ocpS2a/records/461caa360b3ceb4d562f2aebb5e49976.zip"
},
{
  "url": "https://www.bing.com/images/create/portrait-photo-of-a-female-dog-dressed-in-modern-i/1-657d333722d04dc9ae3e6922c947a76f?id=qsZROMNIKqokfp2ynYBO%2bw%3d%3d&view=detailv2&idpp=genimg&idpbck=1&form=BICREC",
  "urlHash": "2d9051ddda00cae2a600a0355a5ba5b3",
  "download": "https://api.apify.com/v2/key-value-stores/WpQBTHHQBg7ocpS2a/records/2d9051ddda00cae2a600a0355a5ba5b3.zip"
},
{
  "url": "https://www.bing.com/images/create/portrait-photo-of-a-female-dog-dressed-in-modern-i/1-657d32f13fd14199891638e94b1572c6?id=RGnkv7GUPxsFItaRSt03KA%3d%3d&view=detailv2&idpp=genimg&idpbck=1&form=BICREC",
  "urlHash": "3df4c16819c1dbfbefdc45ff65c3fb08",
  "download": "https://api.apify.com/v2/key-value-stores/WpQBTHHQBg7ocpS2a/records/3df4c16819c1dbfbefdc45ff65c3fb08.zip"
},
{
  "url": "https://www.bing.com/images/create/portrait-photo-of-a-female-dog-dressed-in-modern-i/1-657d3401af234072825875fc995ebb2b?id=pr3dzJsRN7eUnBBCbcfgJg%3d%3d&view=detailv2&idpp=genimg&idpbck=1&form=BICREC",
  "urlHash": "81a54f83ba12f17960a7aeac4b088034",
  "download": "https://api.apify.com/v2/key-value-stores/WpQBTHHQBg7ocpS2a/records/81a54f83ba12f17960a7aeac4b088034.zip"
},
{
  "url": "https://www.bing.com/images/create/portrait-photo-of-a-female-dog-dressed-in-modern-i/1-657d3401af234072825875fc995ebb2b?id=hH1H7vndl42ZSuxmoVEXvA%3d%3d&view=detailv2&idpp=genimg&idpbck=1&form=BICREC",
  "urlHash": "c545042d55c3a6152f6be7d48ef932d6",
  "download": "https://api.apify.com/v2/key-value-stores/WpQBTHHQBg7ocpS2a/records/c545042d55c3a6152f6be7d48ef932d6.zip"
},
{
  "url": "https://www.bing.com/images/create/portrait-photo-of-a-female-dog-dressed-in-modern-i/1-657d3401af234072825875fc995ebb2b?id=qVKVRYfx4hO89kRuJTRr8g%3d%3d&view=detailv2&idpp=genimg&idpbck=1&form=BICREC",
  "urlHash": "af153c71f06fb70e8db50363d9a68692",
  "download": "https://api.apify.com/v2/key-value-stores/WpQBTHHQBg7ocpS2a/records/af153c71f06fb70e8db50363d9a68692.zip"
},
{
  "url": "https://www.bing.com/images/create/portrait-photo-of-a-female-dog-dressed-in-modern-i/1-657d3401af234072825875fc995ebb2b?id=EEjtUoRmqtQS4gZRdF%2bYPQ%3d%3d&view=detailv2&idpp=genimg&idpbck=1&form=BICREC",
  "urlHash": "47df9e9f25c190bf7468f3cc191a9011",
  "download": "https://api.apify.com/v2/key-value-stores/WpQBTHHQBg7ocpS2a/records/47df9e9f25c190bf7468f3cc191a9011.zip"
},
{
  "url": "https://www.bing.com/images/create/portrait-photo-of-a-female-dog-dressed-in-modern-i/1-657d33de0e6d42289930d530c151be0d?id=B5WiA2UkF78piir%2bEQGuhA%3d%3d&view=detailv2&idpp=genimg&idpbck=1&form=BICREC",
  "urlHash": "fad535306fbddd6d76aaf0afdbc3c6ea",
  "download": "https://api.apify.com/v2/key-value-stores/WpQBTHHQBg7ocpS2a/records/fad535306fbddd6d76aaf0afdbc3c6ea.zip"
},
{
  "url": "https://www.bing.com/images/create/portrait-photo-of-a-female-dog-dressed-in-modern-i/1-657d33de0e6d42289930d530c151be0d?id=wOb1OQTmAP8AGh2as0X2VA%3d%3d&view=detailv2&idpp=genimg&idpbck=1&form=BICREC",
  "urlHash": "8d2b3d0981e7908c6ea693a81b2cc3fa",
  "download": "https://api.apify.com/v2/key-value-stores/WpQBTHHQBg7ocpS2a/records/8d2b3d0981e7908c6ea693a81b2cc3fa.zip"
},
{
  "url": "https://www.bing.com/images/create/portrait-photo-of-a-female-dog-dressed-in-modern-i/1-657d33de0e6d42289930d530c151be0d?id=OSYqcCugAXcDUqVXbI9%2fTw%3d%3d&view=detailv2&idpp=genimg&idpbck=1&form=BICREC",
  "urlHash": "49e29e2ccac564ff90ac33ccbbc532bc",
  "download": "https://api.apify.com/v2/key-value-stores/WpQBTHHQBg7ocpS2a/records/49e29e2ccac564ff90ac33ccbbc532bc.zip"
},
{
  "url": "https://www.bing.com/images/create/portrait-photo-of-a-female-dog-dressed-in-modern-i/1-657d33bd364d45b7badbfd054bcb35ae?id=u1nR38qNXC2iwsMzZ%2fAdXg%3d%3d&view=detailv2&idpp=genimg&idpbck=1&form=BICREC",
  "urlHash": "79d9e90f3cf9fcf6197750b41152ffa0",
  "download": "https://api.apify.com/v2/key-value-stores/WpQBTHHQBg7ocpS2a/records/79d9e90f3cf9fcf6197750b41152ffa0.zip"
},
{
  "url": "https://www.bing.com/images/create/portrait-photo-of-a-female-dog-dressed-in-modern-i/1-657d33bd364d45b7badbfd054bcb35ae?id=mygTI%2fyLEttbTJfeJZ1uUw%3d%3d&view=detailv2&idpp=genimg&idpbck=1&form=BICREC",
  "urlHash": "67852edf7a0c26a69a75fde5be959538",
  "download": "https://api.apify.com/v2/key-value-stores/WpQBTHHQBg7ocpS2a/records/67852edf7a0c26a69a75fde5be959538.zip"
},
{
  "url": "https://www.bing.com/images/create/portrait-photo-of-a-female-dog-dressed-in-modern-i/1-657d33de0e6d42289930d530c151be0d?id=fIFLEXeYsK1vBT3JnuS1Lw%3d%3d&view=detailv2&idpp=genimg&idpbck=1&form=BICREC",
  "urlHash": "b1c97b0699b53e6b693a5e9a3400fddf",
  "download": "https://api.apify.com/v2/key-value-stores/WpQBTHHQBg7ocpS2a/records/b1c97b0699b53e6b693a5e9a3400fddf.zip"
},
{
  "url": "https://www.bing.com/images/create/portrait-photo-of-a-female-dog-dressed-in-modern-i/1-657d33bd364d45b7badbfd054bcb35ae?id=iOt1r%2bNo9EkF5%2fh%2bi3XKVA%3d%3d&view=detailv2&idpp=genimg&idpbck=1&form=BICREC",
  "urlHash": "450b3c71529e10b7c5e82705013ec87c",
  "download": "https://api.apify.com/v2/key-value-stores/WpQBTHHQBg7ocpS2a/records/450b3c71529e10b7c5e82705013ec87c.zip"
},
{
  "url": "https://www.bing.com/images/create/portrait-photo-of-a-female-dog-dressed-in-modern-i/1-657d33bd364d45b7badbfd054bcb35ae?id=ulcVxTNuuSG54HXD66nvcw%3d%3d&view=detailv2&idpp=genimg&idpbck=1&form=BICREC",
  "urlHash": "fd419f1c30d55ad49517f51fef1dc4e6",
  "download": "https://api.apify.com/v2/key-value-stores/WpQBTHHQBg7ocpS2a/records/fd419f1c30d55ad49517f51fef1dc4e6.zip"
},
{
  "url": "https://www.bing.com/images/create/portrait-photo-of-a-female-dog-dressed-in-modern-i/1-657d338239ea42cd9225594eaad1d2eb?id=YYsk8wNlSSI8To9qE3ctWg%3d%3d&view=detailv2&idpp=genimg&idpbck=1&form=BICREC",
  "urlHash": "247abd9aa6222e8477230fb8c29f9d01",
  "download": "https://api.apify.com/v2/key-value-stores/WpQBTHHQBg7ocpS2a/records/247abd9aa6222e8477230fb8c29f9d01.zip"
},
{
  "url": "https://www.bing.com/images/create/portrait-photo-of-a-female-dog-dressed-in-modern-i/1-657d338239ea42cd9225594eaad1d2eb?id=mzMdIuOJtZgWNqNxe611Iw%3d%3d&view=detailv2&idpp=genimg&idpbck=1&form=BICREC",
  "urlHash": "fa89cc684cab1750b89a4f40c1a79de1",
  "download": "https://api.apify.com/v2/key-value-stores/WpQBTHHQBg7ocpS2a/records/fa89cc684cab1750b89a4f40c1a79de1.zip"
},
{
  "url": "https://www.bing.com/images/create/portrait-photo-of-a-female-dog-dressed-in-modern-i/1-657d34c4de4748698b697ef569aed037?id=iprOc4T07XFjmn6t%2flkLDA%3d%3d&view=detailv2&idpp=genimg&idpbck=1&form=BICREC",
  "urlHash": "a77f5bd4e3096089120c1c0d3ab79684",
  "download": "https://api.apify.com/v2/key-value-stores/WpQBTHHQBg7ocpS2a/records/a77f5bd4e3096089120c1c0d3ab79684.zip"
},
{
  "url": "https://www.bing.com/images/create/portrait-photo-of-a-female-dog-dressed-in-modern-i/1-657d338239ea42cd9225594eaad1d2eb?id=3LZWcawZl%2fybGx7H2AXSDA%3d%3d&view=detailv2&idpp=genimg&idpbck=1&form=BICREC",
  "urlHash": "8fa8006e23420d79dc970f69679e9e3b",
  "download": "https://api.apify.com/v2/key-value-stores/WpQBTHHQBg7ocpS2a/records/8fa8006e23420d79dc970f69679e9e3b.zip"
},
{
  "url": "https://www.bing.com/images/create/portrait-photo-of-a-female-dog-dressed-in-modern-i/1-657d34c4de4748698b697ef569aed037?id=s9dZU4LoPXLI58GKC3r7Cg%3d%3d&view=detailv2&idpp=genimg&idpbck=1&form=BICREC",
  "urlHash": "e01ca847bfc44914b0564d7a5fc75a3b",
  "download": "https://api.apify.com/v2/key-value-stores/WpQBTHHQBg7ocpS2a/records/e01ca847bfc44914b0564d7a5fc75a3b.zip"
},
{
  "url": "https://www.bing.com/images/create/portrait-photo-of-a-female-dog-dressed-in-modern-i/1-657d338239ea42cd9225594eaad1d2eb?id=HcGiUf%2bAAfwuI%2batVT51hg%3d%3d&view=detailv2&idpp=genimg&idpbck=1&form=BICREC",
  "urlHash": "c117c0d6219eff8439f770f38d3286ca",
  "download": "https://api.apify.com/v2/key-value-stores/WpQBTHHQBg7ocpS2a/records/c117c0d6219eff8439f770f38d3286ca.zip"
},
{
  "url": "https://www.bing.com/images/create/portrait-photo-of-a-female-dog-dressed-in-modern-i/1-657d34c4de4748698b697ef569aed037?id=ntBpMpyrZ%2fdTzxAbLDwnqA%3d%3d&view=detailv2&idpp=genimg&idpbck=1&form=BICREC",
  "urlHash": "414965344b4542578df9adb2f3e3bfeb",
  "download": "https://api.apify.com/v2/key-value-stores/WpQBTHHQBg7ocpS2a/records/414965344b4542578df9adb2f3e3bfeb.zip"
},
{
  "url": "https://www.bing.com/images/create/portrait-photo-of-a-female-dog-dressed-in-modern-i/1-657d34c4de4748698b697ef569aed037?id=9YoTbNucWKg99H6kB5dA6A%3d%3d&view=detailv2&idpp=genimg&idpbck=1&form=BICREC",
  "urlHash": "de42beb89aaf9b11431ae5e379edec0a",
  "download": "https://api.apify.com/v2/key-value-stores/WpQBTHHQBg7ocpS2a/records/de42beb89aaf9b11431ae5e379edec0a.zip"
},
{
  "url": "https://www.bing.com/images/create/portrait-photo-of-a-female-dog-dressed-in-modern-i/1-657d34a6dea24d7d98737ed2659dfcc0?id=D0Nt4RpIwRtIyuCm3j5PSw%3d%3d&view=detailv2&idpp=genimg&idpbck=1&form=BICREC",
  "urlHash": "bb484a9146dadea1a8586d8f0e1469f8",
  "download": "https://api.apify.com/v2/key-value-stores/WpQBTHHQBg7ocpS2a/records/bb484a9146dadea1a8586d8f0e1469f8.zip"
},
{
  "url": "https://www.bing.com/images/create/portrait-photo-of-a-female-dog-dressed-in-modern-i/1-657d34a6dea24d7d98737ed2659dfcc0?id=5c032zuJYLpeqBQX%2fHxHzQ%3d%3d&view=detailv2&idpp=genimg&idpbck=1&form=BICREC",
  "urlHash": "be7d7c98c2da90f79bbe75517e929507",
  "download": "https://api.apify.com/v2/key-value-stores/WpQBTHHQBg7ocpS2a/records/be7d7c98c2da90f79bbe75517e929507.zip"
},
{
  "url": "https://www.bing.com/images/create/portrait-photo-of-a-female-dog-dressed-in-modern-i/1-657d34a6dea24d7d98737ed2659dfcc0?id=uO1qIEL8nSp%2btH2Baoxwow%3d%3d&view=detailv2&idpp=genimg&idpbck=1&form=BICREC",
  "urlHash": "4d0b2f53901ac405c8104b2622b952f4",
  "download": "https://api.apify.com/v2/key-value-stores/WpQBTHHQBg7ocpS2a/records/4d0b2f53901ac405c8104b2622b952f4.zip"
},
{
  "url": "https://www.bing.com/images/create/portrait-photo-of-a-female-dog-dressed-in-modern-i/1-657d34a6dea24d7d98737ed2659dfcc0?id=xSVeBAezokZA%2bbn2ZTEu%2bg%3d%3d&view=detailv2&idpp=genimg&idpbck=1&form=BICREC",
  "urlHash": "7325d60a38a3e2c124c857c20c5374f7",
  "download": "https://api.apify.com/v2/key-value-stores/WpQBTHHQBg7ocpS2a/records/7325d60a38a3e2c124c857c20c5374f7.zip"
},
{
  "url": "https://www.bing.com/images/create/portrait-photo-of-a-female-dog-dressed-in-modern-i/1-657d3480db8d4cf78eb0f65c0068e161?id=dmiE1t%2f6YjeO4XL5Raenqw%3d%3d&view=detailv2&idpp=genimg&idpbck=1&form=BICREC",
  "urlHash": "bb7327c235079af8739688c978b8d2d7",
  "download": "https://api.apify.com/v2/key-value-stores/WpQBTHHQBg7ocpS2a/records/bb7327c235079af8739688c978b8d2d7.zip"
},
{
  "url": "https://www.bing.com/images/create/portrait-photo-of-a-female-dog-dressed-in-modern-i/1-657d3480db8d4cf78eb0f65c0068e161?id=mHR%2bglbePFFL7Pj2OPRJvA%3d%3d&view=detailv2&idpp=genimg&idpbck=1&form=BICREC",
  "urlHash": "9af39c772b1bdbeb7bec98bb4565318b",
  "download": "https://api.apify.com/v2/key-value-stores/WpQBTHHQBg7ocpS2a/records/9af39c772b1bdbeb7bec98bb4565318b.zip"
},
{
  "url": "https://www.bing.com/images/create/portrait-photo-of-a-female-dog-dressed-in-modern-i/1-657d3480db8d4cf78eb0f65c0068e161?id=efP9F31sim8hdftlvstHjw%3d%3d&view=detailv2&idpp=genimg&idpbck=1&form=BICREC",
  "urlHash": "227bc5a00454afd5c419c0c361856b6f",
  "download": "https://api.apify.com/v2/key-value-stores/WpQBTHHQBg7ocpS2a/records/227bc5a00454afd5c419c0c361856b6f.zip"
},
{
  "url": "https://www.bing.com/images/create/portrait-photo-of-a-female-dog-dressed-in-modern-i/1-657d3480db8d4cf78eb0f65c0068e161?id=hlwWDoHgrxxHYh5c2joKgQ%3d%3d&view=detailv2&idpp=genimg&idpbck=1&form=BICREC",
  "urlHash": "379f72e9be8456f93e7add09b8a92234",
  "download": "https://api.apify.com/v2/key-value-stores/WpQBTHHQBg7ocpS2a/records/379f72e9be8456f93e7add09b8a92234.zip"
},
{
  "url": "https://www.bing.com/images/create/portrait-photo-of-a-female-dog-dressed-in-modern-i/1-657d345d6d34451a83a45c31c4ad6936?id=D0mZ%2fK3m%2bef438MSz3Nfmw%3d%3d&view=detailv2&idpp=genimg&idpbck=1&form=BICREC",
  "urlHash": "f78bb69802c6c07e011b7813ad0307a3",
  "download": "https://api.apify.com/v2/key-value-stores/WpQBTHHQBg7ocpS2a/records/f78bb69802c6c07e011b7813ad0307a3.zip"
},
{
  "url": "https://www.bing.com/images/create/portrait-photo-of-a-female-dog-dressed-in-modern-i/1-657d345d6d34451a83a45c31c4ad6936?id=f0v6WG4KxQsdXrihmNPARg%3d%3d&view=detailv2&idpp=genimg&idpbck=1&form=BICREC",
  "urlHash": "65c941c2a2f88f47cb163333f97ae902",
  "download": "https://api.apify.com/v2/key-value-stores/WpQBTHHQBg7ocpS2a/records/65c941c2a2f88f47cb163333f97ae902.zip"
},
{
  "url": "https://www.bing.com/images/create/portrait-photo-of-a-female-dog-dressed-in-modern-i/1-657d345d6d34451a83a45c31c4ad6936?id=kyEcHn61Z9fiD35TvtnCfA%3d%3d&view=detailv2&idpp=genimg&idpbck=1&form=BICREC",
  "urlHash": "ceb348c5d81187f280e085515368368e",
  "download": "https://api.apify.com/v2/key-value-stores/WpQBTHHQBg7ocpS2a/records/ceb348c5d81187f280e085515368368e.zip"
},
{
  "url": "https://www.bing.com/images/create/portrait-photo-of-a-female-dog-dressed-in-modern-i/1-657d345d6d34451a83a45c31c4ad6936?id=Kf7zz15mCl8S%2b03b49vB9w%3d%3d&view=detailv2&idpp=genimg&idpbck=1&form=BICREC",
  "urlHash": "f7bf0327c5a37622969430174597b5c0",
  "download": "https://api.apify.com/v2/key-value-stores/WpQBTHHQBg7ocpS2a/records/f7bf0327c5a37622969430174597b5c0.zip"
},
{
  "url": "https://www.bing.com/images/create/portrait-photo-of-a-female-dog-dressed-in-modern-i/1-657d34383d7e44dca8cb62dd7868fe5c?id=dxBjQRWwReqmMWq4nH71vQ%3d%3d&view=detailv2&idpp=genimg&idpbck=1&form=BICREC",
  "urlHash": "b61464d43fd3011d842e42cf4611aa69",
  "download": "https://api.apify.com/v2/key-value-stores/WpQBTHHQBg7ocpS2a/records/b61464d43fd3011d842e42cf4611aa69.zip"
},
{
  "url": "https://www.bing.com/images/create/portrait-photo-of-a-female-dog-dressed-in-modern-i/1-657d34383d7e44dca8cb62dd7868fe5c?id=dxBjQRWwReqmMWq4nH71vQ%3d%3d&view=detailv2&idpp=genimg&idpbck=1&form=BICREC",
  "urlHash": "b61464d43fd3011d842e42cf4611aa69",
  "download": "https://api.apify.com/v2/key-value-stores/WpQBTHHQBg7ocpS2a/records/b61464d43fd3011d842e42cf4611aa69.zip"
},
{
  "url": "https://www.bing.com/images/create/portrait-photo-of-a-female-dog-dressed-in-modern-i/1-657d34383d7e44dca8cb62dd7868fe5c?id=aEnzzbtjM3MwmdIfAlZG1g%3d%3d&view=detailv2&idpp=genimg&idpbck=1&form=BICREC",
  "urlHash": "e97f74defb1b6afba3cc5840ed3bb4bd",
  "download": "https://api.apify.com/v2/key-value-stores/WpQBTHHQBg7ocpS2a/records/e97f74defb1b6afba3cc5840ed3bb4bd.zip"
},
{
  "url": "https://www.bing.com/images/create/portrait-photo-of-a-female-dog-dressed-in-modern-i/1-657d34383d7e44dca8cb62dd7868fe5c?id=VYUxOyghefEf%2bjrAEL10rg%3d%3d&view=detailv2&idpp=genimg&idpbck=1&form=BICREC",
  "urlHash": "3ba8a416383d724059495991830dd46f",
  "download": "https://api.apify.com/v2/key-value-stores/WpQBTHHQBg7ocpS2a/records/3ba8a416383d724059495991830dd46f.zip"
},
{
  "url": "https://www.bing.com/images/create/portrait-photo-of-a-female-dog-dressed-in-modern-i/1-657d34383d7e44dca8cb62dd7868fe5c?id=EjKyzRSUq8xe1L0h52Pc3w%3d%3d&view=detailv2&idpp=genimg&idpbck=1&form=BICREC",
  "urlHash": "9690629e33df61a43bdd7b1a137da683",
  "download": "https://api.apify.com/v2/key-value-stores/WpQBTHHQBg7ocpS2a/records/9690629e33df61a43bdd7b1a137da683.zip"
},
{
  "url": "https://www.bing.com/images/create/portrait-photo-of-a-female-dog-dressed-in-modern-i/1-657d35fb408a4fdcb5f24514fcfc46ec?id=aZaaY9x%2b7HIC1cJHtf4VtA%3d%3d&view=detailv2&idpp=genimg&idpbck=1&form=BICREC",
  "urlHash": "3dd94f54b301e51ea7d2dbfe24d53581",
  "download": "https://api.apify.com/v2/key-value-stores/WpQBTHHQBg7ocpS2a/records/3dd94f54b301e51ea7d2dbfe24d53581.zip"
},
{
  "url": "https://www.bing.com/images/create/portrait-photo-of-a-female-dog-dressed-in-modern-i/1-657d35fb408a4fdcb5f24514fcfc46ec?id=pJ0CalQO5IkHoqCBNdfKxw%3d%3d&view=detailv2&idpp=genimg&idpbck=1&form=BICREC",
  "urlHash": "d9112d0d938c6c708e817a489b2b7b39",
  "download": "https://api.apify.com/v2/key-value-stores/WpQBTHHQBg7ocpS2a/records/d9112d0d938c6c708e817a489b2b7b39.zip"
},
{
  "url": "https://www.bing.com/images/create/portrait-photo-of-a-female-dog-dressed-in-modern-i/1-657d35fb408a4fdcb5f24514fcfc46ec?id=qcz3lofjvHFK7nJumdjvJQ%3d%3d&view=detailv2&idpp=genimg&idpbck=1&form=BICREC",
  "urlHash": "6e76ea8bd7867f3fd863257017f70607",
  "download": "https://api.apify.com/v2/key-value-stores/WpQBTHHQBg7ocpS2a/records/6e76ea8bd7867f3fd863257017f70607.zip"
},
{
  "url": "https://www.bing.com/images/create/portrait-photo-of-a-female-dog-dressed-in-modern-i/1-657d35fb408a4fdcb5f24514fcfc46ec?id=yNXijOepuJ%2bjr7nGE6EsSA%3d%3d&view=detailv2&idpp=genimg&idpbck=1&form=BICREC",
  "urlHash": "953fc1070112e3cc49db49f17d493a6a",
  "download": "https://api.apify.com/v2/key-value-stores/WpQBTHHQBg7ocpS2a/records/953fc1070112e3cc49db49f17d493a6a.zip"
},
{
  "url": "https://www.bing.com/images/create/portrait-photo-of-a-female-dog-dressed-in-modern-i/1-657d35ba0f3542e7b02d459aaa527ef8?id=X5JRXvQA0AqqWq5K%2fiyXoQ%3d%3d&view=detailv2&idpp=genimg&idpbck=1&form=BICREC",
  "urlHash": "2f8d43ba57c8596588046a2400052e9a",
  "download": "https://api.apify.com/v2/key-value-stores/WpQBTHHQBg7ocpS2a/records/2f8d43ba57c8596588046a2400052e9a.zip"
},
{
  "url": "https://www.bing.com/images/create/portrait-photo-of-a-female-dog-dressed-in-modern-i/1-657d35d84e1e4227b286bc50f606596a?id=yq9rn9zFoCxwFR6NNHPisw%3d%3d&view=detailv2&idpp=genimg&idpbck=1&form=BICREC",
  "urlHash": "50e10e961566936a11628a6a2fa13d57",
  "download": "https://api.apify.com/v2/key-value-stores/WpQBTHHQBg7ocpS2a/records/50e10e961566936a11628a6a2fa13d57.zip"
},
{
  "url": "https://www.bing.com/images/create/portrait-photo-of-a-female-dog-dressed-in-modern-i/1-657d35ba0f3542e7b02d459aaa527ef8?id=pjy2yGcoAZsMT1RJZHJ13g%3d%3d&view=detailv2&idpp=genimg&idpbck=1&form=BICREC",
  "urlHash": "149423ea124cf3d681087effec8eaf39",
  "download": "https://api.apify.com/v2/key-value-stores/WpQBTHHQBg7ocpS2a/records/149423ea124cf3d681087effec8eaf39.zip"
},
{
  "url": "https://www.bing.com/images/create/portrait-photo-of-a-female-dog-dressed-in-modern-i/1-657d35ba0f3542e7b02d459aaa527ef8?id=IktARUblmDo5iXACtJ07iQ%3d%3d&view=detailv2&idpp=genimg&idpbck=1&form=BICREC",
  "urlHash": "8b5247ce13c4ac27849af23abe8be2a8",
  "download": "https://api.apify.com/v2/key-value-stores/WpQBTHHQBg7ocpS2a/records/8b5247ce13c4ac27849af23abe8be2a8.zip"
},
{
  "url": "https://www.bing.com/images/create/portrait-photo-of-a-female-dog-dressed-in-modern-i/1-657d35996f544f7fb52d58d10567af4f?id=fuE2yKl6S6mRnHkeBnt1%2bQ%3d%3d&view=detailv2&idpp=genimg&idpbck=1&form=BICREC",
  "urlHash": "24cbe689032cb44d874122a90025f6ac",
  "download": "https://api.apify.com/v2/key-value-stores/WpQBTHHQBg7ocpS2a/records/24cbe689032cb44d874122a90025f6ac.zip"
},
{
  "url": "https://www.bing.com/images/create/portrait-photo-of-a-female-dog-dressed-in-modern-i/1-657d35d84e1e4227b286bc50f606596a?id=6tSBGfpaWaGKJObiXshB7A%3d%3d&view=detailv2&idpp=genimg&idpbck=1&form=BICREC",
  "urlHash": "d828e5c98f9199a9eed2b1bb595161d5",
  "download": "https://api.apify.com/v2/key-value-stores/WpQBTHHQBg7ocpS2a/records/d828e5c98f9199a9eed2b1bb595161d5.zip"
},
{
  "url": "https://www.bing.com/images/create/portrait-photo-of-a-female-dog-dressed-in-modern-i/1-657d35996f544f7fb52d58d10567af4f?id=0Xj2r5HwBNfpjKIpSmj3wQ%3d%3d&view=detailv2&idpp=genimg&idpbck=1&form=BICREC",
  "urlHash": "f5d06aa92070c18013d76267f692f2da",
  "download": "https://api.apify.com/v2/key-value-stores/WpQBTHHQBg7ocpS2a/records/f5d06aa92070c18013d76267f692f2da.zip"
},
{
  "url": "https://www.bing.com/images/create/portrait-photo-of-a-female-dog-dressed-in-modern-i/1-657d35996f544f7fb52d58d10567af4f?id=vBhx7ii3QhA8nYVWdVx%2fUw%3d%3d&view=detailv2&idpp=genimg&idpbck=1&form=BICREC",
  "urlHash": "d050ba7abc8cf72802da29631cb0762c",
  "download": "https://api.apify.com/v2/key-value-stores/WpQBTHHQBg7ocpS2a/records/d050ba7abc8cf72802da29631cb0762c.zip"
},
{
  "url": "https://www.bing.com/images/create/portrait-photo-of-a-female-dog-dressed-in-modern-i/1-657d35996f544f7fb52d58d10567af4f?id=FGK5KfY0ezGsoPs7zlw80w%3d%3d&view=detailv2&idpp=genimg&idpbck=1&form=BICREC",
  "urlHash": "c6433a24203545dcaf2369442b21e531",
  "download": "https://api.apify.com/v2/key-value-stores/WpQBTHHQBg7ocpS2a/records/c6433a24203545dcaf2369442b21e531.zip"
},
{
  "url": "https://www.bing.com/images/create/portrait-photo-of-a-female-dog-dressed-in-modern-i/1-657d35ba0f3542e7b02d459aaa527ef8?id=it8p7t9mDBAgeaRNVZP8AQ%3d%3d&view=detailv2&idpp=genimg&idpbck=1&form=BICREC",
  "urlHash": "06cea1a724c0356cd813ae8efdeba768",
  "download": "https://api.apify.com/v2/key-value-stores/WpQBTHHQBg7ocpS2a/records/06cea1a724c0356cd813ae8efdeba768.zip"
},
{
  "url": "https://www.bing.com/images/create/portrait-photo-of-a-female-dog-dressed-in-modern-i/1-657d35d84e1e4227b286bc50f606596a?id=a5NOoTU0I0wP%2bAAFZFu5AA%3d%3d&view=detailv2&idpp=genimg&idpbck=1&form=BICREC",
  "urlHash": "9bcce5c1137a89a4f8280511e91ad377",
  "download": "https://api.apify.com/v2/key-value-stores/WpQBTHHQBg7ocpS2a/records/9bcce5c1137a89a4f8280511e91ad377.zip"
},
{
  "url": "https://www.bing.com/images/create/portrait-photo-of-a-female-dog-dressed-in-modern-i/1-657d35d84e1e4227b286bc50f606596a?id=NSJsl1v23Dl1zeFIZqA2jQ%3d%3d&view=detailv2&idpp=genimg&idpbck=1&form=BICREC",
  "urlHash": "91973506599d2bca663ccec1bc1cf0a7",
  "download": "https://api.apify.com/v2/key-value-stores/WpQBTHHQBg7ocpS2a/records/91973506599d2bca663ccec1bc1cf0a7.zip"
}]