[{
  "url": "https://www.bing.com/images/create/portrait-photo-of-a-female-dog-dressed-in-modern-i/1-658141d453e94c0e9a6bb8624d263d08?id=a5n1FBHf9Qla%2bp9QUVyvow%3d%3d&view=detailv2&idpp=genimg&idpbck=1&form=BICREC",
  "urlHash": "3b2be7d83f03164505f5c7a9dc1e64a2",
  "download": "https://api.apify.com/v2/key-value-stores/LIafbDugXuZCvQFNc/records/3b2be7d83f03164505f5c7a9dc1e64a2.zip"
},
{
  "url": "https://www.bing.com/images/create/portrait-photo-of-a-female-dog-dressed-in-modern-i/1-658141d453e94c0e9a6bb8624d263d08?id=DDmmGGU7zQTYbNNwUBAclw%3d%3d&view=detailv2&idpp=genimg&idpbck=1&form=BICREC",
  "urlHash": "6963b70d5bc9f764372a0a113b4f8dd8",
  "download": "https://api.apify.com/v2/key-value-stores/LIafbDugXuZCvQFNc/records/6963b70d5bc9f764372a0a113b4f8dd8.zip"
},
{
  "url": "https://www.bing.com/images/create/portrait-photo-of-a-female-dog-dressed-in-modern-i/1-658141d453e94c0e9a6bb8624d263d08?id=oue0WTsudDAVmNkQ2obJSg%3d%3d&view=detailv2&idpp=genimg&idpbck=1&form=BICREC",
  "urlHash": "673baedec5eeb63aa3d05aa061cba355",
  "download": "https://api.apify.com/v2/key-value-stores/LIafbDugXuZCvQFNc/records/673baedec5eeb63aa3d05aa061cba355.zip"
},
{
  "url": "https://www.bing.com/images/create/portrait-photo-of-a-female-dog-dressed-in-modern-i/1-658141d453e94c0e9a6bb8624d263d08?id=k8Q2q9QPee7VVu%2fbhcaFcw%3d%3d&view=detailv2&idpp=genimg&idpbck=1&form=BICREC",
  "urlHash": "bd426e93c2e75691835a8bc4ffd6d7d4",
  "download": "https://api.apify.com/v2/key-value-stores/LIafbDugXuZCvQFNc/records/bd426e93c2e75691835a8bc4ffd6d7d4.zip"
},
{
  "url": "https://www.bing.com/images/create/portrait-photo-of-a-female-dog-dressed-in-modern-i/1-658141b01e404106a0cd52a2fd94a97f?id=z%2bRMY%2fJmOiEgeQCJFW7PEA%3d%3d&view=detailv2&idpp=genimg&idpbck=1&form=BICREC",
  "urlHash": "fcb0390453a6aff21829a33b9453e676",
  "download": "https://api.apify.com/v2/key-value-stores/LIafbDugXuZCvQFNc/records/fcb0390453a6aff21829a33b9453e676.zip"
},
{
  "url": "https://www.bing.com/images/create/portrait-photo-of-a-female-dog-dressed-in-modern-i/1-658141b01e404106a0cd52a2fd94a97f?id=ag3curRRi0WXDccpVwdaew%3d%3d&view=detailv2&idpp=genimg&idpbck=1&form=BICREC",
  "urlHash": "f9bc530708d8b77df9e8a25b2dad550e",
  "download": "https://api.apify.com/v2/key-value-stores/LIafbDugXuZCvQFNc/records/f9bc530708d8b77df9e8a25b2dad550e.zip"
},
{
  "url": "https://www.bing.com/images/create/portrait-photo-of-a-female-dog-dressed-in-modern-i/1-658141b01e404106a0cd52a2fd94a97f?id=K8e9RdNUj1EMbsvxxol%2ftw%3d%3d&view=detailv2&idpp=genimg&idpbck=1&form=BICREC",
  "urlHash": "01bf32da0bb9383676b352f66bfa9f24",
  "download": "https://api.apify.com/v2/key-value-stores/LIafbDugXuZCvQFNc/records/01bf32da0bb9383676b352f66bfa9f24.zip"
},
{
  "url": "https://www.bing.com/images/create/portrait-photo-of-a-female-dog-dressed-in-modern-i/1-6581416d348b4f3aab387f322b84ee71?id=SpUZXReSfoSO2ge9xa9H5w%3d%3d&view=detailv2&idpp=genimg&idpbck=1&form=BICREC",
  "urlHash": "9835a55f741f7a5477e7a0c779018c2f",
  "download": "https://api.apify.com/v2/key-value-stores/LIafbDugXuZCvQFNc/records/9835a55f741f7a5477e7a0c779018c2f.zip"
},
{
  "url": "https://www.bing.com/images/create/portrait-photo-of-a-female-dog-dressed-in-modern-i/1-6581416d348b4f3aab387f322b84ee71?id=5%2bUviz4zPKS0HLh1virg1w%3d%3d&view=detailv2&idpp=genimg&idpbck=1&form=BICREC",
  "urlHash": "61843e99497e1f7fd103816996bb140c",
  "download": "https://api.apify.com/v2/key-value-stores/LIafbDugXuZCvQFNc/records/61843e99497e1f7fd103816996bb140c.zip"
},
{
  "url": "https://www.bing.com/images/create/portrait-photo-of-a-female-dog-dressed-in-modern-i/1-658141b01e404106a0cd52a2fd94a97f?id=CqN5aKkCn5Lxxf0qddlUgw%3d%3d&view=detailv2&idpp=genimg&idpbck=1&form=BICREC",
  "urlHash": "fb7337c87f7465b256e6d29ba5c4241d",
  "download": "https://api.apify.com/v2/key-value-stores/LIafbDugXuZCvQFNc/records/fb7337c87f7465b256e6d29ba5c4241d.zip"
},
{
  "url": "https://www.bing.com/images/create/portrait-photo-of-a-female-dog-dressed-in-modern-i/1-6581416d348b4f3aab387f322b84ee71?id=m3eeZbKFiAhAXDGN5eeIBQ%3d%3d&view=detailv2&idpp=genimg&idpbck=1&form=BICREC",
  "urlHash": "ed3ae861aeba9f94239823910458fb87",
  "download": "https://api.apify.com/v2/key-value-stores/LIafbDugXuZCvQFNc/records/ed3ae861aeba9f94239823910458fb87.zip"
},
{
  "url": "https://www.bing.com/images/create/portrait-photo-of-a-female-dog-dressed-in-modern-i/1-6581414aa03743f8ad5932ab2b88e076?id=fu4jDh58Yh0AWVj7ySJE0g%3d%3d&view=detailv2&idpp=genimg&idpbck=1&form=BICREC",
  "urlHash": "579ea204e6888eb935ddb2d1eccdc2c0",
  "download": "https://api.apify.com/v2/key-value-stores/LIafbDugXuZCvQFNc/records/579ea204e6888eb935ddb2d1eccdc2c0.zip"
},
{
  "url": "https://www.bing.com/images/create/portrait-photo-of-a-female-dog-dressed-in-modern-i/1-6581416d348b4f3aab387f322b84ee71?id=e7bWeeJ7zda5mzcUoUm9FA%3d%3d&view=detailv2&idpp=genimg&idpbck=1&form=BICREC",
  "urlHash": "1431b2c8b429581308b85400766a3b1c",
  "download": "https://api.apify.com/v2/key-value-stores/LIafbDugXuZCvQFNc/records/1431b2c8b429581308b85400766a3b1c.zip"
},
{
  "url": "https://www.bing.com/images/create/portrait-photo-of-a-female-dog-dressed-in-modern-i/1-6581414aa03743f8ad5932ab2b88e076?id=gOvI%2fc6SEIHhQWdTcb7QGQ%3d%3d&view=detailv2&idpp=genimg&idpbck=1&form=BICREC",
  "urlHash": "90ff8b1140dec11986e64075f9027ec3",
  "download": "https://api.apify.com/v2/key-value-stores/LIafbDugXuZCvQFNc/records/90ff8b1140dec11986e64075f9027ec3.zip"
},
{
  "url": "https://www.bing.com/images/create/portrait-photo-of-a-female-dog-dressed-in-modern-i/1-6581414aa03743f8ad5932ab2b88e076?id=GhoV2YG8YZ3xOH1z9aC6Gg%3d%3d&view=detailv2&idpp=genimg&idpbck=1&form=BICREC",
  "urlHash": "53a8c3993e4a3ac2a211b4d2a2f9de40",
  "download": "https://api.apify.com/v2/key-value-stores/LIafbDugXuZCvQFNc/records/53a8c3993e4a3ac2a211b4d2a2f9de40.zip"
},
{
  "url": "https://www.bing.com/images/create/portrait-photo-of-a-female-dog-dressed-in-modern-i/1-6581414aa03743f8ad5932ab2b88e076?id=ZcOBlqMM7uMYOQ6vW8wZSg%3d%3d&view=detailv2&idpp=genimg&idpbck=1&form=BICREC",
  "urlHash": "8b1059697de78ccce874202c368ad00a",
  "download": "https://api.apify.com/v2/key-value-stores/LIafbDugXuZCvQFNc/records/8b1059697de78ccce874202c368ad00a.zip"
},
{
  "url": "https://www.bing.com/images/create/portrait-photo-of-a-female-dog-dressed-in-modern-i/1-65814119631849eea55c183e0637d3a1?id=JNTRJTS5JWMMQ8pGGsc%2fcw%3d%3d&view=detailv2&idpp=genimg&idpbck=1&form=BICREC",
  "urlHash": "0bab9b92487a322ca94452c5219aad4c",
  "download": "https://api.apify.com/v2/key-value-stores/LIafbDugXuZCvQFNc/records/0bab9b92487a322ca94452c5219aad4c.zip"
},
{
  "url": "https://www.bing.com/images/create/portrait-photo-of-a-female-dog-dressed-in-modern-i/1-65814119631849eea55c183e0637d3a1?id=Jih2l4mdiM%2fHpIogkhaU0w%3d%3d&view=detailv2&idpp=genimg&idpbck=1&form=BICREC",
  "urlHash": "2babd327f11fbfc2bb5a3b188b7f26e8",
  "download": "https://api.apify.com/v2/key-value-stores/LIafbDugXuZCvQFNc/records/2babd327f11fbfc2bb5a3b188b7f26e8.zip"
},
{
  "url": "https://www.bing.com/images/create/portrait-photo-of-a-female-dog-dressed-in-modern-i/1-65814119631849eea55c183e0637d3a1?id=1HS6VgnoFCsVF6R0z6GCxg%3d%3d&view=detailv2&idpp=genimg&idpbck=1&form=BICREC",
  "urlHash": "9d82b21d2ffc9a89a63b315493c4c881",
  "download": "https://api.apify.com/v2/key-value-stores/LIafbDugXuZCvQFNc/records/9d82b21d2ffc9a89a63b315493c4c881.zip"
},
{
  "url": "https://www.bing.com/images/create/portrait-photo-of-a-female-dog-dressed-in-modern-i/1-65814119631849eea55c183e0637d3a1?id=UrVbQPmxuKbuzfSHJXXbbA%3d%3d&view=detailv2&idpp=genimg&idpbck=1&form=BICREC",
  "urlHash": "0fc26baad3a531dd337a3858735f6e09",
  "download": "https://api.apify.com/v2/key-value-stores/LIafbDugXuZCvQFNc/records/0fc26baad3a531dd337a3858735f6e09.zip"
},
{
  "url": "https://www.bing.com/images/create/portrait-photo-of-a-female-dog-dressed-in-modern-i/1-658140febc8a4e94b3fe32c589239e3c?id=2eFrdhA%2bRv%2fYuAitasFDMg%3d%3d&view=detailv2&idpp=genimg&idpbck=1&form=BICREC",
  "urlHash": "a8ad292337745efa3e38a775e689f21c",
  "download": "https://api.apify.com/v2/key-value-stores/LIafbDugXuZCvQFNc/records/a8ad292337745efa3e38a775e689f21c.zip"
},
{
  "url": "https://www.bing.com/images/create/portrait-photo-of-a-female-dog-dressed-in-modern-i/1-658140febc8a4e94b3fe32c589239e3c?id=okpXdaWa11FMIhstchi40Q%3d%3d&view=detailv2&idpp=genimg&idpbck=1&form=BICREC",
  "urlHash": "b7d9ae9f8eedd8d9804917c92afa4698",
  "download": "https://api.apify.com/v2/key-value-stores/LIafbDugXuZCvQFNc/records/b7d9ae9f8eedd8d9804917c92afa4698.zip"
},
{
  "url": "https://www.bing.com/images/create/portrait-photo-of-a-female-dog-dressed-in-modern-i/1-658140febc8a4e94b3fe32c589239e3c?id=G6CYy2XjqCPeYA21kFB2Ow%3d%3d&view=detailv2&idpp=genimg&idpbck=1&form=BICREC",
  "urlHash": "995af47b22e637381ef9c0d30a1659be",
  "download": "https://api.apify.com/v2/key-value-stores/LIafbDugXuZCvQFNc/records/995af47b22e637381ef9c0d30a1659be.zip"
},
{
  "url": "https://www.bing.com/images/create/portrait-photo-of-a-female-dog-dressed-in-modern-i/1-658140febc8a4e94b3fe32c589239e3c?id=EIayZDlGFtwaaBwp6ZY2vw%3d%3d&view=detailv2&idpp=genimg&idpbck=1&form=BICREC",
  "urlHash": "b7f68a0455c81b57ea5a92f26a992470",
  "download": "https://api.apify.com/v2/key-value-stores/LIafbDugXuZCvQFNc/records/b7f68a0455c81b57ea5a92f26a992470.zip"
},
{
  "url": "https://www.bing.com/images/create/portrait-photo-of-a-female-dog-dressed-in-modern-i/1-658140d6691d4910a675b54b26b58a3a?id=jOedaorltaV8suD0rqsbog%3d%3d&view=detailv2&idpp=genimg&idpbck=1&form=BICREC",
  "urlHash": "4d928efbc67eb4344a365b8052b68ad3",
  "download": "https://api.apify.com/v2/key-value-stores/LIafbDugXuZCvQFNc/records/4d928efbc67eb4344a365b8052b68ad3.zip"
},
{
  "url": "https://www.bing.com/images/create/portrait-photo-of-a-female-dog-dressed-in-modern-i/1-658140d6691d4910a675b54b26b58a3a?id=TVMhDOW3C%2fATmD9YHtXcCw%3d%3d&view=detailv2&idpp=genimg&idpbck=1&form=BICREC",
  "urlHash": "7bbaba20e3c4c9a0daa52cecfff6be64",
  "download": "https://api.apify.com/v2/key-value-stores/LIafbDugXuZCvQFNc/records/7bbaba20e3c4c9a0daa52cecfff6be64.zip"
},
{
  "url": "https://www.bing.com/images/create/portrait-photo-of-a-female-dog-dressed-in-modern-i/1-658140d6691d4910a675b54b26b58a3a?id=tM5GqsDu5vAIWA4NVfV4KQ%3d%3d&view=detailv2&idpp=genimg&idpbck=1&form=BICREC",
  "urlHash": "66c1b7803d5609ea0216d1a9b499231d",
  "download": "https://api.apify.com/v2/key-value-stores/LIafbDugXuZCvQFNc/records/66c1b7803d5609ea0216d1a9b499231d.zip"
},
{
  "url": "https://www.bing.com/images/create/portrait-photo-of-a-female-dog-dressed-in-modern-i/1-658140d6691d4910a675b54b26b58a3a?id=tZFETKCamm7kOxD724nCQw%3d%3d&view=detailv2&idpp=genimg&idpbck=1&form=BICREC",
  "urlHash": "5682cc8a9be1c25f2ac88703cc756335",
  "download": "https://api.apify.com/v2/key-value-stores/LIafbDugXuZCvQFNc/records/5682cc8a9be1c25f2ac88703cc756335.zip"
},
{
  "url": "https://www.bing.com/images/create/portrait-photo-of-a-female-dog-dressed-in-modern-i/1-657d37c97dea424aaeb4fd3872187048?id=jFZkzqVciIyuPWyiOxdbWg%3d%3d&view=detailv2&idpp=genimg&idpbck=1&form=BICREC",
  "urlHash": "45a838e7b5e00646fc5c40d95e9f34e5",
  "download": "https://api.apify.com/v2/key-value-stores/LIafbDugXuZCvQFNc/records/45a838e7b5e00646fc5c40d95e9f34e5.zip"
},
{
  "url": "https://www.bing.com/images/create/portrait-photo-of-a-female-dog-dressed-in-modern-i/1-657d37c97dea424aaeb4fd3872187048?id=%2bgwNML%2fiHzAWPWWqZLPZuA%3d%3d&view=detailv2&idpp=genimg&idpbck=1&form=BICREC",
  "urlHash": "f2bbecaa48ea0cd5d50a678be45bd982",
  "download": "https://api.apify.com/v2/key-value-stores/LIafbDugXuZCvQFNc/records/f2bbecaa48ea0cd5d50a678be45bd982.zip"
},
{
  "url": "https://www.bing.com/images/create/portrait-photo-of-a-female-dog-dressed-in-modern-i/1-657d37c97dea424aaeb4fd3872187048?id=DB4m6gFCyUvqTX%2ffMsF%2beg%3d%3d&view=detailv2&idpp=genimg&idpbck=1&form=BICREC",
  "urlHash": "3650b5b87d261d36dc6b88b8a3ccf2ed",
  "download": "https://api.apify.com/v2/key-value-stores/LIafbDugXuZCvQFNc/records/3650b5b87d261d36dc6b88b8a3ccf2ed.zip"
},
{
  "url": "https://www.bing.com/images/create/portrait-photo-of-a-female-dog-dressed-in-modern-i/1-657d37c97dea424aaeb4fd3872187048?id=rkOCfWVqfOdv%2bg2UZx6RRw%3d%3d&view=detailv2&idpp=genimg&idpbck=1&form=BICREC",
  "urlHash": "d13c3fd96eeb7be1b0b19086e767bede",
  "download": "https://api.apify.com/v2/key-value-stores/LIafbDugXuZCvQFNc/records/d13c3fd96eeb7be1b0b19086e767bede.zip"
},
{
  "url": "https://www.bing.com/images/create/portrait-photo-of-a-female-dog-dressed-in-modern-i/1-657d37b02c5e48ea82fa08056550e4b2?id=SkVvXTvA8nJLeEu9W8ULmw%3d%3d&view=detailv2&idpp=genimg&idpbck=1&form=BICREC",
  "urlHash": "4bb7e45af5fad53293d792926965f836",
  "download": "https://api.apify.com/v2/key-value-stores/LIafbDugXuZCvQFNc/records/4bb7e45af5fad53293d792926965f836.zip"
},
{
  "url": "https://www.bing.com/images/create/portrait-photo-of-a-female-dog-dressed-in-modern-i/1-657d37b02c5e48ea82fa08056550e4b2?id=BFdiUWeERbPwjKoMbsRPQA%3d%3d&view=detailv2&idpp=genimg&idpbck=1&form=BICREC",
  "urlHash": "7b90ed483d1c087989cafeda9ca6ba14",
  "download": "https://api.apify.com/v2/key-value-stores/LIafbDugXuZCvQFNc/records/7b90ed483d1c087989cafeda9ca6ba14.zip"
},
{
  "url": "https://www.bing.com/images/create/portrait-photo-of-a-female-dog-dressed-in-modern-i/1-657d37b02c5e48ea82fa08056550e4b2?id=9RfI8iyFjb81bunjNI6whQ%3d%3d&view=detailv2&idpp=genimg&idpbck=1&form=BICREC",
  "urlHash": "049172a264f6b37871f1d3523a4e21fc",
  "download": "https://api.apify.com/v2/key-value-stores/LIafbDugXuZCvQFNc/records/049172a264f6b37871f1d3523a4e21fc.zip"
},
{
  "url": "https://www.bing.com/images/create/portrait-photo-of-a-female-dog-dressed-in-modern-i/1-657d3796be3248ef9c16e5388331eaad?id=ov7srtYj02IlYPN8MBK20g%3d%3d&view=detailv2&idpp=genimg&idpbck=1&form=BICREC",
  "urlHash": "51b977333240002bbb50b5094ded481e",
  "download": "https://api.apify.com/v2/key-value-stores/LIafbDugXuZCvQFNc/records/51b977333240002bbb50b5094ded481e.zip"
},
{
  "url": "https://www.bing.com/images/create/portrait-photo-of-a-female-dog-dressed-in-modern-i/1-657d37b02c5e48ea82fa08056550e4b2?id=G%2fjhTC6d1MJ8%2fvMN8G3vKw%3d%3d&view=detailv2&idpp=genimg&idpbck=1&form=BICREC",
  "urlHash": "dc40996751ca4e64d3ff84d87d96d72c",
  "download": "https://api.apify.com/v2/key-value-stores/LIafbDugXuZCvQFNc/records/dc40996751ca4e64d3ff84d87d96d72c.zip"
},
{
  "url": "https://www.bing.com/images/create/portrait-photo-of-a-female-dog-dressed-in-modern-i/1-657d3796be3248ef9c16e5388331eaad?id=WVVeB0ahWAoL2YU1gzpbUg%3d%3d&view=detailv2&idpp=genimg&idpbck=1&form=BICREC",
  "urlHash": "7e0439d0b19319bceb2153cb9eefaf5e",
  "download": "https://api.apify.com/v2/key-value-stores/LIafbDugXuZCvQFNc/records/7e0439d0b19319bceb2153cb9eefaf5e.zip"
},
{
  "url": "https://www.bing.com/images/create/portrait-photo-of-a-female-dog-dressed-in-modern-i/1-657d3796be3248ef9c16e5388331eaad?id=iNgafxtXAFs7t92I%2fPurJA%3d%3d&view=detailv2&idpp=genimg&idpbck=1&form=BICREC",
  "urlHash": "1ff13dc1fd5e0d073126e763c9ae8b49",
  "download": "https://api.apify.com/v2/key-value-stores/LIafbDugXuZCvQFNc/records/1ff13dc1fd5e0d073126e763c9ae8b49.zip"
},
{
  "url": "https://www.bing.com/images/create/portrait-photo-of-a-female-dog-dressed-in-modern-i/1-657d37787ee446549685aad7b5180afe?id=KUPoI%2bovZ%2f7%2fgSOzjYVA1w%3d%3d&view=detailv2&idpp=genimg&idpbck=1&form=BICREC",
  "urlHash": "c35c83830ba9f9e092662c85678c720b",
  "download": "https://api.apify.com/v2/key-value-stores/LIafbDugXuZCvQFNc/records/c35c83830ba9f9e092662c85678c720b.zip"
},
{
  "url": "https://www.bing.com/images/create/portrait-photo-of-a-female-dog-dressed-in-modern-i/1-657d3796be3248ef9c16e5388331eaad?id=dtjgBwKMpLnPnMSp7LqNNg%3d%3d&view=detailv2&idpp=genimg&idpbck=1&form=BICREC",
  "urlHash": "a83911b02c7dd9660ef65d398c3d9ed7",
  "download": "https://api.apify.com/v2/key-value-stores/LIafbDugXuZCvQFNc/records/a83911b02c7dd9660ef65d398c3d9ed7.zip"
},
{
  "url": "https://www.bing.com/images/create/portrait-photo-of-a-female-dog-dressed-in-modern-i/1-657d37787ee446549685aad7b5180afe?id=Fx5nWa1GsydNTVb%2fEzWTxA%3d%3d&view=detailv2&idpp=genimg&idpbck=1&form=BICREC",
  "urlHash": "541bb77ebcc247b6200e6c5fd3bba2f7",
  "download": "https://api.apify.com/v2/key-value-stores/LIafbDugXuZCvQFNc/records/541bb77ebcc247b6200e6c5fd3bba2f7.zip"
},
{
  "url": "https://www.bing.com/images/create/portrait-photo-of-a-female-dog-dressed-in-modern-i/1-657d396d30d1431a810c3546824709cd?id=gMB60wsJlEDizYw5wZsC6Q%3d%3d&view=detailv2&idpp=genimg&idpbck=1&form=BICREC",
  "urlHash": "3c0c671385f3757d2e1677891ec5c9c1",
  "download": "https://api.apify.com/v2/key-value-stores/LIafbDugXuZCvQFNc/records/3c0c671385f3757d2e1677891ec5c9c1.zip"
},
{
  "url": "https://www.bing.com/images/create/portrait-photo-of-a-female-dog-dressed-in-modern-i/1-657d37787ee446549685aad7b5180afe?id=IDWNKfKNLQP1iDHmn4tQ0A%3d%3d&view=detailv2&idpp=genimg&idpbck=1&form=BICREC",
  "urlHash": "912f3227c3e5941f3199bbda6cea65b2",
  "download": "https://api.apify.com/v2/key-value-stores/LIafbDugXuZCvQFNc/records/912f3227c3e5941f3199bbda6cea65b2.zip"
},
{
  "url": "https://www.bing.com/images/create/portrait-photo-of-a-female-dog-dressed-in-modern-i/1-657d37787ee446549685aad7b5180afe?id=zsG%2fjcTs0NqcbjpixlhXDQ%3d%3d&view=detailv2&idpp=genimg&idpbck=1&form=BICREC",
  "urlHash": "7393a10c99fc2d8b6e0db6d2b98709c1",
  "download": "https://api.apify.com/v2/key-value-stores/LIafbDugXuZCvQFNc/records/7393a10c99fc2d8b6e0db6d2b98709c1.zip"
},
{
  "url": "https://www.bing.com/images/create/portrait-photo-of-a-female-dog-dressed-in-modern-i/1-657d396d30d1431a810c3546824709cd?id=lntStCsSO5KuVZnxl9dZ3w%3d%3d&view=detailv2&idpp=genimg&idpbck=1&form=BICREC",
  "urlHash": "1b3e9b136259145e092cd4f19e883c22",
  "download": "https://api.apify.com/v2/key-value-stores/LIafbDugXuZCvQFNc/records/1b3e9b136259145e092cd4f19e883c22.zip"
},
{
  "url": "https://www.bing.com/images/create/portrait-photo-of-a-female-dog-dressed-in-modern-i/1-657d3954fbc2437998f49640e0a7ac15?id=GEKpFCmsVmwmDqGHDsCK7g%3d%3d&view=detailv2&idpp=genimg&idpbck=1&form=BICREC",
  "urlHash": "1d63506a55af73411c313412914e1478",
  "download": "https://api.apify.com/v2/key-value-stores/LIafbDugXuZCvQFNc/records/1d63506a55af73411c313412914e1478.zip"
},
{
  "url": "https://www.bing.com/images/create/portrait-photo-of-a-female-dog-dressed-in-modern-i/1-657d396d30d1431a810c3546824709cd?id=8auJUsrH8y%2fLxKgoJgLqyQ%3d%3d&view=detailv2&idpp=genimg&idpbck=1&form=BICREC",
  "urlHash": "e42a388d1bab4dc975e5f1a12cfc0803",
  "download": "https://api.apify.com/v2/key-value-stores/LIafbDugXuZCvQFNc/records/e42a388d1bab4dc975e5f1a12cfc0803.zip"
},
{
  "url": "https://www.bing.com/images/create/portrait-photo-of-a-female-dog-dressed-in-modern-i/1-657d396d30d1431a810c3546824709cd?id=XuEUlBNcvxkz%2fKzc76Z2Ug%3d%3d&view=detailv2&idpp=genimg&idpbck=1&form=BICREC",
  "urlHash": "1818dbe516d6a8a533ba9d27e6367a5f",
  "download": "https://api.apify.com/v2/key-value-stores/LIafbDugXuZCvQFNc/records/1818dbe516d6a8a533ba9d27e6367a5f.zip"
},
{
  "url": "https://www.bing.com/images/create/portrait-photo-of-a-female-dog-dressed-in-modern-i/1-657d3954fbc2437998f49640e0a7ac15?id=7kk03oQM3GlcsN5BEzNjhQ%3d%3d&view=detailv2&idpp=genimg&idpbck=1&form=BICREC",
  "urlHash": "23c7dfcb6888ee025e72f5077f256e98",
  "download": "https://api.apify.com/v2/key-value-stores/LIafbDugXuZCvQFNc/records/23c7dfcb6888ee025e72f5077f256e98.zip"
},
{
  "url": "https://www.bing.com/images/create/portrait-photo-of-a-female-dog-dressed-in-modern-i/1-657d3954fbc2437998f49640e0a7ac15?id=cq7QuYyXmw6sZylAd30BKw%3d%3d&view=detailv2&idpp=genimg&idpbck=1&form=BICREC",
  "urlHash": "061d9af786a5828fda852df90f2ef18b",
  "download": "https://api.apify.com/v2/key-value-stores/LIafbDugXuZCvQFNc/records/061d9af786a5828fda852df90f2ef18b.zip"
},
{
  "url": "https://www.bing.com/images/create/portrait-photo-of-a-female-dog-dressed-in-modern-i/1-657d3954fbc2437998f49640e0a7ac15?id=DJqFKayxTQEybVML3JCw%2bA%3d%3d&view=detailv2&idpp=genimg&idpbck=1&form=BICREC",
  "urlHash": "3afcfab17788b5d4f3624495dff946dc",
  "download": "https://api.apify.com/v2/key-value-stores/LIafbDugXuZCvQFNc/records/3afcfab17788b5d4f3624495dff946dc.zip"
},
{
  "url": "https://www.bing.com/images/create/portrait-photo-of-a-female-dog-dressed-in-modern-i/1-657d38d5e9d749b29e5f55d5fb8d8f97?id=zvGQQ9nXfIDPcJxzpPlDGg%3d%3d&view=detailv2&idpp=genimg&idpbck=1&form=BICREC",
  "urlHash": "3cd042f2681dd07d66e8a697b539a09a",
  "download": "https://api.apify.com/v2/key-value-stores/LIafbDugXuZCvQFNc/records/3cd042f2681dd07d66e8a697b539a09a.zip"
},
{
  "url": "https://www.bing.com/images/create/portrait-photo-of-a-female-dog-dressed-in-modern-i/1-657d38d5e9d749b29e5f55d5fb8d8f97?id=uoZy3OfKTZfb5PQcD2OaIw%3d%3d&view=detailv2&idpp=genimg&idpbck=1&form=BICREC",
  "urlHash": "d8a812a87a1a096bff9107018a97ba0d",
  "download": "https://api.apify.com/v2/key-value-stores/LIafbDugXuZCvQFNc/records/d8a812a87a1a096bff9107018a97ba0d.zip"
},
{
  "url": "https://www.bing.com/images/create/portrait-photo-of-a-female-dog-dressed-in-modern-i/1-657d38d5e9d749b29e5f55d5fb8d8f97?id=ppqcrJM6kYDXgEQWzfPLlw%3d%3d&view=detailv2&idpp=genimg&idpbck=1&form=BICREC",
  "urlHash": "74687163615e5967595d8b0230006110",
  "download": "https://api.apify.com/v2/key-value-stores/LIafbDugXuZCvQFNc/records/74687163615e5967595d8b0230006110.zip"
},
{
  "url": "https://www.bing.com/images/create/portrait-photo-of-a-female-dog-dressed-in-modern-i/1-657d38a72e0b4e2281544a148e11e2e5?id=j5SDaVizvtKxqaim791E2w%3d%3d&view=detailv2&idpp=genimg&idpbck=1&form=BICREC",
  "urlHash": "3a857b9e0a710d6cf2998cb2cf8c1f4f",
  "download": "https://api.apify.com/v2/key-value-stores/LIafbDugXuZCvQFNc/records/3a857b9e0a710d6cf2998cb2cf8c1f4f.zip"
},
{
  "url": "https://www.bing.com/images/create/portrait-photo-of-a-female-dog-dressed-in-modern-i/1-657d38d5e9d749b29e5f55d5fb8d8f97?id=Dq%2bPcxFT7qvuDXWW14WtSg%3d%3d&view=detailv2&idpp=genimg&idpbck=1&form=BICREC",
  "urlHash": "342adc801a00718550980d083d3d5740",
  "download": "https://api.apify.com/v2/key-value-stores/LIafbDugXuZCvQFNc/records/342adc801a00718550980d083d3d5740.zip"
},
{
  "url": "https://www.bing.com/images/create/portrait-photo-of-a-female-dog-dressed-in-modern-i/1-657d38a72e0b4e2281544a148e11e2e5?id=AOjcDyKwczsqVZGHJfRsTg%3d%3d&view=detailv2&idpp=genimg&idpbck=1&form=BICREC",
  "urlHash": "65f6be83f39bc4dcff050a380be564bf",
  "download": "https://api.apify.com/v2/key-value-stores/LIafbDugXuZCvQFNc/records/65f6be83f39bc4dcff050a380be564bf.zip"
},
{
  "url": "https://www.bing.com/images/create/portrait-photo-of-a-female-dog-dressed-in-modern-i/1-657d38a72e0b4e2281544a148e11e2e5?id=XagINNqvtpHZ5LHy7mCqrg%3d%3d&view=detailv2&idpp=genimg&idpbck=1&form=BICREC",
  "urlHash": "7388f610aabf32b74a3e3402c0391ca4",
  "download": "https://api.apify.com/v2/key-value-stores/LIafbDugXuZCvQFNc/records/7388f610aabf32b74a3e3402c0391ca4.zip"
},
{
  "url": "https://www.bing.com/images/create/portrait-photo-of-a-female-dog-dressed-in-modern-i/1-657d38a72e0b4e2281544a148e11e2e5?id=Lxe2LJ%2bLwyn01ERqJ5dfpQ%3d%3d&view=detailv2&idpp=genimg&idpbck=1&form=BICREC",
  "urlHash": "bf402d94d79d21405ad453ec04168e72",
  "download": "https://api.apify.com/v2/key-value-stores/LIafbDugXuZCvQFNc/records/bf402d94d79d21405ad453ec04168e72.zip"
},
{
  "url": "https://www.bing.com/images/create/portrait-photo-of-a-female-dog-dressed-in-modern-i/1-657d375191f84988be87681637a06390?id=ocJP%2fhgOvkoghJQv%2fmZvxA%3d%3d&view=detailv2&idpp=genimg&idpbck=1&form=BICREC",
  "urlHash": "91a83cf847d239ab11695f04931e560a",
  "download": "https://api.apify.com/v2/key-value-stores/LIafbDugXuZCvQFNc/records/91a83cf847d239ab11695f04931e560a.zip"
},
{
  "url": "https://www.bing.com/images/create/portrait-photo-of-a-female-dog-dressed-in-modern-i/1-657d375191f84988be87681637a06390?id=SD4mGEzxL%2fiWXJkfEJe7jQ%3d%3d&view=detailv2&idpp=genimg&idpbck=1&form=BICREC",
  "urlHash": "4b3d5f68eb53a84b60cbbf93eb83524c",
  "download": "https://api.apify.com/v2/key-value-stores/LIafbDugXuZCvQFNc/records/4b3d5f68eb53a84b60cbbf93eb83524c.zip"
},
{
  "url": "https://www.bing.com/images/create/portrait-photo-of-a-female-dog-dressed-in-modern-i/1-657d372371b74a1184cd13a4bd1850a7?id=EwyM4kvdWRGDwskdShFG5A%3d%3d&view=detailv2&idpp=genimg&idpbck=1&form=BICREC",
  "urlHash": "f408417711f1c735ac96572cf44220a1",
  "download": "https://api.apify.com/v2/key-value-stores/LIafbDugXuZCvQFNc/records/f408417711f1c735ac96572cf44220a1.zip"
},
{
  "url": "https://www.bing.com/images/create/portrait-photo-of-a-female-dog-dressed-in-modern-i/1-657d372371b74a1184cd13a4bd1850a7?id=ih1rM1Z4WKg63RyHG05TPA%3d%3d&view=detailv2&idpp=genimg&idpbck=1&form=BICREC",
  "urlHash": "1017bbb73ca30b456f0004b0fed24dc1",
  "download": "https://api.apify.com/v2/key-value-stores/LIafbDugXuZCvQFNc/records/1017bbb73ca30b456f0004b0fed24dc1.zip"
},
{
  "url": "https://www.bing.com/images/create/portrait-photo-of-a-female-dog-dressed-in-modern-i/1-657d375191f84988be87681637a06390?id=VQrZ%2b7i3tRod2wBmpQFsVA%3d%3d&view=detailv2&idpp=genimg&idpbck=1&form=BICREC",
  "urlHash": "3bb149f1ed92354507d603f09e99c69f",
  "download": "https://api.apify.com/v2/key-value-stores/LIafbDugXuZCvQFNc/records/3bb149f1ed92354507d603f09e99c69f.zip"
},
{
  "url": "https://www.bing.com/images/create/portrait-photo-of-a-female-dog-dressed-in-modern-i/1-657d375191f84988be87681637a06390?id=tHJiupY7jETcoS6QQfrx7Q%3d%3d&view=detailv2&idpp=genimg&idpbck=1&form=BICREC",
  "urlHash": "7e92c9d3b62b189d871341bd85059b67",
  "download": "https://api.apify.com/v2/key-value-stores/LIafbDugXuZCvQFNc/records/7e92c9d3b62b189d871341bd85059b67.zip"
},
{
  "url": "https://www.bing.com/images/create/portrait-photo-of-a-female-dog-dressed-in-modern-i/1-657d372371b74a1184cd13a4bd1850a7?id=JhCBCHWLLIgUN2ooFEQ14w%3d%3d&view=detailv2&idpp=genimg&idpbck=1&form=BICREC",
  "urlHash": "b67c8ecb6ae022c04d8283edff7593f7",
  "download": "https://api.apify.com/v2/key-value-stores/LIafbDugXuZCvQFNc/records/b67c8ecb6ae022c04d8283edff7593f7.zip"
},
{
  "url": "https://www.bing.com/images/create/portrait-photo-of-a-female-dog-dressed-in-modern-i/1-657d372371b74a1184cd13a4bd1850a7?id=vkFwirXUymn0yi49pvMM0w%3d%3d&view=detailv2&idpp=genimg&idpbck=1&form=BICREC",
  "urlHash": "bb83efd3b729d7ed0e11cd4f02c06eb5",
  "download": "https://api.apify.com/v2/key-value-stores/LIafbDugXuZCvQFNc/records/bb83efd3b729d7ed0e11cd4f02c06eb5.zip"
},
{
  "url": "https://www.bing.com/images/create/portrait-photo-of-a-female-dog-dressed-in-modern-i/1-657d37039a9947a9b4490b343b3c0687?id=TWiq2dYbaHyaVk1kLZcU9w%3d%3d&view=detailv2&idpp=genimg&idpbck=1&form=BICREC",
  "urlHash": "37ac82bcce50d73543e31534825f4412",
  "download": "https://api.apify.com/v2/key-value-stores/LIafbDugXuZCvQFNc/records/37ac82bcce50d73543e31534825f4412.zip"
},
{
  "url": "https://www.bing.com/images/create/portrait-photo-of-a-female-dog-dressed-in-modern-i/1-657d37039a9947a9b4490b343b3c0687?id=araIBuNm5XrD0rGykGYUfw%3d%3d&view=detailv2&idpp=genimg&idpbck=1&form=BICREC",
  "urlHash": "a1603f39c97479e9f3741f24107828f3",
  "download": "https://api.apify.com/v2/key-value-stores/LIafbDugXuZCvQFNc/records/a1603f39c97479e9f3741f24107828f3.zip"
},
{
  "url": "https://www.bing.com/images/create/portrait-photo-of-a-female-dog-dressed-in-modern-i/1-657d37039a9947a9b4490b343b3c0687?id=59YyxzJKzWwBWAQ%2fedhbqQ%3d%3d&view=detailv2&idpp=genimg&idpbck=1&form=BICREC",
  "urlHash": "55eb4a50d25ad7605a32dc7efdc53594",
  "download": "https://api.apify.com/v2/key-value-stores/LIafbDugXuZCvQFNc/records/55eb4a50d25ad7605a32dc7efdc53594.zip"
},
{
  "url": "https://www.bing.com/images/create/portrait-photo-of-a-female-dog-dressed-in-modern-i/1-657d37039a9947a9b4490b343b3c0687?id=d5sMM0MRDFPY7bTUVB%2f%2fWA%3d%3d&view=detailv2&idpp=genimg&idpbck=1&form=BICREC",
  "urlHash": "3e408cdaa19858375e22dc8a5a501ef9",
  "download": "https://api.apify.com/v2/key-value-stores/LIafbDugXuZCvQFNc/records/3e408cdaa19858375e22dc8a5a501ef9.zip"
},
{
  "url": "https://www.bing.com/images/create/portrait-photo-of-a-female-dog-dressed-in-modern-i/1-657d36e88e5647b38d27a94d8d712941?id=OCSOhv%2fXfvYhwOWKdvwOtg%3d%3d&view=detailv2&idpp=genimg&idpbck=1&form=BICREC",
  "urlHash": "68c61eeac18ff35d5766068d0fc6d533",
  "download": "https://api.apify.com/v2/key-value-stores/LIafbDugXuZCvQFNc/records/68c61eeac18ff35d5766068d0fc6d533.zip"
},
{
  "url": "https://www.bing.com/images/create/portrait-photo-of-a-female-dog-dressed-in-modern-i/1-657d36e88e5647b38d27a94d8d712941?id=AZXvKUCxixo1ntmTVOJRnA%3d%3d&view=detailv2&idpp=genimg&idpbck=1&form=BICREC",
  "urlHash": "566262b0bb4e9cd2dabbeff69ae7626c",
  "download": "https://api.apify.com/v2/key-value-stores/LIafbDugXuZCvQFNc/records/566262b0bb4e9cd2dabbeff69ae7626c.zip"
},
{
  "url": "https://www.bing.com/images/create/portrait-photo-of-a-female-dog-dressed-in-modern-i/1-657d36e88e5647b38d27a94d8d712941?id=8Gz7%2fIwqI3oP8t5i4n6kAg%3d%3d&view=detailv2&idpp=genimg&idpbck=1&form=BICREC",
  "urlHash": "783b318334ff6084d6c3f43a3f429427",
  "download": "https://api.apify.com/v2/key-value-stores/LIafbDugXuZCvQFNc/records/783b318334ff6084d6c3f43a3f429427.zip"
},
{
  "url": "https://www.bing.com/images/create/portrait-photo-of-a-female-dog-dressed-in-modern-i/1-657d36e88e5647b38d27a94d8d712941?id=nwT7j2D1X4d2GeUzV%2fBY2w%3d%3d&view=detailv2&idpp=genimg&idpbck=1&form=BICREC",
  "urlHash": "6625cf3e3525718f7cff7315057cc609",
  "download": "https://api.apify.com/v2/key-value-stores/LIafbDugXuZCvQFNc/records/6625cf3e3525718f7cff7315057cc609.zip"
},
{
  "url": "https://www.bing.com/images/create/portrait-photo-of-a-female-dog-dressed-in-modern-i/1-657d369677a5485095056e38ff7137fd?id=dJCpw6J88h%2b76ZdF4JFDFg%3d%3d&view=detailv2&idpp=genimg&idpbck=1&form=BICREC",
  "urlHash": "67f2f61898f585687d362977c1bba302",
  "download": "https://api.apify.com/v2/key-value-stores/LIafbDugXuZCvQFNc/records/67f2f61898f585687d362977c1bba302.zip"
},
{
  "url": "https://www.bing.com/images/create/portrait-photo-of-a-female-dog-dressed-in-modern-i/1-657d369677a5485095056e38ff7137fd?id=pq%2biqRlD9aWpEL4TURHI5A%3d%3d&view=detailv2&idpp=genimg&idpbck=1&form=BICREC",
  "urlHash": "f5b1b5de96c0738fab42e5f82baf9308",
  "download": "https://api.apify.com/v2/key-value-stores/LIafbDugXuZCvQFNc/records/f5b1b5de96c0738fab42e5f82baf9308.zip"
},
{
  "url": "https://www.bing.com/images/create/portrait-photo-of-a-female-dog-dressed-in-modern-i/1-657d367ddd2c443c979cfd66a774f27c?id=RZtTUj4jFgZ%2bHltP2Hq44Q%3d%3d&view=detailv2&idpp=genimg&idpbck=1&form=BICREC",
  "urlHash": "01bf81ff7484a7152bbe4df9c4836bee",
  "download": "https://api.apify.com/v2/key-value-stores/LIafbDugXuZCvQFNc/records/01bf81ff7484a7152bbe4df9c4836bee.zip"
},
{
  "url": "https://www.bing.com/images/create/portrait-photo-of-a-female-dog-dressed-in-modern-i/1-657d369677a5485095056e38ff7137fd?id=Ps45jLk4j%2fhf8fB7O7hd%2fA%3d%3d&view=detailv2&idpp=genimg&idpbck=1&form=BICREC",
  "urlHash": "bce469615fba2b6f8ba3fc7c329e5fa3",
  "download": "https://api.apify.com/v2/key-value-stores/LIafbDugXuZCvQFNc/records/bce469615fba2b6f8ba3fc7c329e5fa3.zip"
},
{
  "url": "https://www.bing.com/images/create/portrait-photo-of-a-female-dog-dressed-in-modern-i/1-657d369677a5485095056e38ff7137fd?id=7babp4nDEd5VlnajnabE9w%3d%3d&view=detailv2&idpp=genimg&idpbck=1&form=BICREC",
  "urlHash": "c0f3bed0cf2ba4460939316b3ef3a5df",
  "download": "https://api.apify.com/v2/key-value-stores/LIafbDugXuZCvQFNc/records/c0f3bed0cf2ba4460939316b3ef3a5df.zip"
},
{
  "url": "https://www.bing.com/images/create/portrait-photo-of-a-female-dog-dressed-in-modern-i/1-657d367ddd2c443c979cfd66a774f27c?id=xrYkLbi3%2f%2f1zgAzjpkyuaw%3d%3d&view=detailv2&idpp=genimg&idpbck=1&form=BICREC",
  "urlHash": "b91a24d859cec9289e3699c971b0eb6f",
  "download": "https://api.apify.com/v2/key-value-stores/LIafbDugXuZCvQFNc/records/b91a24d859cec9289e3699c971b0eb6f.zip"
},
{
  "url": "https://www.bing.com/images/create/portrait-photo-of-a-female-dog-dressed-in-modern-i/1-657d3664485343508fd5cd8aee7c56f4?id=oUXLSw61VgRTIz%2bPqBGFtQ%3d%3d&view=detailv2&idpp=genimg&idpbck=1&form=BICREC",
  "urlHash": "5c3d72a7fd278d35f25e91635f6e823a",
  "download": "https://api.apify.com/v2/key-value-stores/LIafbDugXuZCvQFNc/records/5c3d72a7fd278d35f25e91635f6e823a.zip"
},
{
  "url": "https://www.bing.com/images/create/portrait-photo-of-a-female-dog-dressed-in-modern-i/1-657d367ddd2c443c979cfd66a774f27c?id=fGnNDQn%2fYVYhPgJZQwEBJQ%3d%3d&view=detailv2&idpp=genimg&idpbck=1&form=BICREC",
  "urlHash": "d91cd6dab9b0ab135fe2dac2642d1391",
  "download": "https://api.apify.com/v2/key-value-stores/LIafbDugXuZCvQFNc/records/d91cd6dab9b0ab135fe2dac2642d1391.zip"
},
{
  "url": "https://www.bing.com/images/create/portrait-photo-of-a-female-dog-dressed-in-modern-i/1-657d367ddd2c443c979cfd66a774f27c?id=eemhXTfgyiwf21ESCDXqHw%3d%3d&view=detailv2&idpp=genimg&idpbck=1&form=BICREC",
  "urlHash": "0ccc4990a74f304dcf4ce1c1ec5e9c80",
  "download": "https://api.apify.com/v2/key-value-stores/LIafbDugXuZCvQFNc/records/0ccc4990a74f304dcf4ce1c1ec5e9c80.zip"
},
{
  "url": "https://www.bing.com/images/create/portrait-photo-of-a-female-dog-dressed-in-modern-i/1-657d3664485343508fd5cd8aee7c56f4?id=m903ByCNcsSAkmVrOW9iWg%3d%3d&view=detailv2&idpp=genimg&idpbck=1&form=BICREC",
  "urlHash": "7a85b0a68142cfd667722c83f5420243",
  "download": "https://api.apify.com/v2/key-value-stores/LIafbDugXuZCvQFNc/records/7a85b0a68142cfd667722c83f5420243.zip"
},
{
  "url": "https://www.bing.com/images/create/portrait-photo-of-a-female-dog-dressed-in-modern-i/1-657d3664485343508fd5cd8aee7c56f4?id=Hry9Z0ej51179VIZem%2bS8A%3d%3d&view=detailv2&idpp=genimg&idpbck=1&form=BICREC",
  "urlHash": "5abd500aceb98b68f42d8dd928a638f0",
  "download": "https://api.apify.com/v2/key-value-stores/LIafbDugXuZCvQFNc/records/5abd500aceb98b68f42d8dd928a638f0.zip"
},
{
  "url": "https://www.bing.com/images/create/portrait-photo-of-a-female-dog-dressed-in-modern-i/1-657d3664485343508fd5cd8aee7c56f4?id=bCE%2fZFpULlOBFozUihk7lA%3d%3d&view=detailv2&idpp=genimg&idpbck=1&form=BICREC",
  "urlHash": "495e9f89976b1c9df23ddbe0636e1e7c",
  "download": "https://api.apify.com/v2/key-value-stores/LIafbDugXuZCvQFNc/records/495e9f89976b1c9df23ddbe0636e1e7c.zip"
},
{
  "url": "https://www.bing.com/images/create/portrait-photo-of-a-female-dog-dressed-in-modern-i/1-657d363be6564351a844b633012d6305?id=hl9ejMMWnomaTXwvHL0BIQ%3d%3d&view=detailv2&idpp=genimg&idpbck=1&form=BICREC",
  "urlHash": "f73f108e3e9abaa91348aa042c8cf7ce",
  "download": "https://api.apify.com/v2/key-value-stores/LIafbDugXuZCvQFNc/records/f73f108e3e9abaa91348aa042c8cf7ce.zip"
},
{
  "url": "https://www.bing.com/images/create/portrait-photo-of-a-female-dog-dressed-in-modern-i/1-657d363be6564351a844b633012d6305?id=1cVRHdKxiWVebvJG4zGDrg%3d%3d&view=detailv2&idpp=genimg&idpbck=1&form=BICREC",
  "urlHash": "ae5d6caf3001b8ce7cfdf46acb430135",
  "download": "https://api.apify.com/v2/key-value-stores/LIafbDugXuZCvQFNc/records/ae5d6caf3001b8ce7cfdf46acb430135.zip"
},
{
  "url": "https://www.bing.com/images/create/portrait-photo-of-a-female-dog-dressed-in-modern-i/1-657d363be6564351a844b633012d6305?id=zdwt8%2b28JGErpzp6fyB6Jw%3d%3d&view=detailv2&idpp=genimg&idpbck=1&form=BICREC",
  "urlHash": "1f6ed38709a0eaae6770b7a6403a1941",
  "download": "https://api.apify.com/v2/key-value-stores/LIafbDugXuZCvQFNc/records/1f6ed38709a0eaae6770b7a6403a1941.zip"
},
{
  "url": "https://www.bing.com/images/create/portrait-photo-of-a-female-dog-dressed-in-modern-i/1-657d363be6564351a844b633012d6305?id=s1dx%2bIpfwrgNRax8HVTU6w%3d%3d&view=detailv2&idpp=genimg&idpbck=1&form=BICREC",
  "urlHash": "f0a85e9077c81d4ab156c177576f9134",
  "download": "https://api.apify.com/v2/key-value-stores/LIafbDugXuZCvQFNc/records/f0a85e9077c81d4ab156c177576f9134.zip"
},
{
  "url": "https://www.bing.com/images/create/portrait-photo-of-a-female-dog-dressed-in-modern-i/1-657d3885d261485b82e580d921955454?id=g0BSlheHIj2pbh2uw8kxSg%3d%3d&view=detailv2&idpp=genimg&idpbck=1&form=BICREC",
  "urlHash": "42f5aebb0a3f5024c61e19c6adeed63f",
  "download": "https://api.apify.com/v2/key-value-stores/LIafbDugXuZCvQFNc/records/42f5aebb0a3f5024c61e19c6adeed63f.zip"
},
{
  "url": "https://www.bing.com/images/create/portrait-photo-of-a-female-dog-dressed-in-modern-i/1-657d3885d261485b82e580d921955454?id=znh0JZb5IWdDs2UwUwF55g%3d%3d&view=detailv2&idpp=genimg&idpbck=1&form=BICREC",
  "urlHash": "9660231134ffc31a8cd8ca333a790bf7",
  "download": "https://api.apify.com/v2/key-value-stores/LIafbDugXuZCvQFNc/records/9660231134ffc31a8cd8ca333a790bf7.zip"
},
{
  "url": "https://www.bing.com/images/create/portrait-photo-of-a-female-dog-dressed-in-modern-i/1-657d3885d261485b82e580d921955454?id=tcXGtU%2fkyMyY6czmYR4dNg%3d%3d&view=detailv2&idpp=genimg&idpbck=1&form=BICREC",
  "urlHash": "c4426a36f55db8777f4b68b5e519992c",
  "download": "https://api.apify.com/v2/key-value-stores/LIafbDugXuZCvQFNc/records/c4426a36f55db8777f4b68b5e519992c.zip"
},
{
  "url": "https://www.bing.com/images/create/portrait-photo-of-a-female-dog-dressed-in-modern-i/1-657d3885d261485b82e580d921955454?id=CeQphuKD5%2fwyZ2P3%2f1xIbA%3d%3d&view=detailv2&idpp=genimg&idpbck=1&form=BICREC",
  "urlHash": "478d8677b6faf97e44b7b2d861d9e758",
  "download": "https://api.apify.com/v2/key-value-stores/LIafbDugXuZCvQFNc/records/478d8677b6faf97e44b7b2d861d9e758.zip"
},
{
  "url": "https://www.bing.com/images/create/portrait-photo-of-a-female-dog-dressed-in-modern-i/1-657d385d1b0748218eef3eb56e270320?id=pJrmIJQIMz8r%2fJiDdCAXrw%3d%3d&view=detailv2&idpp=genimg&idpbck=1&form=BICREC",
  "urlHash": "8d44e81924bfe50b1eb7178b84354112",
  "download": "https://api.apify.com/v2/key-value-stores/LIafbDugXuZCvQFNc/records/8d44e81924bfe50b1eb7178b84354112.zip"
},
{
  "url": "https://www.bing.com/images/create/portrait-photo-of-a-female-dog-dressed-in-modern-i/1-657d385d1b0748218eef3eb56e270320?id=uJLlqpeDl2j0gnzNx8A4ew%3d%3d&view=detailv2&idpp=genimg&idpbck=1&form=BICREC",
  "urlHash": "84208fa3cd0064a350e33eb82e840931",
  "download": "https://api.apify.com/v2/key-value-stores/LIafbDugXuZCvQFNc/records/84208fa3cd0064a350e33eb82e840931.zip"
},
{
  "url": "https://www.bing.com/images/create/portrait-photo-of-a-female-dog-dressed-in-modern-i/1-657d385d1b0748218eef3eb56e270320?id=H%2fFuEAx3OD41yTe3NRgCSA%3d%3d&view=detailv2&idpp=genimg&idpbck=1&form=BICREC",
  "urlHash": "28572d37eff7d9c1d0b3c4b45d9ee91f",
  "download": "https://api.apify.com/v2/key-value-stores/LIafbDugXuZCvQFNc/records/28572d37eff7d9c1d0b3c4b45d9ee91f.zip"
},
{
  "url": "https://www.bing.com/images/create/portrait-photo-of-a-female-dog-dressed-in-modern-i/1-657d385d1b0748218eef3eb56e270320?id=TVw%2bBNfb70QDfp5z0dkzHQ%3d%3d&view=detailv2&idpp=genimg&idpbck=1&form=BICREC",
  "urlHash": "c8b1b7096aa1104a8f37b99348a52fc4",
  "download": "https://api.apify.com/v2/key-value-stores/LIafbDugXuZCvQFNc/records/c8b1b7096aa1104a8f37b99348a52fc4.zip"
},
{
  "url": "https://www.bing.com/images/create/portrait-photo-of-a-female-dog-dressed-in-modern-i/1-657d3839db1a4565b052b5f94bb6d606?id=9NSsPJZKZS3%2bqpPY%2b9GH7g%3d%3d&view=detailv2&idpp=genimg&idpbck=1&form=BICREC",
  "urlHash": "084bcf68c1ab7f6bf08f70116ee71772",
  "download": "https://api.apify.com/v2/key-value-stores/LIafbDugXuZCvQFNc/records/084bcf68c1ab7f6bf08f70116ee71772.zip"
},
{
  "url": "https://www.bing.com/images/create/portrait-photo-of-a-female-dog-dressed-in-modern-i/1-657d3839db1a4565b052b5f94bb6d606?id=TElbBR%2b%2fPCWlETYI1Fkxtg%3d%3d&view=detailv2&idpp=genimg&idpbck=1&form=BICREC",
  "urlHash": "9d643abd2de9f4b1aebae602febfc7bc",
  "download": "https://api.apify.com/v2/key-value-stores/LIafbDugXuZCvQFNc/records/9d643abd2de9f4b1aebae602febfc7bc.zip"
},
{
  "url": "https://www.bing.com/images/create/portrait-photo-of-a-female-dog-dressed-in-modern-i/1-657d3839db1a4565b052b5f94bb6d606?id=tw00XMydxhy%2fd89lV0D28w%3d%3d&view=detailv2&idpp=genimg&idpbck=1&form=BICREC",
  "urlHash": "1fe7e3b7f530fa027eea02d5048dfbd7",
  "download": "https://api.apify.com/v2/key-value-stores/LIafbDugXuZCvQFNc/records/1fe7e3b7f530fa027eea02d5048dfbd7.zip"
},
{
  "url": "https://www.bing.com/images/create/portrait-photo-of-a-female-dog-dressed-in-modern-i/1-657d3803d14946008397084889252ec7?id=po18Oc7AA%2fDwk1XMux0Emg%3d%3d&view=detailv2&idpp=genimg&idpbck=1&form=BICREC",
  "urlHash": "9827bcff77d0b5fec57d9ae833f42279",
  "download": "https://api.apify.com/v2/key-value-stores/LIafbDugXuZCvQFNc/records/9827bcff77d0b5fec57d9ae833f42279.zip"
},
{
  "url": "https://www.bing.com/images/create/portrait-photo-of-a-female-dog-dressed-in-modern-i/1-657d3803d14946008397084889252ec7?id=0R3pFlgyBY48IFt1SJu23Q%3d%3d&view=detailv2&idpp=genimg&idpbck=1&form=BICREC",
  "urlHash": "0120d614e3816edd6437fc36025c93f5",
  "download": "https://api.apify.com/v2/key-value-stores/LIafbDugXuZCvQFNc/records/0120d614e3816edd6437fc36025c93f5.zip"
},
{
  "url": "https://www.bing.com/images/create/portrait-photo-of-a-female-dog-dressed-in-modern-i/1-657d3839db1a4565b052b5f94bb6d606?id=IkZBqcr2I0Te%2fNtYBKkm%2fg%3d%3d&view=detailv2&idpp=genimg&idpbck=1&form=BICREC",
  "urlHash": "4b966ada2545a987b25541dab2f9e349",
  "download": "https://api.apify.com/v2/key-value-stores/LIafbDugXuZCvQFNc/records/4b966ada2545a987b25541dab2f9e349.zip"
},
{
  "url": "https://www.bing.com/images/create/portrait-photo-of-a-female-dog-dressed-in-modern-i/1-657d3803d14946008397084889252ec7?id=ctPOBOklPWh3vF4tnJJ0cQ%3d%3d&view=detailv2&idpp=genimg&idpbck=1&form=BICREC",
  "urlHash": "c979f026742e4c90e1dd84af1584e1ca",
  "download": "https://api.apify.com/v2/key-value-stores/LIafbDugXuZCvQFNc/records/c979f026742e4c90e1dd84af1584e1ca.zip"
},
{
  "url": "https://www.bing.com/images/create/portrait-photo-of-a-female-dog-dressed-in-modern-i/1-657d3803d14946008397084889252ec7?id=%2bmYPFXgR403nwFYVCksH6Q%3d%3d&view=detailv2&idpp=genimg&idpbck=1&form=BICREC",
  "urlHash": "ed600d3da17389862d7f7052141d98f9",
  "download": "https://api.apify.com/v2/key-value-stores/LIafbDugXuZCvQFNc/records/ed600d3da17389862d7f7052141d98f9.zip"
}]