[{
  "url": "https://www.bing.com/images/create/portrait-photo-of-a-female-cat-dressed-in-modern-i/1-65802e0942f8489392dc5ed31ab91357?id=lFMaCw2wSqQknCRaU6KaeA%3d%3d&view=detailv2&idpp=genimg&idpbck=1&form=BICREC",
  "urlHash": "0cf332e89aafd6a2a2ac075762bbd684",
  "download": "https://api.apify.com/v2/key-value-stores/D9IkLmpPckoemLe5m/records/0cf332e89aafd6a2a2ac075762bbd684.zip"
},
{
  "url": "https://www.bing.com/images/create/portrait-photo-of-a-female-cat-dressed-in-modern-i/1-65802e0942f8489392dc5ed31ab91357?id=VXtlO3W48wG0Yqr%2fqUw%2fUg%3d%3d&view=detailv2&idpp=genimg&idpbck=1&form=BICREC",
  "urlHash": "0b0c1d4758096fd704abd001eb020921",
  "download": "https://api.apify.com/v2/key-value-stores/D9IkLmpPckoemLe5m/records/0b0c1d4758096fd704abd001eb020921.zip"
},
{
  "url": "https://www.bing.com/images/create/portrait-photo-of-a-female-cat-dressed-in-modern-i/1-65802e0942f8489392dc5ed31ab91357?id=HQxrzi5hqNDinEFrvrvupA%3d%3d&view=detailv2&idpp=genimg&idpbck=1&form=BICREC",
  "urlHash": "f8f695a48ab01bd1de4cb611bfa9e9aa",
  "download": "https://api.apify.com/v2/key-value-stores/D9IkLmpPckoemLe5m/records/f8f695a48ab01bd1de4cb611bfa9e9aa.zip"
},
{
  "url": "https://www.bing.com/images/create/portrait-photo-of-a-female-cat-dressed-in-modern-i/1-65802e0942f8489392dc5ed31ab91357?id=XYYz07nIsIirWe9TgWT2Sg%3d%3d&view=detailv2&idpp=genimg&idpbck=1&form=BICREC",
  "urlHash": "95b8f9c096d9d1adacc4f0e9fec242eb",
  "download": "https://api.apify.com/v2/key-value-stores/D9IkLmpPckoemLe5m/records/95b8f9c096d9d1adacc4f0e9fec242eb.zip"
},
{
  "url": "https://www.bing.com/images/create/portrait-photo-of-a-female-cat-dressed-in-modern-i/1-65802de0194d4777bf6fb1ff8e719172?id=qLMHoQ%2fJXv%2bdMwcL6O06aA%3d%3d&view=detailv2&idpp=genimg&idpbck=1&form=BICREC",
  "urlHash": "0a6f2e58dcd0d813a2de5b7d3f346002",
  "download": "https://api.apify.com/v2/key-value-stores/D9IkLmpPckoemLe5m/records/0a6f2e58dcd0d813a2de5b7d3f346002.zip"
},
{
  "url": "https://www.bing.com/images/create/portrait-photo-of-a-female-cat-dressed-in-modern-i/1-65802de0194d4777bf6fb1ff8e719172?id=9OIvG6fajS9PGopHtBk%2fRg%3d%3d&view=detailv2&idpp=genimg&idpbck=1&form=BICREC",
  "urlHash": "695d070f9d1aeae03906c90108e509b7",
  "download": "https://api.apify.com/v2/key-value-stores/D9IkLmpPckoemLe5m/records/695d070f9d1aeae03906c90108e509b7.zip"
},
{
  "url": "https://www.bing.com/images/create/portrait-photo-of-a-female-cat-dressed-in-modern-i/1-65802de0194d4777bf6fb1ff8e719172?id=CezAx6zBz2Y%2fjfSJl%2bH%2bog%3d%3d&view=detailv2&idpp=genimg&idpbck=1&form=BICREC",
  "urlHash": "a04ad5730f664ece58f2ac994c277509",
  "download": "https://api.apify.com/v2/key-value-stores/D9IkLmpPckoemLe5m/records/a04ad5730f664ece58f2ac994c277509.zip"
},
{
  "url": "https://www.bing.com/images/create/portrait-photo-of-a-female-cat-dressed-in-modern-i/1-65802dc4b0254f6ba9d71f57a571021e?id=on%2bD8tkX65J31u2o4C%2bRkw%3d%3d&view=detailv2&idpp=genimg&idpbck=1&form=BICREC",
  "urlHash": "41c7bfeb1c641284f672113088e74366",
  "download": "https://api.apify.com/v2/key-value-stores/D9IkLmpPckoemLe5m/records/41c7bfeb1c641284f672113088e74366.zip"
},
{
  "url": "https://www.bing.com/images/create/portrait-photo-of-a-female-cat-dressed-in-modern-i/1-65802de0194d4777bf6fb1ff8e719172?id=xOHabwrBV5617brCDzm90g%3d%3d&view=detailv2&idpp=genimg&idpbck=1&form=BICREC",
  "urlHash": "40585ab9cfcc7efec90d52c37dd74585",
  "download": "https://api.apify.com/v2/key-value-stores/D9IkLmpPckoemLe5m/records/40585ab9cfcc7efec90d52c37dd74585.zip"
},
{
  "url": "https://www.bing.com/images/create/portrait-photo-of-a-female-cat-dressed-in-modern-i/1-65802dc4b0254f6ba9d71f57a571021e?id=1uq3xGcI13PqK%2f0KbEPBiA%3d%3d&view=detailv2&idpp=genimg&idpbck=1&form=BICREC",
  "urlHash": "08897f3a2fa892d2bf4cec46f0372897",
  "download": "https://api.apify.com/v2/key-value-stores/D9IkLmpPckoemLe5m/records/08897f3a2fa892d2bf4cec46f0372897.zip"
},
{
  "url": "https://www.bing.com/images/create/portrait-photo-of-a-female-cat-dressed-in-modern-i/1-65802dc4b0254f6ba9d71f57a571021e?id=QdHAbaEOsMnvHtVig8BcOQ%3d%3d&view=detailv2&idpp=genimg&idpbck=1&form=BICREC",
  "urlHash": "67c5974c7be6b8f0af33c17c1f0ce91a",
  "download": "https://api.apify.com/v2/key-value-stores/D9IkLmpPckoemLe5m/records/67c5974c7be6b8f0af33c17c1f0ce91a.zip"
},
{
  "url": "https://www.bing.com/images/create/portrait-photo-of-a-female-cat-dressed-in-modern-i/1-65802dc4b0254f6ba9d71f57a571021e?id=pITwSpPAC6TDcurL78J15w%3d%3d&view=detailv2&idpp=genimg&idpbck=1&form=BICREC",
  "urlHash": "03f29e77c082ae426686d57529e894ad",
  "download": "https://api.apify.com/v2/key-value-stores/D9IkLmpPckoemLe5m/records/03f29e77c082ae426686d57529e894ad.zip"
},
{
  "url": "https://www.bing.com/images/create/portrait-photo-of-a-female-cat-dressed-in-modern-i/1-65802da899c0423d98c262972888131b?id=ZC1dHfrV%2flu6WlSQBdW0sQ%3d%3d&view=detailv2&idpp=genimg&idpbck=1&form=BICREC",
  "urlHash": "e5f8b5c57116148c26e2ad2f94eaa238",
  "download": "https://api.apify.com/v2/key-value-stores/D9IkLmpPckoemLe5m/records/e5f8b5c57116148c26e2ad2f94eaa238.zip"
},
{
  "url": "https://www.bing.com/images/create/portrait-photo-of-a-female-cat-dressed-in-modern-i/1-65802da899c0423d98c262972888131b?id=86O99htrrYZv%2fKsxoXISGQ%3d%3d&view=detailv2&idpp=genimg&idpbck=1&form=BICREC",
  "urlHash": "2a85b568b6c7560570d011166d42b8f5",
  "download": "https://api.apify.com/v2/key-value-stores/D9IkLmpPckoemLe5m/records/2a85b568b6c7560570d011166d42b8f5.zip"
},
{
  "url": "https://www.bing.com/images/create/portrait-photo-of-a-female-cat-dressed-in-modern-i/1-65802da899c0423d98c262972888131b?id=d9lZC9uhU4pjmAu7z7viIg%3d%3d&view=detailv2&idpp=genimg&idpbck=1&form=BICREC",
  "urlHash": "df4623f8d5964180f4da220067fc5509",
  "download": "https://api.apify.com/v2/key-value-stores/D9IkLmpPckoemLe5m/records/df4623f8d5964180f4da220067fc5509.zip"
},
{
  "url": "https://www.bing.com/images/create/portrait-photo-of-a-female-cat-dressed-in-modern-i/1-65802da899c0423d98c262972888131b?id=bueOLHNcwNA%2bdKJTMLI4DA%3d%3d&view=detailv2&idpp=genimg&idpbck=1&form=BICREC",
  "urlHash": "fda04dce2bf0f7da15881856e6cc11aa",
  "download": "https://api.apify.com/v2/key-value-stores/D9IkLmpPckoemLe5m/records/fda04dce2bf0f7da15881856e6cc11aa.zip"
},
{
  "url": "https://www.bing.com/images/create/portrait-photo-of-a-female-cat-dressed-in-modern-i/1-65802d95b94f40cfa9f982f6383395b3?id=AlT6FsWt67WEzkH%2bzxf6eg%3d%3d&view=detailv2&idpp=genimg&idpbck=1&form=BICREC",
  "urlHash": "aa533ba41a804289ee2ddcf7b4a1d8b0",
  "download": "https://api.apify.com/v2/key-value-stores/D9IkLmpPckoemLe5m/records/aa533ba41a804289ee2ddcf7b4a1d8b0.zip"
},
{
  "url": "https://www.bing.com/images/create/portrait-photo-of-a-female-cat-dressed-in-modern-i/1-65802d95b94f40cfa9f982f6383395b3?id=Afv8y6UZ%2bJ4FK65DnN2gpg%3d%3d&view=detailv2&idpp=genimg&idpbck=1&form=BICREC",
  "urlHash": "f78a2673f53785f93e12319bdb511fa9",
  "download": "https://api.apify.com/v2/key-value-stores/D9IkLmpPckoemLe5m/records/f78a2673f53785f93e12319bdb511fa9.zip"
},
{
  "url": "https://www.bing.com/images/create/portrait-photo-of-a-female-cat-dressed-in-modern-i/1-65802d95b94f40cfa9f982f6383395b3?id=%2bGWANduRP6nUnDsIYqTCng%3d%3d&view=detailv2&idpp=genimg&idpbck=1&form=BICREC",
  "urlHash": "04019a3099f346dfbbdc3dae5eebd068",
  "download": "https://api.apify.com/v2/key-value-stores/D9IkLmpPckoemLe5m/records/04019a3099f346dfbbdc3dae5eebd068.zip"
},
{
  "url": "https://www.bing.com/images/create/portrait-photo-of-a-female-cat-dressed-in-modern-i/1-65802d95b94f40cfa9f982f6383395b3?id=7vEcb1BKMuQ5JCEZVUo3yg%3d%3d&view=detailv2&idpp=genimg&idpbck=1&form=BICREC",
  "urlHash": "15cb13e42e10ae3166ba6f3d7e7e5780",
  "download": "https://api.apify.com/v2/key-value-stores/D9IkLmpPckoemLe5m/records/15cb13e42e10ae3166ba6f3d7e7e5780.zip"
},
{
  "url": "https://www.bing.com/images/create/portrait-photo-of-a-female-cat-dressed-in-modern-i/1-65802d76dc6f4a26a37a1faff5b00422?id=51eB6sV42V2%2fp5ZV40sB%2fw%3d%3d&view=detailv2&idpp=genimg&idpbck=1&form=BICREC",
  "urlHash": "0ec060c10e46c2558b4d707fe25f2f7d",
  "download": "https://api.apify.com/v2/key-value-stores/D9IkLmpPckoemLe5m/records/0ec060c10e46c2558b4d707fe25f2f7d.zip"
},
{
  "url": "https://www.bing.com/images/create/portrait-photo-of-a-female-cat-dressed-in-modern-i/1-65802d76dc6f4a26a37a1faff5b00422?id=gKMQW5EUcF4%2ba5Bkqm4n6g%3d%3d&view=detailv2&idpp=genimg&idpbck=1&form=BICREC",
  "urlHash": "3a492947036e4479e26b396788e59d95",
  "download": "https://api.apify.com/v2/key-value-stores/D9IkLmpPckoemLe5m/records/3a492947036e4479e26b396788e59d95.zip"
},
{
  "url": "https://www.bing.com/images/create/portrait-photo-of-a-female-cat-dressed-in-modern-i/1-65802d76dc6f4a26a37a1faff5b00422?id=tZirATp6poq0TolqQe6Qow%3d%3d&view=detailv2&idpp=genimg&idpbck=1&form=BICREC",
  "urlHash": "45a84d97e4c871c18105deed0f47c7df",
  "download": "https://api.apify.com/v2/key-value-stores/D9IkLmpPckoemLe5m/records/45a84d97e4c871c18105deed0f47c7df.zip"
},
{
  "url": "https://www.bing.com/images/create/portrait-photo-of-a-female-cat-dressed-in-modern-i/1-65802d76dc6f4a26a37a1faff5b00422?id=9AjfcEiqfs5xIcQidIfZxA%3d%3d&view=detailv2&idpp=genimg&idpbck=1&form=BICREC",
  "urlHash": "7d0dd12e6067e021b52ea3e53cf35634",
  "download": "https://api.apify.com/v2/key-value-stores/D9IkLmpPckoemLe5m/records/7d0dd12e6067e021b52ea3e53cf35634.zip"
},
{
  "url": "https://www.bing.com/images/create/portrait-photo-of-a-female-cat-dressed-in-modern-i/1-65802d57655a442fbb1f9de42c1d3035?id=OytixzMnHCUBmHW7uXC18w%3d%3d&view=detailv2&idpp=genimg&idpbck=1&form=BICREC",
  "urlHash": "99e1ba77d688d9dfcb735e9a94334b92",
  "download": "https://api.apify.com/v2/key-value-stores/D9IkLmpPckoemLe5m/records/99e1ba77d688d9dfcb735e9a94334b92.zip"
},
{
  "url": "https://www.bing.com/images/create/portrait-photo-of-a-female-cat-dressed-in-modern-i/1-65802d57655a442fbb1f9de42c1d3035?id=0FMdKk8JzCPzf11hVayk8Q%3d%3d&view=detailv2&idpp=genimg&idpbck=1&form=BICREC",
  "urlHash": "2d9e7dba2067432a13bb0ac432eb450f",
  "download": "https://api.apify.com/v2/key-value-stores/D9IkLmpPckoemLe5m/records/2d9e7dba2067432a13bb0ac432eb450f.zip"
},
{
  "url": "https://www.bing.com/images/create/portrait-photo-of-a-female-cat-dressed-in-modern-i/1-65802d57655a442fbb1f9de42c1d3035?id=6QXUSiuRMSLlWhtMnMKNBQ%3d%3d&view=detailv2&idpp=genimg&idpbck=1&form=BICREC",
  "urlHash": "413c4861b00a4e3a00ec40a85e74fc70",
  "download": "https://api.apify.com/v2/key-value-stores/D9IkLmpPckoemLe5m/records/413c4861b00a4e3a00ec40a85e74fc70.zip"
},
{
  "url": "https://www.bing.com/images/create/portrait-photo-of-a-female-cat-dressed-in-modern-i/1-65802d282f934514bffed7fdf8dc8090?id=EEzYK686uA3%2f6GxsGZ6HiQ%3d%3d&view=detailv2&idpp=genimg&idpbck=1&form=BICREC",
  "urlHash": "ff9dd1585329619d5fae4dc9f9db3c5b",
  "download": "https://api.apify.com/v2/key-value-stores/D9IkLmpPckoemLe5m/records/ff9dd1585329619d5fae4dc9f9db3c5b.zip"
},
{
  "url": "https://www.bing.com/images/create/portrait-photo-of-a-female-cat-dressed-in-modern-i/1-65802d57655a442fbb1f9de42c1d3035?id=sNb2SoVwM7gy52ZV7mblxA%3d%3d&view=detailv2&idpp=genimg&idpbck=1&form=BICREC",
  "urlHash": "939b23289fecde5ad11abb93cbd5ff6c",
  "download": "https://api.apify.com/v2/key-value-stores/D9IkLmpPckoemLe5m/records/939b23289fecde5ad11abb93cbd5ff6c.zip"
},
{
  "url": "https://www.bing.com/images/create/portrait-photo-of-a-female-cat-dressed-in-modern-i/1-65802d282f934514bffed7fdf8dc8090?id=SiZtXu1hLZZMo6F9Nn9Heg%3d%3d&view=detailv2&idpp=genimg&idpbck=1&form=BICREC",
  "urlHash": "082fec0982e7082f6ea79e4fdcee6efc",
  "download": "https://api.apify.com/v2/key-value-stores/D9IkLmpPckoemLe5m/records/082fec0982e7082f6ea79e4fdcee6efc.zip"
},
{
  "url": "https://www.bing.com/images/create/portrait-photo-of-a-female-cat-dressed-in-modern-i/1-65802d282f934514bffed7fdf8dc8090?id=ShMaKmzwI%2fkSeEpgo6NV5A%3d%3d&view=detailv2&idpp=genimg&idpbck=1&form=BICREC",
  "urlHash": "feae19b470c53c377f299efd4ddb939b",
  "download": "https://api.apify.com/v2/key-value-stores/D9IkLmpPckoemLe5m/records/feae19b470c53c377f299efd4ddb939b.zip"
},
{
  "url": "https://www.bing.com/images/create/portrait-photo-of-a-female-cat-dressed-in-modern-i/1-65802d07bc584227b6dd0817327d6bac?id=PDtLLN91t4jdVj3jz7THqg%3d%3d&view=detailv2&idpp=genimg&idpbck=1&form=BICREC",
  "urlHash": "1b19d812c4b661cc1ec1d706edb99aff",
  "download": "https://api.apify.com/v2/key-value-stores/D9IkLmpPckoemLe5m/records/1b19d812c4b661cc1ec1d706edb99aff.zip"
},
{
  "url": "https://www.bing.com/images/create/portrait-photo-of-a-female-cat-dressed-in-modern-i/1-65802d07bc584227b6dd0817327d6bac?id=x234zbQ1Z%2bRNp9w5AJT5kg%3d%3d&view=detailv2&idpp=genimg&idpbck=1&form=BICREC",
  "urlHash": "25785cc657e594841e0254695f073253",
  "download": "https://api.apify.com/v2/key-value-stores/D9IkLmpPckoemLe5m/records/25785cc657e594841e0254695f073253.zip"
},
{
  "url": "https://www.bing.com/images/create/portrait-photo-of-a-female-cat-dressed-in-modern-i/1-65802d282f934514bffed7fdf8dc8090?id=Ek6ex8fpX%2fqbTRZ9qMnbCQ%3d%3d&view=detailv2&idpp=genimg&idpbck=1&form=BICREC",
  "urlHash": "1e87e2d4c7a6f2138fa51dea4e451f2a",
  "download": "https://api.apify.com/v2/key-value-stores/D9IkLmpPckoemLe5m/records/1e87e2d4c7a6f2138fa51dea4e451f2a.zip"
},
{
  "url": "https://www.bing.com/images/create/portrait-photo-of-a-female-cat-dressed-in-modern-i/1-65802d07bc584227b6dd0817327d6bac?id=qC4Fcvr65MixzqZj6SwrOg%3d%3d&view=detailv2&idpp=genimg&idpbck=1&form=BICREC",
  "urlHash": "cc1ba8b3b051756a515e7276f1b30be3",
  "download": "https://api.apify.com/v2/key-value-stores/D9IkLmpPckoemLe5m/records/cc1ba8b3b051756a515e7276f1b30be3.zip"
},
{
  "url": "https://www.bing.com/images/create/portrait-photo-of-a-female-cat-dressed-in-modern-i/1-65802d07bc584227b6dd0817327d6bac?id=TAQIFvVssrfzgODXWgabQA%3d%3d&view=detailv2&idpp=genimg&idpbck=1&form=BICREC",
  "urlHash": "5c0c9bb18453b6331d54efcaf518806c",
  "download": "https://api.apify.com/v2/key-value-stores/D9IkLmpPckoemLe5m/records/5c0c9bb18453b6331d54efcaf518806c.zip"
},
{
  "url": "https://www.bing.com/images/create/portrait-photo-of-a-female-cat-dressed-in-modern-i/1-65802ce880814bb8aca0a1a50a27b9d8?id=iE4ZHuLkMFgGE15oAmdbkw%3d%3d&view=detailv2&idpp=genimg&idpbck=1&form=BICREC",
  "urlHash": "fea110691a4f13edf23b9330add5e9fe",
  "download": "https://api.apify.com/v2/key-value-stores/D9IkLmpPckoemLe5m/records/fea110691a4f13edf23b9330add5e9fe.zip"
},
{
  "url": "https://www.bing.com/images/create/portrait-photo-of-a-female-cat-dressed-in-modern-i/1-65802ce880814bb8aca0a1a50a27b9d8?id=WqWV8kuM7e%2bdlEMq8fbzAQ%3d%3d&view=detailv2&idpp=genimg&idpbck=1&form=BICREC",
  "urlHash": "d8a1723faf239b14f623642d0bfb52ab",
  "download": "https://api.apify.com/v2/key-value-stores/D9IkLmpPckoemLe5m/records/d8a1723faf239b14f623642d0bfb52ab.zip"
},
{
  "url": "https://www.bing.com/images/create/portrait-photo-of-a-female-cat-dressed-in-modern-i/1-65802ce880814bb8aca0a1a50a27b9d8?id=%2faVxQsAdacjeS5ECLAlsWQ%3d%3d&view=detailv2&idpp=genimg&idpbck=1&form=BICREC",
  "urlHash": "9b5870ca71dc6d5d36da0dba21587b2e",
  "download": "https://api.apify.com/v2/key-value-stores/D9IkLmpPckoemLe5m/records/9b5870ca71dc6d5d36da0dba21587b2e.zip"
},
{
  "url": "https://www.bing.com/images/create/portrait-photo-of-a-female-cat-dressed-in-modern-i/1-65802ce880814bb8aca0a1a50a27b9d8?id=CTq%2fnOiI9rfHOZAZUUvPdg%3d%3d&view=detailv2&idpp=genimg&idpbck=1&form=BICREC",
  "urlHash": "ac03412388dc7b30f4862ede6b6e25c0",
  "download": "https://api.apify.com/v2/key-value-stores/D9IkLmpPckoemLe5m/records/ac03412388dc7b30f4862ede6b6e25c0.zip"
},
{
  "url": "https://www.bing.com/images/create/portrait-photo-of-a-female-cat-dressed-in-modern-i/1-65802cc28013479bb160d5607f09969c?id=4LJQemchPag8d4Od47lz8g%3d%3d&view=detailv2&idpp=genimg&idpbck=1&form=BICREC",
  "urlHash": "222dd96f480ee3e2b0874a42f49b9e82",
  "download": "https://api.apify.com/v2/key-value-stores/D9IkLmpPckoemLe5m/records/222dd96f480ee3e2b0874a42f49b9e82.zip"
},
{
  "url": "https://www.bing.com/images/create/portrait-photo-of-a-female-cat-dressed-in-modern-i/1-65802cc28013479bb160d5607f09969c?id=G6WR07J7y3gx1Hy6CTwWCQ%3d%3d&view=detailv2&idpp=genimg&idpbck=1&form=BICREC",
  "urlHash": "d130d2db582e92b6b574f6c7001900bd",
  "download": "https://api.apify.com/v2/key-value-stores/D9IkLmpPckoemLe5m/records/d130d2db582e92b6b574f6c7001900bd.zip"
},
{
  "url": "https://www.bing.com/images/create/portrait-photo-of-a-female-cat-dressed-in-modern-i/1-65802cc28013479bb160d5607f09969c?id=4EEE4C8V2ItRXkhD7LOmFA%3d%3d&view=detailv2&idpp=genimg&idpbck=1&form=BICREC",
  "urlHash": "2f8d838b4cf82ec42d37c3feed02f198",
  "download": "https://api.apify.com/v2/key-value-stores/D9IkLmpPckoemLe5m/records/2f8d838b4cf82ec42d37c3feed02f198.zip"
},
{
  "url": "https://www.bing.com/images/create/portrait-photo-of-a-female-cat-dressed-in-modern-i/1-65802c8d555b4bb59da4fa3e7e4d88f5?id=4RBl1xunBnhMsW%2fHDweaiw%3d%3d&view=detailv2&idpp=genimg&idpbck=1&form=BICREC",
  "urlHash": "c552dd243bdcc00b301a56697b9c6d98",
  "download": "https://api.apify.com/v2/key-value-stores/D9IkLmpPckoemLe5m/records/c552dd243bdcc00b301a56697b9c6d98.zip"
},
{
  "url": "https://www.bing.com/images/create/portrait-photo-of-a-female-cat-dressed-in-modern-i/1-65802cc28013479bb160d5607f09969c?id=7X0PDk8kHghOQYj3Fmx6%2fg%3d%3d&view=detailv2&idpp=genimg&idpbck=1&form=BICREC",
  "urlHash": "cef74c63bd35cee29baea39c609e9e77",
  "download": "https://api.apify.com/v2/key-value-stores/D9IkLmpPckoemLe5m/records/cef74c63bd35cee29baea39c609e9e77.zip"
},
{
  "url": "https://www.bing.com/images/create/portrait-photo-of-a-female-cat-dressed-in-modern-i/1-65802c8d555b4bb59da4fa3e7e4d88f5?id=y6jK%2fStYzIXjdizCbKXvww%3d%3d&view=detailv2&idpp=genimg&idpbck=1&form=BICREC",
  "urlHash": "e18fec6b299f827853f192419f27d82c",
  "download": "https://api.apify.com/v2/key-value-stores/D9IkLmpPckoemLe5m/records/e18fec6b299f827853f192419f27d82c.zip"
},
{
  "url": "https://www.bing.com/images/create/portrait-photo-of-a-female-cat-dressed-in-modern-i/1-65802c8d555b4bb59da4fa3e7e4d88f5?id=1l3wt8XcPiO%2flPtPMSaG9Q%3d%3d&view=detailv2&idpp=genimg&idpbck=1&form=BICREC",
  "urlHash": "fa9777ee9ebb552f701529af3e0c663c",
  "download": "https://api.apify.com/v2/key-value-stores/D9IkLmpPckoemLe5m/records/fa9777ee9ebb552f701529af3e0c663c.zip"
},
{
  "url": "https://www.bing.com/images/create/portrait-photo-of-a-female-cat-dressed-in-modern-i/1-65802c8d555b4bb59da4fa3e7e4d88f5?id=0LPoosBULEWFP1R49zBjXA%3d%3d&view=detailv2&idpp=genimg&idpbck=1&form=BICREC",
  "urlHash": "4f144d3f7cb09efcfbb088bd4b3188a9",
  "download": "https://api.apify.com/v2/key-value-stores/D9IkLmpPckoemLe5m/records/4f144d3f7cb09efcfbb088bd4b3188a9.zip"
},
{
  "url": "https://www.bing.com/images/create/portrait-photo-of-a-female-cat-dressed-in-modern-i/1-65802c7576ee4cbc92d6d41f203dffc0?id=x7GLVQ1q%2fZXbgg7UMHnhcA%3d%3d&view=detailv2&idpp=genimg&idpbck=1&form=BICREC",
  "urlHash": "925c5faa32179929e8c8bd5ca5d0eb57",
  "download": "https://api.apify.com/v2/key-value-stores/D9IkLmpPckoemLe5m/records/925c5faa32179929e8c8bd5ca5d0eb57.zip"
},
{
  "url": "https://www.bing.com/images/create/portrait-photo-of-a-female-cat-dressed-in-modern-i/1-65802c7576ee4cbc92d6d41f203dffc0?id=sBd0m7fMWJTM8NNKOrLkfg%3d%3d&view=detailv2&idpp=genimg&idpbck=1&form=BICREC",
  "urlHash": "265961aa993d042c684bd0760c2629ac",
  "download": "https://api.apify.com/v2/key-value-stores/D9IkLmpPckoemLe5m/records/265961aa993d042c684bd0760c2629ac.zip"
},
{
  "url": "https://www.bing.com/images/create/portrait-photo-of-a-female-cat-dressed-in-modern-i/1-65802c7576ee4cbc92d6d41f203dffc0?id=a6pozWXPfCpGjo8Ae8PARA%3d%3d&view=detailv2&idpp=genimg&idpbck=1&form=BICREC",
  "urlHash": "b8c5cfaed218c6d6ed85149127e9bc21",
  "download": "https://api.apify.com/v2/key-value-stores/D9IkLmpPckoemLe5m/records/b8c5cfaed218c6d6ed85149127e9bc21.zip"
},
{
  "url": "https://www.bing.com/images/create/portrait-photo-of-a-female-cat-dressed-in-modern-i/1-65802c7576ee4cbc92d6d41f203dffc0?id=DJ6iNXxBGuW6YLeweDIu0g%3d%3d&view=detailv2&idpp=genimg&idpbck=1&form=BICREC",
  "urlHash": "4ab7c6b76c6e1144221de5d8ac7e98bf",
  "download": "https://api.apify.com/v2/key-value-stores/D9IkLmpPckoemLe5m/records/4ab7c6b76c6e1144221de5d8ac7e98bf.zip"
},
{
  "url": "https://www.bing.com/images/create/portrait-photo-of-a-female-cat-dressed-in-modern-i/1-65802c5bbd5e436184f3f9db334f2929?id=OGOc9eG2qimxxM1nZy%2blIg%3d%3d&view=detailv2&idpp=genimg&idpbck=1&form=BICREC",
  "urlHash": "2c6f450169ccf52d3d791ac06017188b",
  "download": "https://api.apify.com/v2/key-value-stores/D9IkLmpPckoemLe5m/records/2c6f450169ccf52d3d791ac06017188b.zip"
},
{
  "url": "https://www.bing.com/images/create/portrait-photo-of-a-female-cat-dressed-in-modern-i/1-65802c5bbd5e436184f3f9db334f2929?id=E9GvhcPOmrEzEzZl%2boeHXQ%3d%3d&view=detailv2&idpp=genimg&idpbck=1&form=BICREC",
  "urlHash": "3f08c8ace3f80aa2f50b2e0e24ad2908",
  "download": "https://api.apify.com/v2/key-value-stores/D9IkLmpPckoemLe5m/records/3f08c8ace3f80aa2f50b2e0e24ad2908.zip"
},
{
  "url": "https://www.bing.com/images/create/portrait-photo-of-a-female-cat-dressed-in-modern-i/1-65802c5bbd5e436184f3f9db334f2929?id=XRAER6t6m0gWEZQTsz9A%2fA%3d%3d&view=detailv2&idpp=genimg&idpbck=1&form=BICREC",
  "urlHash": "8766a06cf828bbeef51b52a26a580882",
  "download": "https://api.apify.com/v2/key-value-stores/D9IkLmpPckoemLe5m/records/8766a06cf828bbeef51b52a26a580882.zip"
},
{
  "url": "https://www.bing.com/images/create/portrait-photo-of-a-female-cat-dressed-in-modern-i/1-65802c5bbd5e436184f3f9db334f2929?id=EtD%2bLzUMebDbv8DSGK1Y5w%3d%3d&view=detailv2&idpp=genimg&idpbck=1&form=BICREC",
  "urlHash": "a30827b981575e23ebcf71d7e7ab6cfc",
  "download": "https://api.apify.com/v2/key-value-stores/D9IkLmpPckoemLe5m/records/a30827b981575e23ebcf71d7e7ab6cfc.zip"
},
{
  "url": "https://www.bing.com/images/create/portrait-photo-of-a-female-cat-dressed-in-modern-i/1-65802c4028714dc28bccdb1868a48d9b?id=CKFI74zynjjtOar7kEZc1g%3d%3d&view=detailv2&idpp=genimg&idpbck=1&form=BICREC",
  "urlHash": "5078efa68810bd9136171c525ef752d9",
  "download": "https://api.apify.com/v2/key-value-stores/D9IkLmpPckoemLe5m/records/5078efa68810bd9136171c525ef752d9.zip"
},
{
  "url": "https://www.bing.com/images/create/portrait-photo-of-a-female-cat-dressed-in-modern-i/1-65802c4028714dc28bccdb1868a48d9b?id=CgkwCQGg%2be3bu5yKeuMYFA%3d%3d&view=detailv2&idpp=genimg&idpbck=1&form=BICREC",
  "urlHash": "b7ff83f98c82965888b0223f6fd68141",
  "download": "https://api.apify.com/v2/key-value-stores/D9IkLmpPckoemLe5m/records/b7ff83f98c82965888b0223f6fd68141.zip"
},
{
  "url": "https://www.bing.com/images/create/portrait-photo-of-a-female-cat-dressed-in-modern-i/1-65802c4028714dc28bccdb1868a48d9b?id=GFTNDHw%2f9cbAHEjV4tpmzw%3d%3d&view=detailv2&idpp=genimg&idpbck=1&form=BICREC",
  "urlHash": "63d348c5389b8f88aaa01e9c16bdb651",
  "download": "https://api.apify.com/v2/key-value-stores/D9IkLmpPckoemLe5m/records/63d348c5389b8f88aaa01e9c16bdb651.zip"
},
{
  "url": "https://www.bing.com/images/create/portrait-photo-of-a-female-cat-dressed-in-modern-i/1-65802c4028714dc28bccdb1868a48d9b?id=rqlhILC9jNoculP6U%2f%2bAPw%3d%3d&view=detailv2&idpp=genimg&idpbck=1&form=BICREC",
  "urlHash": "da2d8b120aec45dcba5c7539cd5d5bc2",
  "download": "https://api.apify.com/v2/key-value-stores/D9IkLmpPckoemLe5m/records/da2d8b120aec45dcba5c7539cd5d5bc2.zip"
},
{
  "url": "https://www.bing.com/images/create/portrait-photo-of-a-female-cat-dressed-in-modern-i/1-65802f0e56094f74a9921ee116c168cc?id=EK18sYzqDY92NUz4D7WVIg%3d%3d&view=detailv2&idpp=genimg&idpbck=1&form=BICREC",
  "urlHash": "949dfe65ec7cff1032b97a3784952295",
  "download": "https://api.apify.com/v2/key-value-stores/D9IkLmpPckoemLe5m/records/949dfe65ec7cff1032b97a3784952295.zip"
},
{
  "url": "https://www.bing.com/images/create/portrait-photo-of-a-female-cat-dressed-in-modern-i/1-65802ef3d2694874959b361844b6df5a?id=mvnh28flPbiENnradbA1Iw%3d%3d&view=detailv2&idpp=genimg&idpbck=1&form=BICREC",
  "urlHash": "d2aba9fdf4174501edfde7d0ae98af31",
  "download": "https://api.apify.com/v2/key-value-stores/D9IkLmpPckoemLe5m/records/d2aba9fdf4174501edfde7d0ae98af31.zip"
},
{
  "url": "https://www.bing.com/images/create/portrait-photo-of-a-female-cat-dressed-in-modern-i/1-65802ef3d2694874959b361844b6df5a?id=yYTjw4AsulMJYorDVZfMog%3d%3d&view=detailv2&idpp=genimg&idpbck=1&form=BICREC",
  "urlHash": "d006986b1ef3f4f5add289b5b77c1433",
  "download": "https://api.apify.com/v2/key-value-stores/D9IkLmpPckoemLe5m/records/d006986b1ef3f4f5add289b5b77c1433.zip"
},
{
  "url": "https://www.bing.com/images/create/portrait-photo-of-a-female-cat-dressed-in-modern-i/1-65802f0e56094f74a9921ee116c168cc?id=xaNXrQ40eR38E3WyrYrBBg%3d%3d&view=detailv2&idpp=genimg&idpbck=1&form=BICREC",
  "urlHash": "34b02439fe4da5f9e2b9482140f2b843",
  "download": "https://api.apify.com/v2/key-value-stores/D9IkLmpPckoemLe5m/records/34b02439fe4da5f9e2b9482140f2b843.zip"
},
{
  "url": "https://www.bing.com/images/create/portrait-photo-of-a-female-cat-dressed-in-modern-i/1-65802ef3d2694874959b361844b6df5a?id=B%2frLBlW0KAD9Tg%2fM5HJi%2bg%3d%3d&view=detailv2&idpp=genimg&idpbck=1&form=BICREC",
  "urlHash": "d9d4a1c1d0b716ca775c5bd12b8aed37",
  "download": "https://api.apify.com/v2/key-value-stores/D9IkLmpPckoemLe5m/records/d9d4a1c1d0b716ca775c5bd12b8aed37.zip"
},
{
  "url": "https://www.bing.com/images/create/portrait-photo-of-a-female-cat-dressed-in-modern-i/1-65802ef3d2694874959b361844b6df5a?id=f8yIDUKKoVgu7FdV77HG8g%3d%3d&view=detailv2&idpp=genimg&idpbck=1&form=BICREC",
  "urlHash": "cac0d4f77318a26855dd93f27334d0ee",
  "download": "https://api.apify.com/v2/key-value-stores/D9IkLmpPckoemLe5m/records/cac0d4f77318a26855dd93f27334d0ee.zip"
},
{
  "url": "https://www.bing.com/images/create/portrait-photo-of-a-female-cat-dressed-in-modern-i/1-65802f0e56094f74a9921ee116c168cc?id=YPjGA%2fIJpsr9EGWg6BoLzA%3d%3d&view=detailv2&idpp=genimg&idpbck=1&form=BICREC",
  "urlHash": "de34dbcc7d67a9e044ee0469a8828b84",
  "download": "https://api.apify.com/v2/key-value-stores/D9IkLmpPckoemLe5m/records/de34dbcc7d67a9e044ee0469a8828b84.zip"
},
{
  "url": "https://www.bing.com/images/create/portrait-photo-of-a-female-cat-dressed-in-modern-i/1-65802ed7dc614338975d5b87263710ed?id=shCY4eOa2%2buOQIcjao8trA%3d%3d&view=detailv2&idpp=genimg&idpbck=1&form=BICREC",
  "urlHash": "4b040fd4cfe122746773d31283a6e2ea",
  "download": "https://api.apify.com/v2/key-value-stores/D9IkLmpPckoemLe5m/records/4b040fd4cfe122746773d31283a6e2ea.zip"
},
{
  "url": "https://www.bing.com/images/create/portrait-photo-of-a-female-cat-dressed-in-modern-i/1-65802ed7dc614338975d5b87263710ed?id=XvPIvNhit879eNCgZEwO6Q%3d%3d&view=detailv2&idpp=genimg&idpbck=1&form=BICREC",
  "urlHash": "265806599431d3ad8ffa4708b91ee478",
  "download": "https://api.apify.com/v2/key-value-stores/D9IkLmpPckoemLe5m/records/265806599431d3ad8ffa4708b91ee478.zip"
},
{
  "url": "https://www.bing.com/images/create/portrait-photo-of-a-female-cat-dressed-in-modern-i/1-65802f0e56094f74a9921ee116c168cc?id=jxOg3kJE9%2fH%2b%2bgRGeu4PHA%3d%3d&view=detailv2&idpp=genimg&idpbck=1&form=BICREC",
  "urlHash": "86385aa061161b9bd7047e729ed1fe75",
  "download": "https://api.apify.com/v2/key-value-stores/D9IkLmpPckoemLe5m/records/86385aa061161b9bd7047e729ed1fe75.zip"
},
{
  "url": "https://www.bing.com/images/create/portrait-photo-of-a-female-cat-dressed-in-modern-i/1-65802ed7dc614338975d5b87263710ed?id=1GyVeFlDTecckyw23Lti6g%3d%3d&view=detailv2&idpp=genimg&idpbck=1&form=BICREC",
  "urlHash": "99513b68f3204261503a353a3a123084",
  "download": "https://api.apify.com/v2/key-value-stores/D9IkLmpPckoemLe5m/records/99513b68f3204261503a353a3a123084.zip"
},
{
  "url": "https://www.bing.com/images/create/portrait-photo-of-a-female-cat-dressed-in-modern-i/1-65802ebaf22a4779a20bf3e4b1d03f42?id=G7JRftyfVIrzi80fygOJ7A%3d%3d&view=detailv2&idpp=genimg&idpbck=1&form=BICREC",
  "urlHash": "66fa9e4e4863a9957e7e7895439cff8d",
  "download": "https://api.apify.com/v2/key-value-stores/D9IkLmpPckoemLe5m/records/66fa9e4e4863a9957e7e7895439cff8d.zip"
},
{
  "url": "https://www.bing.com/images/create/portrait-photo-of-a-female-cat-dressed-in-modern-i/1-65802ed7dc614338975d5b87263710ed?id=U4FqJh1J7euZV9uwZfLOYg%3d%3d&view=detailv2&idpp=genimg&idpbck=1&form=BICREC",
  "urlHash": "9ff7edaba5089e9ad62bf862ae8329a3",
  "download": "https://api.apify.com/v2/key-value-stores/D9IkLmpPckoemLe5m/records/9ff7edaba5089e9ad62bf862ae8329a3.zip"
},
{
  "url": "https://www.bing.com/images/create/portrait-photo-of-a-female-cat-dressed-in-modern-i/1-65802ebaf22a4779a20bf3e4b1d03f42?id=BJVORPZdfJiYBuILgRrB1g%3d%3d&view=detailv2&idpp=genimg&idpbck=1&form=BICREC",
  "urlHash": "702b79a72a35f9ed54242c34fa171736",
  "download": "https://api.apify.com/v2/key-value-stores/D9IkLmpPckoemLe5m/records/702b79a72a35f9ed54242c34fa171736.zip"
},
{
  "url": "https://www.bing.com/images/create/portrait-photo-of-a-female-cat-dressed-in-modern-i/1-65802ebaf22a4779a20bf3e4b1d03f42?id=fIu1UXiGXTLroRYRzj0pqQ%3d%3d&view=detailv2&idpp=genimg&idpbck=1&form=BICREC",
  "urlHash": "ff1814a61d8de9787ebf1d65d883d707",
  "download": "https://api.apify.com/v2/key-value-stores/D9IkLmpPckoemLe5m/records/ff1814a61d8de9787ebf1d65d883d707.zip"
},
{
  "url": "https://www.bing.com/images/create/portrait-photo-of-a-female-cat-dressed-in-modern-i/1-65802ebaf22a4779a20bf3e4b1d03f42?id=AUL0KKc8JEVEe5%2bp3J1cOg%3d%3d&view=detailv2&idpp=genimg&idpbck=1&form=BICREC",
  "urlHash": "c77564ecea9e706911c686b913860526",
  "download": "https://api.apify.com/v2/key-value-stores/D9IkLmpPckoemLe5m/records/c77564ecea9e706911c686b913860526.zip"
},
{
  "url": "https://www.bing.com/images/create/portrait-photo-of-a-female-cat-dressed-in-modern-i/1-65802e9336fd4a70a05b99f736c6f12f?id=r6cU68fXjTkBbDNMV%2bYJ8w%3d%3d&view=detailv2&idpp=genimg&idpbck=1&form=BICREC",
  "urlHash": "efe6f5f3bd22043f96f479d4afd14dab",
  "download": "https://api.apify.com/v2/key-value-stores/D9IkLmpPckoemLe5m/records/efe6f5f3bd22043f96f479d4afd14dab.zip"
},
{
  "url": "https://www.bing.com/images/create/portrait-photo-of-a-female-cat-dressed-in-modern-i/1-65802e9336fd4a70a05b99f736c6f12f?id=PetHC%2bYJ0p4s8FFlP3NbwQ%3d%3d&view=detailv2&idpp=genimg&idpbck=1&form=BICREC",
  "urlHash": "a4980d65d8ecb3566b11f8639cbd00cd",
  "download": "https://api.apify.com/v2/key-value-stores/D9IkLmpPckoemLe5m/records/a4980d65d8ecb3566b11f8639cbd00cd.zip"
},
{
  "url": "https://www.bing.com/images/create/portrait-photo-of-a-female-cat-dressed-in-modern-i/1-65802e9336fd4a70a05b99f736c6f12f?id=42X3ANm17iEeItt4oGAZLw%3d%3d&view=detailv2&idpp=genimg&idpbck=1&form=BICREC",
  "urlHash": "63bb90a5938f5e3601d6ecbc6dde6c36",
  "download": "https://api.apify.com/v2/key-value-stores/D9IkLmpPckoemLe5m/records/63bb90a5938f5e3601d6ecbc6dde6c36.zip"
},
{
  "url": "https://www.bing.com/images/create/portrait-photo-of-a-female-cat-dressed-in-modern-i/1-65802e7a108949ba9f1cceeba534f534?id=QJup6GI7%2fRadJfabVAT4cg%3d%3d&view=detailv2&idpp=genimg&idpbck=1&form=BICREC",
  "urlHash": "a25c7a3239ba280a2249a63d693cdd79",
  "download": "https://api.apify.com/v2/key-value-stores/D9IkLmpPckoemLe5m/records/a25c7a3239ba280a2249a63d693cdd79.zip"
},
{
  "url": "https://www.bing.com/images/create/portrait-photo-of-a-female-cat-dressed-in-modern-i/1-65802e7a108949ba9f1cceeba534f534?id=Gu9xlt1pZhVMUmcnFiSmLQ%3d%3d&view=detailv2&idpp=genimg&idpbck=1&form=BICREC",
  "urlHash": "f49a3edffac5f78b45b277a21647cd51",
  "download": "https://api.apify.com/v2/key-value-stores/D9IkLmpPckoemLe5m/records/f49a3edffac5f78b45b277a21647cd51.zip"
},
{
  "url": "https://www.bing.com/images/create/portrait-photo-of-a-female-cat-dressed-in-modern-i/1-65802e9336fd4a70a05b99f736c6f12f?id=ke%2bDTI7DnFBxuAbreJ6Hhw%3d%3d&view=detailv2&idpp=genimg&idpbck=1&form=BICREC",
  "urlHash": "afe17cb3495d4f280ce253b7aab37a03",
  "download": "https://api.apify.com/v2/key-value-stores/D9IkLmpPckoemLe5m/records/afe17cb3495d4f280ce253b7aab37a03.zip"
},
{
  "url": "https://www.bing.com/images/create/portrait-photo-of-a-female-cat-dressed-in-modern-i/1-65802e7a108949ba9f1cceeba534f534?id=MBcqjX9%2byx27LJ0dCwCnNw%3d%3d&view=detailv2&idpp=genimg&idpbck=1&form=BICREC",
  "urlHash": "0e6511380a320f2bfa30349e71fc95c5",
  "download": "https://api.apify.com/v2/key-value-stores/D9IkLmpPckoemLe5m/records/0e6511380a320f2bfa30349e71fc95c5.zip"
},
{
  "url": "https://www.bing.com/images/create/portrait-photo-of-a-female-cat-dressed-in-modern-i/1-65802e7a108949ba9f1cceeba534f534?id=BXGnSEKX5q1hOtV7d97dwg%3d%3d&view=detailv2&idpp=genimg&idpbck=1&form=BICREC",
  "urlHash": "6e154c5814214b4206a4fe6d5dbae5ac",
  "download": "https://api.apify.com/v2/key-value-stores/D9IkLmpPckoemLe5m/records/6e154c5814214b4206a4fe6d5dbae5ac.zip"
},
{
  "url": "https://www.bing.com/images/create/portrait-photo-of-a-female-cat-dressed-in-modern-i/1-65802e5c8f4c43dc9faf9112295d88e8?id=HkZGYXBM6CTi0mVhoi4M1A%3d%3d&view=detailv2&idpp=genimg&idpbck=1&form=BICREC",
  "urlHash": "320d51ebc3a97765980f4ba27cc3d602",
  "download": "https://api.apify.com/v2/key-value-stores/D9IkLmpPckoemLe5m/records/320d51ebc3a97765980f4ba27cc3d602.zip"
},
{
  "url": "https://www.bing.com/images/create/portrait-photo-of-a-female-cat-dressed-in-modern-i/1-65802e5c8f4c43dc9faf9112295d88e8?id=ctfc2tXcgP5KECEK7Ldlvw%3d%3d&view=detailv2&idpp=genimg&idpbck=1&form=BICREC",
  "urlHash": "93a5d49a023bda556077e48a51f5ac20",
  "download": "https://api.apify.com/v2/key-value-stores/D9IkLmpPckoemLe5m/records/93a5d49a023bda556077e48a51f5ac20.zip"
},
{
  "url": "https://www.bing.com/images/create/portrait-photo-of-a-female-cat-dressed-in-modern-i/1-65802e5c8f4c43dc9faf9112295d88e8?id=U5UDZ3RuGbL3t%2bF4%2bKaEUQ%3d%3d&view=detailv2&idpp=genimg&idpbck=1&form=BICREC",
  "urlHash": "7da20a6653399409caa9c02b9d99e362",
  "download": "https://api.apify.com/v2/key-value-stores/D9IkLmpPckoemLe5m/records/7da20a6653399409caa9c02b9d99e362.zip"
},
{
  "url": "https://www.bing.com/images/create/portrait-photo-of-a-female-cat-dressed-in-modern-i/1-65802e5c8f4c43dc9faf9112295d88e8?id=SKqVci%2fxWqMSeLyK2P%2bOCg%3d%3d&view=detailv2&idpp=genimg&idpbck=1&form=BICREC",
  "urlHash": "dccc8b472aa69fec976b575d26174e90",
  "download": "https://api.apify.com/v2/key-value-stores/D9IkLmpPckoemLe5m/records/dccc8b472aa69fec976b575d26174e90.zip"
},
{
  "url": "https://www.bing.com/images/create/portrait-photo-of-a-female-cat-dressed-in-modern-i/1-65802e356c20461497723a0172211609?id=sWffIZ1pp1%2fRFrUVxucgvA%3d%3d&view=detailv2&idpp=genimg&idpbck=1&form=BICREC",
  "urlHash": "3f0799cb02dc0a485fe0dc52d00af4be",
  "download": "https://api.apify.com/v2/key-value-stores/D9IkLmpPckoemLe5m/records/3f0799cb02dc0a485fe0dc52d00af4be.zip"
},
{
  "url": "https://www.bing.com/images/create/portrait-photo-of-a-female-cat-dressed-in-modern-i/1-65802e356c20461497723a0172211609?id=EUAVdLCpk2JzGpSSIQYW9g%3d%3d&view=detailv2&idpp=genimg&idpbck=1&form=BICREC",
  "urlHash": "e28f66270c71779ebd6e79614aab1aa3",
  "download": "https://api.apify.com/v2/key-value-stores/D9IkLmpPckoemLe5m/records/e28f66270c71779ebd6e79614aab1aa3.zip"
},
{
  "url": "https://www.bing.com/images/create/portrait-photo-of-a-female-cat-dressed-in-modern-i/1-65802e356c20461497723a0172211609?id=ml9vaCpg0yNSyhSSqoXE3g%3d%3d&view=detailv2&idpp=genimg&idpbck=1&form=BICREC",
  "urlHash": "0a19e299a37b5dc5a1b5fe8931472d65",
  "download": "https://api.apify.com/v2/key-value-stores/D9IkLmpPckoemLe5m/records/0a19e299a37b5dc5a1b5fe8931472d65.zip"
},
{
  "url": "https://www.bing.com/images/create/portrait-photo-of-a-female-cat-dressed-in-modern-i/1-65802e356c20461497723a0172211609?id=ysXWTdThmpSuWCqocC%2bHdg%3d%3d&view=detailv2&idpp=genimg&idpbck=1&form=BICREC",
  "urlHash": "0a26d5ef2e4d3574c0344d59b79b1fa4",
  "download": "https://api.apify.com/v2/key-value-stores/D9IkLmpPckoemLe5m/records/0a26d5ef2e4d3574c0344d59b79b1fa4.zip"
},
{
  "url": "https://www.bing.com/images/create/portrait-photo-of-a-female-dog-dressed-in-modern-i/1-657c0890c60742ff8fdd2d7c45fa6a91?id=QulvLwgfWgVvESZLGvPiXQ%3d%3d&view=detailv2&idpp=genimg&idpbck=1&form=BICREC",
  "urlHash": "5a3a0145cf5b77d1255e4234681a4252",
  "download": "https://api.apify.com/v2/key-value-stores/D9IkLmpPckoemLe5m/records/5a3a0145cf5b77d1255e4234681a4252.zip"
},
{
  "url": "https://www.bing.com/images/create/portrait-photo-of-a-female-dog-dressed-in-modern-i/1-657c0890c60742ff8fdd2d7c45fa6a91?id=%2fejZqcazHP3qSXodb2JiYA%3d%3d&view=detailv2&idpp=genimg&idpbck=1&form=BICREC",
  "urlHash": "426149c19235ffaa1b788784d309dd5a",
  "download": "https://api.apify.com/v2/key-value-stores/D9IkLmpPckoemLe5m/records/426149c19235ffaa1b788784d309dd5a.zip"
},
{
  "url": "https://www.bing.com/images/create/portrait-photo-of-a-female-dog-dressed-in-modern-i/1-657c0890c60742ff8fdd2d7c45fa6a91?id=s2x%2f5TpyACa1w88e9dTqiw%3d%3d&view=detailv2&idpp=genimg&idpbck=1&form=BICREC",
  "urlHash": "14758bef62e3f525e9cf722591858018",
  "download": "https://api.apify.com/v2/key-value-stores/D9IkLmpPckoemLe5m/records/14758bef62e3f525e9cf722591858018.zip"
},
{
  "url": "https://www.bing.com/images/create/portrait-photo-of-a-female-dog-dressed-in-modern-i/1-657c0890c60742ff8fdd2d7c45fa6a91?id=AV4k%2bSBIF6ud4ItBLD1lQA%3d%3d&view=detailv2&idpp=genimg&idpbck=1&form=BICREC",
  "urlHash": "c9280d79bfc0ebf723a2d158253870b0",
  "download": "https://api.apify.com/v2/key-value-stores/D9IkLmpPckoemLe5m/records/c9280d79bfc0ebf723a2d158253870b0.zip"
},
{
  "url": "https://www.bing.com/images/create/portrait-photo-of-a-female-dog-dressed-in-modern-i/1-657c08725c3a447ea6212411ebf861c0?id=RyHqvrQ5ViGN%2fcBN1mSlIQ%3d%3d&view=detailv2&idpp=genimg&idpbck=1&form=BICREC",
  "urlHash": "b46bf60e963da005918b4f9c2c5af3bb",
  "download": "https://api.apify.com/v2/key-value-stores/D9IkLmpPckoemLe5m/records/b46bf60e963da005918b4f9c2c5af3bb.zip"
},
{
  "url": "https://www.bing.com/images/create/portrait-photo-of-a-female-dog-dressed-in-modern-i/1-657c08725c3a447ea6212411ebf861c0?id=iE3JMSA4OUwt8Mn36uzt4Q%3d%3d&view=detailv2&idpp=genimg&idpbck=1&form=BICREC",
  "urlHash": "b868c75d1e95f7810b2e48520a48ae3c",
  "download": "https://api.apify.com/v2/key-value-stores/D9IkLmpPckoemLe5m/records/b868c75d1e95f7810b2e48520a48ae3c.zip"
},
{
  "url": "https://www.bing.com/images/create/portrait-photo-of-a-female-dog-dressed-in-modern-i/1-657c08725c3a447ea6212411ebf861c0?id=FrKxK1SOnlZSRjLXcoazoA%3d%3d&view=detailv2&idpp=genimg&idpbck=1&form=BICREC",
  "urlHash": "133d86809e01fe1220d3743fe764480a",
  "download": "https://api.apify.com/v2/key-value-stores/D9IkLmpPckoemLe5m/records/133d86809e01fe1220d3743fe764480a.zip"
},
{
  "url": "https://www.bing.com/images/create/portrait-photo-of-a-female-dog-dressed-in-modern-i/1-657c08725c3a447ea6212411ebf861c0?id=P5jdtQJDsgHjzF5xqoDFZA%3d%3d&view=detailv2&idpp=genimg&idpbck=1&form=BICREC",
  "urlHash": "45eda9b5b85754fde4de1f907963795a",
  "download": "https://api.apify.com/v2/key-value-stores/D9IkLmpPckoemLe5m/records/45eda9b5b85754fde4de1f907963795a.zip"
},
{
  "url": "https://www.bing.com/images/create/portrait-photo-of-a-female-dog-dressed-in-modern-i/1-657c08498939415da3d68152da9dc1e8?id=V3YUWthKbkB951yWWBJOvw%3d%3d&view=detailv2&idpp=genimg&idpbck=1&form=BICREC",
  "urlHash": "d538e8d2090c0ae57fed9c3be3fd8a77",
  "download": "https://api.apify.com/v2/key-value-stores/D9IkLmpPckoemLe5m/records/d538e8d2090c0ae57fed9c3be3fd8a77.zip"
},
{
  "url": "https://www.bing.com/images/create/portrait-photo-of-a-female-dog-dressed-in-modern-i/1-657c08498939415da3d68152da9dc1e8?id=%2fPL5kzEcPMZ44ylrC4lUqQ%3d%3d&view=detailv2&idpp=genimg&idpbck=1&form=BICREC",
  "urlHash": "13ec682be6e1b0c588096a1d09c52039",
  "download": "https://api.apify.com/v2/key-value-stores/D9IkLmpPckoemLe5m/records/13ec682be6e1b0c588096a1d09c52039.zip"
},
{
  "url": "https://www.bing.com/images/create/portrait-photo-of-a-female-dog-dressed-in-modern-i/1-657c08498939415da3d68152da9dc1e8?id=rbhHnhA6IjT4SNa5gLPC9Q%3d%3d&view=detailv2&idpp=genimg&idpbck=1&form=BICREC",
  "urlHash": "0c5b224a6c12a10de1e675f02304f844",
  "download": "https://api.apify.com/v2/key-value-stores/D9IkLmpPckoemLe5m/records/0c5b224a6c12a10de1e675f02304f844.zip"
},
{
  "url": "https://www.bing.com/images/create/portrait-photo-of-a-female-dog-dressed-in-modern-i/1-657c08498939415da3d68152da9dc1e8?id=%2bZ%2bOwPDsnQw3l7GRrqREZg%3d%3d&view=detailv2&idpp=genimg&idpbck=1&form=BICREC",
  "urlHash": "db415f2d964dd6a863d98f5b24225b62",
  "download": "https://api.apify.com/v2/key-value-stores/D9IkLmpPckoemLe5m/records/db415f2d964dd6a863d98f5b24225b62.zip"
},
{
  "url": "https://www.bing.com/images/create/portrait-photo-of-a-female-dog-dressed-in-modern-i/1-657c01ab226c4587b021a5770bdebc48?id=uELaheVkJpbMHr%2b7%2fFMltA%3d%3d&view=detailv2&idpp=genimg&idpbck=1&form=BICREC",
  "urlHash": "03dc13de09292eaa13289a9f602bb43c",
  "download": "https://api.apify.com/v2/key-value-stores/D9IkLmpPckoemLe5m/records/03dc13de09292eaa13289a9f602bb43c.zip"
},
{
  "url": "https://www.bing.com/images/create/portrait-photo-of-a-female-dog-dressed-in-modern-i/1-657c01ab226c4587b021a5770bdebc48?id=Cfqz1POwjj%2b4b02YW2QhOQ%3d%3d&view=detailv2&idpp=genimg&idpbck=1&form=BICREC",
  "urlHash": "47491b300e391f0a3d2e9ba81849704e",
  "download": "https://api.apify.com/v2/key-value-stores/D9IkLmpPckoemLe5m/records/47491b300e391f0a3d2e9ba81849704e.zip"
},
{
  "url": "https://www.bing.com/images/create/portrait-photo-of-a-female-dog-dressed-in-modern-i/1-657c01ab226c4587b021a5770bdebc48?id=MXQA5iUKN3ockKmdK9zVCQ%3d%3d&view=detailv2&idpp=genimg&idpbck=1&form=BICREC",
  "urlHash": "37878b55763cf6020a164bc16cd58739",
  "download": "https://api.apify.com/v2/key-value-stores/D9IkLmpPckoemLe5m/records/37878b55763cf6020a164bc16cd58739.zip"
},
{
  "url": "https://www.bing.com/images/create/portrait-photo-of-a-female-dog-dressed-in-modern-i/1-657c01839fb2483299983dd53eab2df6?id=eaHMuKJ6fXMuKfFtGbyi3w%3d%3d&view=detailv2&idpp=genimg&idpbck=1&form=BICREC",
  "urlHash": "a6acf003e9f2ec28b2a1e61019d67401",
  "download": "https://api.apify.com/v2/key-value-stores/D9IkLmpPckoemLe5m/records/a6acf003e9f2ec28b2a1e61019d67401.zip"
},
{
  "url": "https://www.bing.com/images/create/portrait-photo-of-a-female-dog-dressed-in-modern-i/1-657c01ab226c4587b021a5770bdebc48?id=NXc5F3DsswhOhn%2fJDMg2Mw%3d%3d&view=detailv2&idpp=genimg&idpbck=1&form=BICREC",
  "urlHash": "296afddc3470ec0b30f607588c99b434",
  "download": "https://api.apify.com/v2/key-value-stores/D9IkLmpPckoemLe5m/records/296afddc3470ec0b30f607588c99b434.zip"
},
{
  "url": "https://www.bing.com/images/create/portrait-photo-of-a-female-dog-dressed-in-modern-i/1-657c01839fb2483299983dd53eab2df6?id=YfbeP5QyGooSm6Z7yhibug%3d%3d&view=detailv2&idpp=genimg&idpbck=1&form=BICREC",
  "urlHash": "3e4b8df62e41bceca563db3d68075acb",
  "download": "https://api.apify.com/v2/key-value-stores/D9IkLmpPckoemLe5m/records/3e4b8df62e41bceca563db3d68075acb.zip"
},
{
  "url": "https://www.bing.com/images/create/portrait-photo-of-a-female-dog-dressed-in-modern-i/1-657c01839fb2483299983dd53eab2df6?id=9asBWNn4m52JiBKPkl2gRw%3d%3d&view=detailv2&idpp=genimg&idpbck=1&form=BICREC",
  "urlHash": "c881f0e42520cf48e9e2bef6ac11b102",
  "download": "https://api.apify.com/v2/key-value-stores/D9IkLmpPckoemLe5m/records/c881f0e42520cf48e9e2bef6ac11b102.zip"
},
{
  "url": "https://www.bing.com/images/create/portrait-photo-of-a-female-dog-dressed-in-modern-i/1-657c01839fb2483299983dd53eab2df6?id=Xl88poVk3JGuuANEIlHttA%3d%3d&view=detailv2&idpp=genimg&idpbck=1&form=BICREC",
  "urlHash": "f17ed08c19a6d39f02fdfb546233be09",
  "download": "https://api.apify.com/v2/key-value-stores/D9IkLmpPckoemLe5m/records/f17ed08c19a6d39f02fdfb546233be09.zip"
},
{
  "url": "https://www.bing.com/images/create/portrait-photo-of-a-female-dog-dressed-in-modern-i/1-657c0047d1a940b180fba9adbb419448?id=Jow0FG3qCQKzRWGRuxX5Qw%3d%3d&view=detailv2&idpp=genimg&idpbck=1&form=BICREC",
  "urlHash": "82d27bbb01260b1e813f18998bbb0522",
  "download": "https://api.apify.com/v2/key-value-stores/D9IkLmpPckoemLe5m/records/82d27bbb01260b1e813f18998bbb0522.zip"
},
{
  "url": "https://www.bing.com/images/create/portrait-photo-of-a-female-dog-dressed-in-modern-i/1-657c0047d1a940b180fba9adbb419448?id=oA5hVIi5q%2fDWmi1w58wqyw%3d%3d&view=detailv2&idpp=genimg&idpbck=1&form=BICREC",
  "urlHash": "ad85e86fe706cda7b0f2f1343bfd4825",
  "download": "https://api.apify.com/v2/key-value-stores/D9IkLmpPckoemLe5m/records/ad85e86fe706cda7b0f2f1343bfd4825.zip"
},
{
  "url": "https://www.bing.com/images/create/portrait-photo-of-a-female-dog-dressed-in-modern-i/1-657c0047d1a940b180fba9adbb419448?id=li4gxtMvGbmtF0NWjbg5nQ%3d%3d&view=detailv2&idpp=genimg&idpbck=1&form=BICREC",
  "urlHash": "7cd7afd3a92a8cf699f284b50d44a3ee",
  "download": "https://api.apify.com/v2/key-value-stores/D9IkLmpPckoemLe5m/records/7cd7afd3a92a8cf699f284b50d44a3ee.zip"
},
{
  "url": "https://www.bing.com/images/create/portrait-photo-of-a-female-dog-dressed-in-modern-i/1-657c0047d1a940b180fba9adbb419448?id=sdh%2bh9dWSY4AwgnY2BNx6w%3d%3d&view=detailv2&idpp=genimg&idpbck=1&form=BICREC",
  "urlHash": "8192bd4125bb50263e58b6c02750d687",
  "download": "https://api.apify.com/v2/key-value-stores/D9IkLmpPckoemLe5m/records/8192bd4125bb50263e58b6c02750d687.zip"
},
{
  "url": "https://www.bing.com/images/create/portrait-photo-of-a-female-dog-dressed-in-modern-i/1-657c000f17984f2383e05df58b67f519?id=74lCZajrIYWQSODL9p9hmw%3d%3d&view=detailv2&idpp=genimg&idpbck=1&form=BICREC",
  "urlHash": "8fa241986a69982b9ac448aa31a3e9c5",
  "download": "https://api.apify.com/v2/key-value-stores/D9IkLmpPckoemLe5m/records/8fa241986a69982b9ac448aa31a3e9c5.zip"
},
{
  "url": "https://www.bing.com/images/create/portrait-photo-of-a-female-dog-dressed-in-modern-i/1-657c000f17984f2383e05df58b67f519?id=s2h%2bHgg6%2bY0054pl6m%2b%2fGQ%3d%3d&view=detailv2&idpp=genimg&idpbck=1&form=BICREC",
  "urlHash": "54a7a0a2437b3eea9de65d75813d150b",
  "download": "https://api.apify.com/v2/key-value-stores/D9IkLmpPckoemLe5m/records/54a7a0a2437b3eea9de65d75813d150b.zip"
},
{
  "url": "https://www.bing.com/images/create/portrait-photo-of-a-female-dog-dressed-in-modern-i/1-657c000f17984f2383e05df58b67f519?id=7wlGUwYRzbHnk4KE5%2fmVcg%3d%3d&view=detailv2&idpp=genimg&idpbck=1&form=BICREC",
  "urlHash": "f8e72a463e0c7eb812aba1537421e18c",
  "download": "https://api.apify.com/v2/key-value-stores/D9IkLmpPckoemLe5m/records/f8e72a463e0c7eb812aba1537421e18c.zip"
},
{
  "url": "https://www.bing.com/images/create/portrait-photo-of-a-female-dog-dressed-in-modern-i/1-657c000f17984f2383e05df58b67f519?id=6ajASLBGq1Cf3yjQCWtytQ%3d%3d&view=detailv2&idpp=genimg&idpbck=1&form=BICREC",
  "urlHash": "773d2d5aa710a0479a058b3393da73f8",
  "download": "https://api.apify.com/v2/key-value-stores/D9IkLmpPckoemLe5m/records/773d2d5aa710a0479a058b3393da73f8.zip"
},
{
  "url": "https://www.bing.com/images/create/portrait-photo-of-a-female-dog-dressed-in-modern-i/1-657bfff50452479b9ecce2d985bc702a?id=etEbOdNJ1Y71YPSVq97DpA%3d%3d&view=detailv2&idpp=genimg&idpbck=1&form=BICREC",
  "urlHash": "94a483dc0c4833d93a72671d7e79b79d",
  "download": "https://api.apify.com/v2/key-value-stores/D9IkLmpPckoemLe5m/records/94a483dc0c4833d93a72671d7e79b79d.zip"
},
{
  "url": "https://www.bing.com/images/create/portrait-photo-of-a-female-dog-dressed-in-modern-i/1-657bfff50452479b9ecce2d985bc702a?id=W9F3kUn57UABGjaOPrngoQ%3d%3d&view=detailv2&idpp=genimg&idpbck=1&form=BICREC",
  "urlHash": "85607f5be265da5f3f2ef4ce835b6792",
  "download": "https://api.apify.com/v2/key-value-stores/D9IkLmpPckoemLe5m/records/85607f5be265da5f3f2ef4ce835b6792.zip"
},
{
  "url": "https://www.bing.com/images/create/portrait-photo-of-a-female-dog-dressed-in-modern-i/1-657bffccfe9d43d09144bd52819342b6?id=dBFn5xyu8ifQC91OmCiktA%3d%3d&view=detailv2&idpp=genimg&idpbck=1&form=BICREC",
  "urlHash": "15aa491af6078e15edbeacf3d9f08af9",
  "download": "https://api.apify.com/v2/key-value-stores/D9IkLmpPckoemLe5m/records/15aa491af6078e15edbeacf3d9f08af9.zip"
},
{
  "url": "https://www.bing.com/images/create/portrait-photo-of-a-female-dog-dressed-in-modern-i/1-657bfff50452479b9ecce2d985bc702a?id=0ehvt2bfFdgvCgIEk%2fprqg%3d%3d&view=detailv2&idpp=genimg&idpbck=1&form=BICREC",
  "urlHash": "37984ee94eedb24050625f80547e36ff",
  "download": "https://api.apify.com/v2/key-value-stores/D9IkLmpPckoemLe5m/records/37984ee94eedb24050625f80547e36ff.zip"
},
{
  "url": "https://www.bing.com/images/create/portrait-photo-of-a-female-dog-dressed-in-modern-i/1-657bfff50452479b9ecce2d985bc702a?id=h0xxNyIEQIx5a%2fA3I7t%2fPA%3d%3d&view=detailv2&idpp=genimg&idpbck=1&form=BICREC",
  "urlHash": "281b7635c198090c84f5a7258134cf7f",
  "download": "https://api.apify.com/v2/key-value-stores/D9IkLmpPckoemLe5m/records/281b7635c198090c84f5a7258134cf7f.zip"
},
{
  "url": "https://www.bing.com/images/create/portrait-photo-of-a-female-dog-dressed-in-modern-i/1-657bffccfe9d43d09144bd52819342b6?id=A6q%2b52QVr0fpSXLwyr4YLQ%3d%3d&view=detailv2&idpp=genimg&idpbck=1&form=BICREC",
  "urlHash": "2603e17ad854a158d523766affdf575b",
  "download": "https://api.apify.com/v2/key-value-stores/D9IkLmpPckoemLe5m/records/2603e17ad854a158d523766affdf575b.zip"
},
{
  "url": "https://www.bing.com/images/create/portrait-photo-of-a-female-dog-dressed-in-modern-i/1-657bffccfe9d43d09144bd52819342b6?id=feuT%2fYhZHEzKS%2btDvuU6kA%3d%3d&view=detailv2&idpp=genimg&idpbck=1&form=BICREC",
  "urlHash": "4edd186a1cc33c15a240d01e95e052a3",
  "download": "https://api.apify.com/v2/key-value-stores/D9IkLmpPckoemLe5m/records/4edd186a1cc33c15a240d01e95e052a3.zip"
},
{
  "url": "https://www.bing.com/images/create/portrait-photo-of-a-female-dog-dressed-in-modern-i/1-657bffccfe9d43d09144bd52819342b6?id=iiWPZ8eCc6kD0a6r1QEYbg%3d%3d&view=detailv2&idpp=genimg&idpbck=1&form=BICREC",
  "urlHash": "cf7d4ae9e319a9abdeaab8b9bba3a932",
  "download": "https://api.apify.com/v2/key-value-stores/D9IkLmpPckoemLe5m/records/cf7d4ae9e319a9abdeaab8b9bba3a932.zip"
},
{
  "url": "https://www.bing.com/images/create/portrait-photo-of-a-female-dog-dressed-in-modern-i/1-657bfeef17c44b949f699ea89fed1dee?id=Cc3gNY7b2dqRLY41nZqbnA%3d%3d&view=detailv2&idpp=genimg&idpbck=1&form=BICREC",
  "urlHash": "ce6532d83ec1165de0c435faa6f7852d",
  "download": "https://api.apify.com/v2/key-value-stores/D9IkLmpPckoemLe5m/records/ce6532d83ec1165de0c435faa6f7852d.zip"
},
{
  "url": "https://www.bing.com/images/create/portrait-photo-of-a-female-dog-dressed-in-modern-i/1-657bfeef17c44b949f699ea89fed1dee?id=i%2f889b3NneJiSLHZIFyWuQ%3d%3d&view=detailv2&idpp=genimg&idpbck=1&form=BICREC",
  "urlHash": "7b9d4c9bfc564d8524ccac4b9c9c5173",
  "download": "https://api.apify.com/v2/key-value-stores/D9IkLmpPckoemLe5m/records/7b9d4c9bfc564d8524ccac4b9c9c5173.zip"
},
{
  "url": "https://www.bing.com/images/create/portrait-photo-of-a-female-dog-dressed-in-modern-i/1-657bfeef17c44b949f699ea89fed1dee?id=LkI2kwrDLNtOjHsHt2f8nQ%3d%3d&view=detailv2&idpp=genimg&idpbck=1&form=BICREC",
  "urlHash": "ea2a4b3a7f69e4fde053871756358c47",
  "download": "https://api.apify.com/v2/key-value-stores/D9IkLmpPckoemLe5m/records/ea2a4b3a7f69e4fde053871756358c47.zip"
},
{
  "url": "https://www.bing.com/images/create/portrait-photo-of-a-female-dog-dressed-in-modern-i/1-657bfeef17c44b949f699ea89fed1dee?id=cM7mLgIRNm2tzSXrpx5f4w%3d%3d&view=detailv2&idpp=genimg&idpbck=1&form=BICREC",
  "urlHash": "2435a665a2da970962dab030533b2811",
  "download": "https://api.apify.com/v2/key-value-stores/D9IkLmpPckoemLe5m/records/2435a665a2da970962dab030533b2811.zip"
},
{
  "url": "https://www.bing.com/images/create/portrait-photo-of-a-female-dog-dressed-in-modern-i/1-657bfed0e7ae40f5b01eb39df877e712?id=xnwzMij%2fg8srYxvDj93Azg%3d%3d&view=detailv2&idpp=genimg&idpbck=1&form=BICREC",
  "urlHash": "67d8e3b7c14d96149ab2287eeaca5c21",
  "download": "https://api.apify.com/v2/key-value-stores/D9IkLmpPckoemLe5m/records/67d8e3b7c14d96149ab2287eeaca5c21.zip"
},
{
  "url": "https://www.bing.com/images/create/portrait-photo-of-a-female-dog-dressed-in-modern-i/1-657bfed0e7ae40f5b01eb39df877e712?id=bYLyhK8RAfO%2bNgEEwYMaRg%3d%3d&view=detailv2&idpp=genimg&idpbck=1&form=BICREC",
  "urlHash": "e937c5bb08de18b2378715160c7f0a45",
  "download": "https://api.apify.com/v2/key-value-stores/D9IkLmpPckoemLe5m/records/e937c5bb08de18b2378715160c7f0a45.zip"
},
{
  "url": "https://www.bing.com/images/create/portrait-photo-of-a-female-dog-dressed-in-modern-i/1-657bfed0e7ae40f5b01eb39df877e712?id=DhhunEh%2fIJsQ3pBF%2fYE8Zw%3d%3d&view=detailv2&idpp=genimg&idpbck=1&form=BICREC",
  "urlHash": "abc3b3702357ca992812853cb275a8e4",
  "download": "https://api.apify.com/v2/key-value-stores/D9IkLmpPckoemLe5m/records/abc3b3702357ca992812853cb275a8e4.zip"
},
{
  "url": "https://www.bing.com/images/create/portrait-photo-of-a-female-dog-dressed-in-modern-i/1-657bfea53e6749d9b517eb856dce878b?id=stdzMZP4czZtJWXm0M2OTg%3d%3d&view=detailv2&idpp=genimg&idpbck=1&form=BICREC",
  "urlHash": "41b05216a0008f9394aa31390c14700c",
  "download": "https://api.apify.com/v2/key-value-stores/D9IkLmpPckoemLe5m/records/41b05216a0008f9394aa31390c14700c.zip"
},
{
  "url": "https://www.bing.com/images/create/portrait-photo-of-a-female-dog-dressed-in-modern-i/1-657bfea53e6749d9b517eb856dce878b?id=HZNvkE2Dw2MjIp60VIErZQ%3d%3d&view=detailv2&idpp=genimg&idpbck=1&form=BICREC",
  "urlHash": "bdd4bcdf60987442d6ad7639e3e513a3",
  "download": "https://api.apify.com/v2/key-value-stores/D9IkLmpPckoemLe5m/records/bdd4bcdf60987442d6ad7639e3e513a3.zip"
},
{
  "url": "https://www.bing.com/images/create/portrait-photo-of-a-female-dog-dressed-in-modern-i/1-657bfea53e6749d9b517eb856dce878b?id=jMWeC6JdabiJRYlNWR5AaA%3d%3d&view=detailv2&idpp=genimg&idpbck=1&form=BICREC",
  "urlHash": "a2b86294134f624a146cca3b1ab74132",
  "download": "https://api.apify.com/v2/key-value-stores/D9IkLmpPckoemLe5m/records/a2b86294134f624a146cca3b1ab74132.zip"
},
{
  "url": "https://www.bing.com/images/create/portrait-photo-of-a-female-dog-dressed-in-modern-i/1-657bfea53e6749d9b517eb856dce878b?id=9yT6Za42qcckLmC2YUtQdA%3d%3d&view=detailv2&idpp=genimg&idpbck=1&form=BICREC",
  "urlHash": "9c47475ef576ab76574fed5e18d6c9c5",
  "download": "https://api.apify.com/v2/key-value-stores/D9IkLmpPckoemLe5m/records/9c47475ef576ab76574fed5e18d6c9c5.zip"
},
{
  "url": "https://www.bing.com/images/create/portrait-photo-of-a-female-dog-dressed-in-modern-i/1-657bfed0e7ae40f5b01eb39df877e712?id=GUtzrM0cinLk5gDP9ThiYA%3d%3d&view=detailv2&idpp=genimg&idpbck=1&form=BICREC",
  "urlHash": "abe230bbbb9514fe56278752a1fa220b",
  "download": "https://api.apify.com/v2/key-value-stores/D9IkLmpPckoemLe5m/records/abe230bbbb9514fe56278752a1fa220b.zip"
},
{
  "url": "https://www.bing.com/images/create/portrait-photo-of-a-female-dog-dressed-in-modern-i/1-657bfe5ee27f43c28ca7146fd3ab4ecc?id=3AAV7rXjJm%2fiR%2bYsPKRn0w%3d%3d&view=detailv2&idpp=genimg&idpbck=1&form=BICREC",
  "urlHash": "63a1fb88567753a5225c3beaf61b4720",
  "download": "https://api.apify.com/v2/key-value-stores/D9IkLmpPckoemLe5m/records/63a1fb88567753a5225c3beaf61b4720.zip"
},
{
  "url": "https://www.bing.com/images/create/portrait-photo-of-a-female-dog-dressed-in-modern-i/1-657bfe5ee27f43c28ca7146fd3ab4ecc?id=080v4uy44KQEGjSIX83a2Q%3d%3d&view=detailv2&idpp=genimg&idpbck=1&form=BICREC",
  "urlHash": "3bf216e2d7f760bd0647500fa473f1b1",
  "download": "https://api.apify.com/v2/key-value-stores/D9IkLmpPckoemLe5m/records/3bf216e2d7f760bd0647500fa473f1b1.zip"
},
{
  "url": "https://www.bing.com/images/create/portrait-photo-of-a-female-dog-dressed-in-modern-i/1-657bfe5ee27f43c28ca7146fd3ab4ecc?id=VM5%2fAufrqjayL49W1tezbg%3d%3d&view=detailv2&idpp=genimg&idpbck=1&form=BICREC",
  "urlHash": "8d44d792446d5131143cb4209a488555",
  "download": "https://api.apify.com/v2/key-value-stores/D9IkLmpPckoemLe5m/records/8d44d792446d5131143cb4209a488555.zip"
},
{
  "url": "https://www.bing.com/images/create/portrait-photo-of-a-female-dog-dressed-in-modern-i/1-657bff8f15f5475f9307f36f4d1291bc?id=3rr6d35yKMB1Bb%2bcL%2fV50A%3d%3d&view=detailv2&idpp=genimg&idpbck=1&form=BICREC",
  "urlHash": "65a016d1a306264fdbb28747e95eb475",
  "download": "https://api.apify.com/v2/key-value-stores/D9IkLmpPckoemLe5m/records/65a016d1a306264fdbb28747e95eb475.zip"
},
{
  "url": "https://www.bing.com/images/create/portrait-photo-of-a-female-dog-dressed-in-modern-i/1-657bfe5ee27f43c28ca7146fd3ab4ecc?id=F862qhx4r8p4SQPkS4DT7Q%3d%3d&view=detailv2&idpp=genimg&idpbck=1&form=BICREC",
  "urlHash": "b20da8a08c271903f6f6c239598ab339",
  "download": "https://api.apify.com/v2/key-value-stores/D9IkLmpPckoemLe5m/records/b20da8a08c271903f6f6c239598ab339.zip"
},
{
  "url": "https://www.bing.com/images/create/portrait-photo-of-a-female-dog-dressed-in-modern-i/1-657bff8f15f5475f9307f36f4d1291bc?id=xkiPSDzIadgK1D5uhgKGCQ%3d%3d&view=detailv2&idpp=genimg&idpbck=1&form=BICREC",
  "urlHash": "a9d0cf50901987282c0c63b3ebbf879d",
  "download": "https://api.apify.com/v2/key-value-stores/D9IkLmpPckoemLe5m/records/a9d0cf50901987282c0c63b3ebbf879d.zip"
},
{
  "url": "https://www.bing.com/images/create/portrait-photo-of-a-female-dog-dressed-in-modern-i/1-657bff8f15f5475f9307f36f4d1291bc?id=9bxYGD6rcpdU7uaBF8VaXA%3d%3d&view=detailv2&idpp=genimg&idpbck=1&form=BICREC",
  "urlHash": "160b0d43d84c0e09c2fc40ef10c868ae",
  "download": "https://api.apify.com/v2/key-value-stores/D9IkLmpPckoemLe5m/records/160b0d43d84c0e09c2fc40ef10c868ae.zip"
},
{
  "url": "https://www.bing.com/images/create/portrait-photo-of-a-female-dog-dressed-in-modern-i/1-657bff8f15f5475f9307f36f4d1291bc?id=Z2NTKeIWvKoUGACEW9hx%2bw%3d%3d&view=detailv2&idpp=genimg&idpbck=1&form=BICREC",
  "urlHash": "d1d88cd9740aacccd68218a05977e632",
  "download": "https://api.apify.com/v2/key-value-stores/D9IkLmpPckoemLe5m/records/d1d88cd9740aacccd68218a05977e632.zip"
},
{
  "url": "https://www.bing.com/images/create/portrait-photo-of-a-female-dog-dressed-in-modern-i/1-657bff7317394935a4591bd563ae0224?id=TkYu92GGbN5uWw6%2fslK%2b3g%3d%3d&view=detailv2&idpp=genimg&idpbck=1&form=BICREC",
  "urlHash": "64f4ed8aac5a060cef5dec2c93b99c69",
  "download": "https://api.apify.com/v2/key-value-stores/D9IkLmpPckoemLe5m/records/64f4ed8aac5a060cef5dec2c93b99c69.zip"
},
{
  "url": "https://www.bing.com/images/create/portrait-photo-of-a-female-dog-dressed-in-modern-i/1-657bff7317394935a4591bd563ae0224?id=UJvZvC3W7jGcfsutG5Tw8w%3d%3d&view=detailv2&idpp=genimg&idpbck=1&form=BICREC",
  "urlHash": "ea5f6a090879b16d0eec03b13e896dee",
  "download": "https://api.apify.com/v2/key-value-stores/D9IkLmpPckoemLe5m/records/ea5f6a090879b16d0eec03b13e896dee.zip"
},
{
  "url": "https://www.bing.com/images/create/portrait-photo-of-a-female-dog-dressed-in-modern-i/1-657bff7317394935a4591bd563ae0224?id=Wo8VrkRiDJyEUgV%2bO2DDrQ%3d%3d&view=detailv2&idpp=genimg&idpbck=1&form=BICREC",
  "urlHash": "9692f3f81f9050e54fd3d92e7bc8f215",
  "download": "https://api.apify.com/v2/key-value-stores/D9IkLmpPckoemLe5m/records/9692f3f81f9050e54fd3d92e7bc8f215.zip"
},
{
  "url": "https://www.bing.com/images/create/portrait-photo-of-a-female-dog-dressed-in-modern-i/1-657bff571df64051ba29e8cf19c745c8?id=zvdP3ats0hWq%2bvK6BftOEA%3d%3d&view=detailv2&idpp=genimg&idpbck=1&form=BICREC",
  "urlHash": "4e5324e3ba8d60647a0b04ab40164cd0",
  "download": "https://api.apify.com/v2/key-value-stores/D9IkLmpPckoemLe5m/records/4e5324e3ba8d60647a0b04ab40164cd0.zip"
},
{
  "url": "https://www.bing.com/images/create/portrait-photo-of-a-female-dog-dressed-in-modern-i/1-657bff7317394935a4591bd563ae0224?id=lkWwKNCVdcwT7I2OTs6AOQ%3d%3d&view=detailv2&idpp=genimg&idpbck=1&form=BICREC",
  "urlHash": "7bdf6e2f8eb4d333aa4e81255b6349bb",
  "download": "https://api.apify.com/v2/key-value-stores/D9IkLmpPckoemLe5m/records/7bdf6e2f8eb4d333aa4e81255b6349bb.zip"
},
{
  "url": "https://www.bing.com/images/create/portrait-photo-of-a-female-dog-dressed-in-modern-i/1-657bff571df64051ba29e8cf19c745c8?id=EfDGf%2fC1QmrxIc1kEG8v2g%3d%3d&view=detailv2&idpp=genimg&idpbck=1&form=BICREC",
  "urlHash": "9d4afb4cbc1641d3f002480e5f2cc18e",
  "download": "https://api.apify.com/v2/key-value-stores/D9IkLmpPckoemLe5m/records/9d4afb4cbc1641d3f002480e5f2cc18e.zip"
},
{
  "url": "https://www.bing.com/images/create/portrait-photo-of-a-female-dog-dressed-in-modern-i/1-657bff571df64051ba29e8cf19c745c8?id=BDmTKIrdwiWvYpXMgWvEQw%3d%3d&view=detailv2&idpp=genimg&idpbck=1&form=BICREC",
  "urlHash": "27537d52ccb4d76c1b56671d9a65f894",
  "download": "https://api.apify.com/v2/key-value-stores/D9IkLmpPckoemLe5m/records/27537d52ccb4d76c1b56671d9a65f894.zip"
},
{
  "url": "https://www.bing.com/images/create/portrait-photo-of-a-female-dog-dressed-in-modern-i/1-657bff571df64051ba29e8cf19c745c8?id=UyX5ewaYclWdpZv4e%2bCc1g%3d%3d&view=detailv2&idpp=genimg&idpbck=1&form=BICREC",
  "urlHash": "0315108ec66231bc57df3de58ef32139",
  "download": "https://api.apify.com/v2/key-value-stores/D9IkLmpPckoemLe5m/records/0315108ec66231bc57df3de58ef32139.zip"
},
{
  "url": "https://www.bing.com/images/create/portrait-photo-of-a-female-dog-dressed-in-modern-i/1-657bff2e301f4286969780c27b3bfee4?id=GrrmljRsCpWxsfPrrKTDnw%3d%3d&view=detailv2&idpp=genimg&idpbck=1&form=BICREC",
  "urlHash": "e8b46a725eed82dbd0b90151712d74df",
  "download": "https://api.apify.com/v2/key-value-stores/D9IkLmpPckoemLe5m/records/e8b46a725eed82dbd0b90151712d74df.zip"
},
{
  "url": "https://www.bing.com/images/create/portrait-photo-of-a-female-dog-dressed-in-modern-i/1-657bff2e301f4286969780c27b3bfee4?id=Xf%2bo9ou8OA2lcpAO18ntuQ%3d%3d&view=detailv2&idpp=genimg&idpbck=1&form=BICREC",
  "urlHash": "41c50f1e23aff7e9c6036440a7fc17b9",
  "download": "https://api.apify.com/v2/key-value-stores/D9IkLmpPckoemLe5m/records/41c50f1e23aff7e9c6036440a7fc17b9.zip"
},
{
  "url": "https://www.bing.com/images/create/portrait-photo-of-a-female-dog-dressed-in-modern-i/1-657bff2e301f4286969780c27b3bfee4?id=PXBffFuxo4gQIHuFh2ETrg%3d%3d&view=detailv2&idpp=genimg&idpbck=1&form=BICREC",
  "urlHash": "dc92e3e051dc63f2cd62e6fef49138df",
  "download": "https://api.apify.com/v2/key-value-stores/D9IkLmpPckoemLe5m/records/dc92e3e051dc63f2cd62e6fef49138df.zip"
},
{
  "url": "https://www.bing.com/images/create/portrait-photo-of-a-female-dog-dressed-in-modern-i/1-657bff2e301f4286969780c27b3bfee4?id=YmqhayQ874K4tXitGqOhwg%3d%3d&view=detailv2&idpp=genimg&idpbck=1&form=BICREC",
  "urlHash": "f4cd963bc25df008eebadf5d9d55616e",
  "download": "https://api.apify.com/v2/key-value-stores/D9IkLmpPckoemLe5m/records/f4cd963bc25df008eebadf5d9d55616e.zip"
},
{
  "url": "https://www.bing.com/images/create/portrait-photo-of-a-female-dog-dressed-in-modern-i/1-657c011a481e4c00875e8caf86c5a0e7?id=IWCddLhk3txuX4PhMaBxhw%3d%3d&view=detailv2&idpp=genimg&idpbck=1&form=BICREC",
  "urlHash": "d9c613ae26bda570f8e62124c9cef4d0",
  "download": "https://api.apify.com/v2/key-value-stores/D9IkLmpPckoemLe5m/records/d9c613ae26bda570f8e62124c9cef4d0.zip"
},
{
  "url": "https://www.bing.com/images/create/portrait-photo-of-a-female-dog-dressed-in-modern-i/1-657c011a481e4c00875e8caf86c5a0e7?id=I77e648Phr3gruyouOr0jw%3d%3d&view=detailv2&idpp=genimg&idpbck=1&form=BICREC",
  "urlHash": "a303bb77187f4ffdae983311cc5c0cb2",
  "download": "https://api.apify.com/v2/key-value-stores/D9IkLmpPckoemLe5m/records/a303bb77187f4ffdae983311cc5c0cb2.zip"
},
{
  "url": "https://www.bing.com/images/create/portrait-photo-of-a-female-dog-dressed-in-modern-i/1-657c011a481e4c00875e8caf86c5a0e7?id=%2fmchhjOwdahBGocO3AeLyA%3d%3d&view=detailv2&idpp=genimg&idpbck=1&form=BICREC",
  "urlHash": "5dd3a76607848b7db33f4840badcfe9a",
  "download": "https://api.apify.com/v2/key-value-stores/D9IkLmpPckoemLe5m/records/5dd3a76607848b7db33f4840badcfe9a.zip"
},
{
  "url": "https://www.bing.com/images/create/portrait-photo-of-a-female-dog-dressed-in-modern-i/1-657c011a481e4c00875e8caf86c5a0e7?id=iEiFnQpnEr6gZeCwWeqXXQ%3d%3d&view=detailv2&idpp=genimg&idpbck=1&form=BICREC",
  "urlHash": "7cc9bb106cbb3e73c422672031fdb699",
  "download": "https://api.apify.com/v2/key-value-stores/D9IkLmpPckoemLe5m/records/7cc9bb106cbb3e73c422672031fdb699.zip"
},
{
  "url": "https://www.bing.com/images/create/portrait-photo-of-a-female-dog-dressed-in-modern-i/1-657c00fe120448c3867a8434e50085fc?id=JA%2fvKhS49XQ0Fr9Xgp2hOA%3d%3d&view=detailv2&idpp=genimg&idpbck=1&form=BICREC",
  "urlHash": "833236a05e749532a4833763b710bd40",
  "download": "https://api.apify.com/v2/key-value-stores/D9IkLmpPckoemLe5m/records/833236a05e749532a4833763b710bd40.zip"
},
{
  "url": "https://www.bing.com/images/create/portrait-photo-of-a-female-dog-dressed-in-modern-i/1-657c00fe120448c3867a8434e50085fc?id=QkrUuzcj8SzGrmJaNKM%2fbg%3d%3d&view=detailv2&idpp=genimg&idpbck=1&form=BICREC",
  "urlHash": "a04216ff8f0769ecb4615ab9b5bc7181",
  "download": "https://api.apify.com/v2/key-value-stores/D9IkLmpPckoemLe5m/records/a04216ff8f0769ecb4615ab9b5bc7181.zip"
},
{
  "url": "https://www.bing.com/images/create/portrait-photo-of-a-female-dog-dressed-in-modern-i/1-657c00fe120448c3867a8434e50085fc?id=4zgIA4mmxktVP3RTfRVioQ%3d%3d&view=detailv2&idpp=genimg&idpbck=1&form=BICREC",
  "urlHash": "08cf3e17301dcca0fad51ccc1819612c",
  "download": "https://api.apify.com/v2/key-value-stores/D9IkLmpPckoemLe5m/records/08cf3e17301dcca0fad51ccc1819612c.zip"
},
{
  "url": "https://www.bing.com/images/create/portrait-photo-of-a-female-dog-dressed-in-modern-i/1-657c00fe120448c3867a8434e50085fc?id=qjdnvypLBUCTOD%2fPhCSziA%3d%3d&view=detailv2&idpp=genimg&idpbck=1&form=BICREC",
  "urlHash": "cbcdc0202897ebf87aae701224bbf3b8",
  "download": "https://api.apify.com/v2/key-value-stores/D9IkLmpPckoemLe5m/records/cbcdc0202897ebf87aae701224bbf3b8.zip"
},
{
  "url": "https://www.bing.com/images/create/portrait-photo-of-a-female-dog-dressed-in-modern-i/1-657c00e37b0d4959a297e7cc9c08e6a9?id=62IeA%2bByPU8czestUwO6mg%3d%3d&view=detailv2&idpp=genimg&idpbck=1&form=BICREC",
  "urlHash": "7c6997feae4b3183430f7de5eb84e025",
  "download": "https://api.apify.com/v2/key-value-stores/D9IkLmpPckoemLe5m/records/7c6997feae4b3183430f7de5eb84e025.zip"
},
{
  "url": "https://www.bing.com/images/create/portrait-photo-of-a-female-dog-dressed-in-modern-i/1-657c00e37b0d4959a297e7cc9c08e6a9?id=waMS3Lwoz0MCpTyY8MVJzQ%3d%3d&view=detailv2&idpp=genimg&idpbck=1&form=BICREC",
  "urlHash": "6e0578bd19361ffce3a5f36b570113c7",
  "download": "https://api.apify.com/v2/key-value-stores/D9IkLmpPckoemLe5m/records/6e0578bd19361ffce3a5f36b570113c7.zip"
},
{
  "url": "https://www.bing.com/images/create/portrait-photo-of-a-female-dog-dressed-in-modern-i/1-657c00e37b0d4959a297e7cc9c08e6a9?id=1hRTvJLs9%2beiGSGW9bkTIA%3d%3d&view=detailv2&idpp=genimg&idpbck=1&form=BICREC",
  "urlHash": "56af454402b40c54b6d8bfaa746bf2cc",
  "download": "https://api.apify.com/v2/key-value-stores/D9IkLmpPckoemLe5m/records/56af454402b40c54b6d8bfaa746bf2cc.zip"
},
{
  "url": "https://www.bing.com/images/create/portrait-photo-of-a-female-dog-dressed-in-modern-i/1-657c00e37b0d4959a297e7cc9c08e6a9?id=6steHjte8gSJr1DQbYMIlg%3d%3d&view=detailv2&idpp=genimg&idpbck=1&form=BICREC",
  "urlHash": "d8b7d20546dd9c67a718927d2a126eaa",
  "download": "https://api.apify.com/v2/key-value-stores/D9IkLmpPckoemLe5m/records/d8b7d20546dd9c67a718927d2a126eaa.zip"
},
{
  "url": "https://www.bing.com/images/create/portrait-photo-of-a-female-dog-dressed-in-modern-i/1-657c00c31b304b51babe48d6facec58a?id=TRB%2fHu4peEKeiwZGEepDqw%3d%3d&view=detailv2&idpp=genimg&idpbck=1&form=BICREC",
  "urlHash": "2047dbe794ae5b33ebaa4c79a8c5aa3c",
  "download": "https://api.apify.com/v2/key-value-stores/D9IkLmpPckoemLe5m/records/2047dbe794ae5b33ebaa4c79a8c5aa3c.zip"
},
{
  "url": "https://www.bing.com/images/create/portrait-photo-of-a-female-dog-dressed-in-modern-i/1-657c00c31b304b51babe48d6facec58a?id=bH1PML6xG2cIS2uLXcbSsA%3d%3d&view=detailv2&idpp=genimg&idpbck=1&form=BICREC",
  "urlHash": "61230203014fb58c3ec08d7c5f9b3559",
  "download": "https://api.apify.com/v2/key-value-stores/D9IkLmpPckoemLe5m/records/61230203014fb58c3ec08d7c5f9b3559.zip"
},
{
  "url": "https://www.bing.com/images/create/portrait-photo-of-a-female-dog-dressed-in-modern-i/1-657c00c31b304b51babe48d6facec58a?id=FBHFtX%2b%2bPQ7SYcSEVtzX%2bg%3d%3d&view=detailv2&idpp=genimg&idpbck=1&form=BICREC",
  "urlHash": "790cc55155851b4696285921c9ca180d",
  "download": "https://api.apify.com/v2/key-value-stores/D9IkLmpPckoemLe5m/records/790cc55155851b4696285921c9ca180d.zip"
},
{
  "url": "https://www.bing.com/images/create/portrait-photo-of-a-female-dog-dressed-in-modern-i/1-657c00c31b304b51babe48d6facec58a?id=2PWzGcHEIe6IdKBRHSN18A%3d%3d&view=detailv2&idpp=genimg&idpbck=1&form=BICREC",
  "urlHash": "a52491ef11df6d3d3de4e2afb6835c75",
  "download": "https://api.apify.com/v2/key-value-stores/D9IkLmpPckoemLe5m/records/a52491ef11df6d3d3de4e2afb6835c75.zip"
}]