[{
  "url": "https://www.bing.com/images/create/portrait-photo-of-a-female-cat-dressed-in-modern-i/1-658021504f3d4f1bbaa031dc625472f7?id=CLIJnhoeSq70dJccSR2T7w%3d%3d&view=detailv2&idpp=genimg&idpbck=1&form=BICREC",
  "urlHash": "1aa81e7164ee82e828f75cc481d87c5c",
  "download": "https://api.apify.com/v2/key-value-stores/Tt7I9g87ivLmvj8kT/records/1aa81e7164ee82e828f75cc481d87c5c.zip"
},
{
  "url": "https://www.bing.com/images/create/portrait-photo-of-a-female-cat-dressed-in-modern-i/1-658021504f3d4f1bbaa031dc625472f7?id=QtE%2fldUM9BukNJBo3neSdQ%3d%3d&view=detailv2&idpp=genimg&idpbck=1&form=BICREC",
  "urlHash": "1f1a0307fd81370f290a28cea3b999a8",
  "download": "https://api.apify.com/v2/key-value-stores/Tt7I9g87ivLmvj8kT/records/1f1a0307fd81370f290a28cea3b999a8.zip"
},
{
  "url": "https://www.bing.com/images/create/portrait-photo-of-a-female-cat-dressed-in-modern-i/1-658021504f3d4f1bbaa031dc625472f7?id=cmxvZqeTvaQblMNQgppmiQ%3d%3d&view=detailv2&idpp=genimg&idpbck=1&form=BICREC",
  "urlHash": "eb86af31571942bf2664f0b8eb4ada65",
  "download": "https://api.apify.com/v2/key-value-stores/Tt7I9g87ivLmvj8kT/records/eb86af31571942bf2664f0b8eb4ada65.zip"
},
{
  "url": "https://www.bing.com/images/create/portrait-photo-of-a-female-cat-dressed-in-modern-i/1-65802130cd764dd6850f7e23634a2233?id=DL5rSjcG%2bCpAoBP0l9Dukw%3d%3d&view=detailv2&idpp=genimg&idpbck=1&form=BICREC",
  "urlHash": "7a92c2fd6718d86071c6184b28273f40",
  "download": "https://api.apify.com/v2/key-value-stores/Tt7I9g87ivLmvj8kT/records/7a92c2fd6718d86071c6184b28273f40.zip"
},
{
  "url": "https://www.bing.com/images/create/portrait-photo-of-a-female-cat-dressed-in-modern-i/1-65802130cd764dd6850f7e23634a2233?id=Gx%2b3WlBzcgHeovszxh0L9w%3d%3d&view=detailv2&idpp=genimg&idpbck=1&form=BICREC",
  "urlHash": "af44bc4063bffcabb5f9c39ba70b246b",
  "download": "https://api.apify.com/v2/key-value-stores/Tt7I9g87ivLmvj8kT/records/af44bc4063bffcabb5f9c39ba70b246b.zip"
},
{
  "url": "https://www.bing.com/images/create/portrait-photo-of-a-female-cat-dressed-in-modern-i/1-65802130cd764dd6850f7e23634a2233?id=ESw4gpi9yW32BrJ2ejuGSQ%3d%3d&view=detailv2&idpp=genimg&idpbck=1&form=BICREC",
  "urlHash": "531486df79c301a16b2b5e7c24621ffb",
  "download": "https://api.apify.com/v2/key-value-stores/Tt7I9g87ivLmvj8kT/records/531486df79c301a16b2b5e7c24621ffb.zip"
},
{
  "url": "https://www.bing.com/images/create/portrait-photo-of-a-female-cat-dressed-in-modern-i/1-658021504f3d4f1bbaa031dc625472f7?id=v%2f7wirRkKXg3hcw7Fz%2f88Q%3d%3d&view=detailv2&idpp=genimg&idpbck=1&form=BICREC",
  "urlHash": "6130bdf6e8a99e9d20e4d42e78e27c6b",
  "download": "https://api.apify.com/v2/key-value-stores/Tt7I9g87ivLmvj8kT/records/6130bdf6e8a99e9d20e4d42e78e27c6b.zip"
},
{
  "url": "https://www.bing.com/images/create/portrait-photo-of-a-female-cat-dressed-in-modern-i/1-65802111b03044618cc9524eff46a98a?id=6o90GoSORsSKN45AN9Htkw%3d%3d&view=detailv2&idpp=genimg&idpbck=1&form=BICREC",
  "urlHash": "98b1254f0db721005d37dae037a06a03",
  "download": "https://api.apify.com/v2/key-value-stores/Tt7I9g87ivLmvj8kT/records/98b1254f0db721005d37dae037a06a03.zip"
},
{
  "url": "https://www.bing.com/images/create/portrait-photo-of-a-female-cat-dressed-in-modern-i/1-65802111b03044618cc9524eff46a98a?id=y%2fE63YkT4lvlmwBrJX2W5w%3d%3d&view=detailv2&idpp=genimg&idpbck=1&form=BICREC",
  "urlHash": "0cfbb0b4962e5e07068c6344d28be3b3",
  "download": "https://api.apify.com/v2/key-value-stores/Tt7I9g87ivLmvj8kT/records/0cfbb0b4962e5e07068c6344d28be3b3.zip"
},
{
  "url": "https://www.bing.com/images/create/portrait-photo-of-a-female-cat-dressed-in-modern-i/1-65802111b03044618cc9524eff46a98a?id=znsBCwvM1WTJImmBMJmbYg%3d%3d&view=detailv2&idpp=genimg&idpbck=1&form=BICREC",
  "urlHash": "2b5ec6bd794619acea8d8547fb63bc9a",
  "download": "https://api.apify.com/v2/key-value-stores/Tt7I9g87ivLmvj8kT/records/2b5ec6bd794619acea8d8547fb63bc9a.zip"
},
{
  "url": "https://www.bing.com/images/create/portrait-photo-of-a-female-cat-dressed-in-modern-i/1-658020e8b7744f6085d444b2f064282e?id=0fCNSOiWC3ZG1b9Mb7ZQTg%3d%3d&view=detailv2&idpp=genimg&idpbck=1&form=BICREC",
  "urlHash": "861fca1b00896504c32e01c6f8088173",
  "download": "https://api.apify.com/v2/key-value-stores/Tt7I9g87ivLmvj8kT/records/861fca1b00896504c32e01c6f8088173.zip"
},
{
  "url": "https://www.bing.com/images/create/portrait-photo-of-a-female-cat-dressed-in-modern-i/1-65802130cd764dd6850f7e23634a2233?id=9MBysnQsz8MOJuavUPxLhg%3d%3d&view=detailv2&idpp=genimg&idpbck=1&form=BICREC",
  "urlHash": "11c7323cd55bf13c22a3335c5d841065",
  "download": "https://api.apify.com/v2/key-value-stores/Tt7I9g87ivLmvj8kT/records/11c7323cd55bf13c22a3335c5d841065.zip"
},
{
  "url": "https://www.bing.com/images/create/portrait-photo-of-a-female-cat-dressed-in-modern-i/1-658020e8b7744f6085d444b2f064282e?id=%2f26G5pi3gAA52fYaC0Krgg%3d%3d&view=detailv2&idpp=genimg&idpbck=1&form=BICREC",
  "urlHash": "62592a7cf8662ddda84b11b7ad57ba58",
  "download": "https://api.apify.com/v2/key-value-stores/Tt7I9g87ivLmvj8kT/records/62592a7cf8662ddda84b11b7ad57ba58.zip"
},
{
  "url": "https://www.bing.com/images/create/portrait-photo-of-a-female-cat-dressed-in-modern-i/1-658020e8b7744f6085d444b2f064282e?id=JGn%2banzB3dtXP8thelxnUA%3d%3d&view=detailv2&idpp=genimg&idpbck=1&form=BICREC",
  "urlHash": "b5571b5635848df6e28954dc67955459",
  "download": "https://api.apify.com/v2/key-value-stores/Tt7I9g87ivLmvj8kT/records/b5571b5635848df6e28954dc67955459.zip"
},
{
  "url": "https://www.bing.com/images/create/portrait-photo-of-a-female-cat-dressed-in-modern-i/1-658020a8033b40c1afb387df525bc46f?id=Kdhi%2bEQkALypAX5VeU%2bfuQ%3d%3d&view=detailv2&idpp=genimg&idpbck=1&form=BICREC",
  "urlHash": "2084777a967310ab1444acc816a48c47",
  "download": "https://api.apify.com/v2/key-value-stores/Tt7I9g87ivLmvj8kT/records/2084777a967310ab1444acc816a48c47.zip"
},
{
  "url": "https://www.bing.com/images/create/portrait-photo-of-a-female-cat-dressed-in-modern-i/1-658020a8033b40c1afb387df525bc46f?id=4ornV6nQ38pK6P0dkG3BuA%3d%3d&view=detailv2&idpp=genimg&idpbck=1&form=BICREC",
  "urlHash": "d61090fc66db2b3114dcc7ba3a5a5724",
  "download": "https://api.apify.com/v2/key-value-stores/Tt7I9g87ivLmvj8kT/records/d61090fc66db2b3114dcc7ba3a5a5724.zip"
},
{
  "url": "https://www.bing.com/images/create/portrait-photo-of-a-female-cat-dressed-in-modern-i/1-658020a8033b40c1afb387df525bc46f?id=TTot%2fuRudQe2qntF8%2bFa7g%3d%3d&view=detailv2&idpp=genimg&idpbck=1&form=BICREC",
  "urlHash": "7bf1dbf36fa3bc62583f9ef363f81637",
  "download": "https://api.apify.com/v2/key-value-stores/Tt7I9g87ivLmvj8kT/records/7bf1dbf36fa3bc62583f9ef363f81637.zip"
},
{
  "url": "https://www.bing.com/images/create/portrait-photo-of-a-female-cat-dressed-in-modern-i/1-6580208512e1481cac140a515e2136a2?id=8UHfGerAz0Hy%2fFZa%2fAVCsg%3d%3d&view=detailv2&idpp=genimg&idpbck=1&form=BICREC",
  "urlHash": "2dbbf696345eb5a49002516164dd293e",
  "download": "https://api.apify.com/v2/key-value-stores/Tt7I9g87ivLmvj8kT/records/2dbbf696345eb5a49002516164dd293e.zip"
},
{
  "url": "https://www.bing.com/images/create/portrait-photo-of-a-female-cat-dressed-in-modern-i/1-6580208512e1481cac140a515e2136a2?id=kzGrw%2fG6HyReg155IWym3g%3d%3d&view=detailv2&idpp=genimg&idpbck=1&form=BICREC",
  "urlHash": "d93e86646f18ca6e769e42b0683aacbb",
  "download": "https://api.apify.com/v2/key-value-stores/Tt7I9g87ivLmvj8kT/records/d93e86646f18ca6e769e42b0683aacbb.zip"
},
{
  "url": "https://www.bing.com/images/create/portrait-photo-of-a-female-cat-dressed-in-modern-i/1-658020a8033b40c1afb387df525bc46f?id=If%2fx5YWoVkzsEh4Mpx9W9w%3d%3d&view=detailv2&idpp=genimg&idpbck=1&form=BICREC",
  "urlHash": "b17e27a263142338292440f6b0cddb5d",
  "download": "https://api.apify.com/v2/key-value-stores/Tt7I9g87ivLmvj8kT/records/b17e27a263142338292440f6b0cddb5d.zip"
},
{
  "url": "https://www.bing.com/images/create/portrait-photo-of-a-female-cat-dressed-in-modern-i/1-6580208512e1481cac140a515e2136a2?id=tdDgj59GRYZ%2fgdyTM6GrAQ%3d%3d&view=detailv2&idpp=genimg&idpbck=1&form=BICREC",
  "urlHash": "625d9ead265b462c08f5d9b32c73b3f2",
  "download": "https://api.apify.com/v2/key-value-stores/Tt7I9g87ivLmvj8kT/records/625d9ead265b462c08f5d9b32c73b3f2.zip"
},
{
  "url": "https://www.bing.com/images/create/portrait-photo-of-a-female-cat-dressed-in-modern-i/1-6580208512e1481cac140a515e2136a2?id=Iy%2b8xhEEJ9fbQI5pFNuNLw%3d%3d&view=detailv2&idpp=genimg&idpbck=1&form=BICREC",
  "urlHash": "2ab049751ad9bb94d2aaaf0f8a46a9e8",
  "download": "https://api.apify.com/v2/key-value-stores/Tt7I9g87ivLmvj8kT/records/2ab049751ad9bb94d2aaaf0f8a46a9e8.zip"
},
{
  "url": "https://www.bing.com/images/create/portrait-photo-of-a-female-cat-dressed-in-modern-i/1-6580206ac5354bb2b5b618d3fc2d2869?id=LKm4sBChI1T6fanGJrnTjg%3d%3d&view=detailv2&idpp=genimg&idpbck=1&form=BICREC",
  "urlHash": "d33322020e8b809d0c2c4312beb82e02",
  "download": "https://api.apify.com/v2/key-value-stores/Tt7I9g87ivLmvj8kT/records/d33322020e8b809d0c2c4312beb82e02.zip"
},
{
  "url": "https://www.bing.com/images/create/portrait-photo-of-a-female-cat-dressed-in-modern-i/1-6580206ac5354bb2b5b618d3fc2d2869?id=3uJdKx4iUU58Cx85diS1wA%3d%3d&view=detailv2&idpp=genimg&idpbck=1&form=BICREC",
  "urlHash": "0d9e6c45e094f482ab37388f40d86eae",
  "download": "https://api.apify.com/v2/key-value-stores/Tt7I9g87ivLmvj8kT/records/0d9e6c45e094f482ab37388f40d86eae.zip"
},
{
  "url": "https://www.bing.com/images/create/portrait-photo-of-a-female-cat-dressed-in-modern-i/1-6580206ac5354bb2b5b618d3fc2d2869?id=AYMSv4J96xhHspC5EoqxTg%3d%3d&view=detailv2&idpp=genimg&idpbck=1&form=BICREC",
  "urlHash": "d8490bc24bfe0a77e4d4c4fdd6bd0f41",
  "download": "https://api.apify.com/v2/key-value-stores/Tt7I9g87ivLmvj8kT/records/d8490bc24bfe0a77e4d4c4fdd6bd0f41.zip"
},
{
  "url": "https://www.bing.com/images/create/portrait-photo-of-a-female-cat-dressed-in-modern-i/1-6580206ac5354bb2b5b618d3fc2d2869?id=1drCHfec8lWkoccNIs3sWg%3d%3d&view=detailv2&idpp=genimg&idpbck=1&form=BICREC",
  "urlHash": "53f52d385ba97b71b54e30457917ebc2",
  "download": "https://api.apify.com/v2/key-value-stores/Tt7I9g87ivLmvj8kT/records/53f52d385ba97b71b54e30457917ebc2.zip"
},
{
  "url": "https://www.bing.com/images/create/portrait-photo-of-a-female-cat-dressed-in-modern-i/1-65802050a09b40799410d57c098a4854?id=YJL4KczK2%2ftrdSo6ivjAhg%3d%3d&view=detailv2&idpp=genimg&idpbck=1&form=BICREC",
  "urlHash": "efa2ef93ba82bc9f1f657e9e100f739c",
  "download": "https://api.apify.com/v2/key-value-stores/Tt7I9g87ivLmvj8kT/records/efa2ef93ba82bc9f1f657e9e100f739c.zip"
},
{
  "url": "https://www.bing.com/images/create/portrait-photo-of-a-female-cat-dressed-in-modern-i/1-65802050a09b40799410d57c098a4854?id=UI%2fxseKcyxVxBedhBzelHw%3d%3d&view=detailv2&idpp=genimg&idpbck=1&form=BICREC",
  "urlHash": "b1727c1ffe48f039e265b035af0905ad",
  "download": "https://api.apify.com/v2/key-value-stores/Tt7I9g87ivLmvj8kT/records/b1727c1ffe48f039e265b035af0905ad.zip"
},
{
  "url": "https://www.bing.com/images/create/portrait-photo-of-a-female-cat-dressed-in-modern-i/1-65802050a09b40799410d57c098a4854?id=DNxqAk%2f2XuKKTGwsxAFLSA%3d%3d&view=detailv2&idpp=genimg&idpbck=1&form=BICREC",
  "urlHash": "47784956f5dc7760817c99102a370226",
  "download": "https://api.apify.com/v2/key-value-stores/Tt7I9g87ivLmvj8kT/records/47784956f5dc7760817c99102a370226.zip"
},
{
  "url": "https://www.bing.com/images/create/portrait-photo-of-a-female-cat-dressed-in-modern-i/1-65802050a09b40799410d57c098a4854?id=PVKQduw1kjSiEhiutT7%2fJw%3d%3d&view=detailv2&idpp=genimg&idpbck=1&form=BICREC",
  "urlHash": "2ea9788149b7fbc8df3ce9e855199721",
  "download": "https://api.apify.com/v2/key-value-stores/Tt7I9g87ivLmvj8kT/records/2ea9788149b7fbc8df3ce9e855199721.zip"
},
{
  "url": "https://www.bing.com/images/create/portrait-photo-of-a-female-cat-dressed-in-modern-i/1-6580202430684dbe9eb36938148505d6?id=maupwzCJBCmyqkHTswMArA%3d%3d&view=detailv2&idpp=genimg&idpbck=1&form=BICREC",
  "urlHash": "6ce60a5b815b113510b507acd12aeb96",
  "download": "https://api.apify.com/v2/key-value-stores/Tt7I9g87ivLmvj8kT/records/6ce60a5b815b113510b507acd12aeb96.zip"
},
{
  "url": "https://www.bing.com/images/create/portrait-photo-of-a-female-cat-dressed-in-modern-i/1-6580202430684dbe9eb36938148505d6?id=Y5r05mMXqdvfKwfi82SL4g%3d%3d&view=detailv2&idpp=genimg&idpbck=1&form=BICREC",
  "urlHash": "f703af697b2a1136d0d2e63a87e893e0",
  "download": "https://api.apify.com/v2/key-value-stores/Tt7I9g87ivLmvj8kT/records/f703af697b2a1136d0d2e63a87e893e0.zip"
},
{
  "url": "https://www.bing.com/images/create/portrait-photo-of-a-female-cat-dressed-in-modern-i/1-6580202430684dbe9eb36938148505d6?id=fdNHoz5PLjoCVk379nWJqQ%3d%3d&view=detailv2&idpp=genimg&idpbck=1&form=BICREC",
  "urlHash": "c1685e32f7a0fb621562f5d205825150",
  "download": "https://api.apify.com/v2/key-value-stores/Tt7I9g87ivLmvj8kT/records/c1685e32f7a0fb621562f5d205825150.zip"
},
{
  "url": "https://www.bing.com/images/create/portrait-photo-of-a-female-cat-dressed-in-modern-i/1-6580202430684dbe9eb36938148505d6?id=kAuO%2f3n1liQcsX3MZuukKQ%3d%3d&view=detailv2&idpp=genimg&idpbck=1&form=BICREC",
  "urlHash": "b0339025e0abe9b5427b7c46325f8c75",
  "download": "https://api.apify.com/v2/key-value-stores/Tt7I9g87ivLmvj8kT/records/b0339025e0abe9b5427b7c46325f8c75.zip"
},
{
  "url": "https://www.bing.com/images/create/portrait-photo-of-a-female-cat-dressed-in-modern-i/1-6580228a70764a8786a6520d84b09ed3?id=9a24%2bTCRjY2T5t4GmraLZQ%3d%3d&view=detailv2&idpp=genimg&idpbck=1&form=BICREC",
  "urlHash": "c65475c3cf42343fca6ab2432bee1fcd",
  "download": "https://api.apify.com/v2/key-value-stores/Tt7I9g87ivLmvj8kT/records/c65475c3cf42343fca6ab2432bee1fcd.zip"
},
{
  "url": "https://www.bing.com/images/create/portrait-photo-of-a-female-cat-dressed-in-modern-i/1-6580228a70764a8786a6520d84b09ed3?id=wyLUWIORBzZutskXeYmjZA%3d%3d&view=detailv2&idpp=genimg&idpbck=1&form=BICREC",
  "urlHash": "8421a1053d1094ed66d42c2eb41a123d",
  "download": "https://api.apify.com/v2/key-value-stores/Tt7I9g87ivLmvj8kT/records/8421a1053d1094ed66d42c2eb41a123d.zip"
},
{
  "url": "https://www.bing.com/images/create/portrait-photo-of-a-female-cat-dressed-in-modern-i/1-6580228a70764a8786a6520d84b09ed3?id=v8L8NyTs9G87NUL5ONmbNQ%3d%3d&view=detailv2&idpp=genimg&idpbck=1&form=BICREC",
  "urlHash": "82d2d4b3f97e9b05fa639468b893a923",
  "download": "https://api.apify.com/v2/key-value-stores/Tt7I9g87ivLmvj8kT/records/82d2d4b3f97e9b05fa639468b893a923.zip"
},
{
  "url": "https://www.bing.com/images/create/portrait-photo-of-a-female-cat-dressed-in-modern-i/1-6580228a70764a8786a6520d84b09ed3?id=2ykwHdrfJdQ%2fdP8GmY3fBg%3d%3d&view=detailv2&idpp=genimg&idpbck=1&form=BICREC",
  "urlHash": "662a0fd26ff9e58e8dee45b4dc8886ef",
  "download": "https://api.apify.com/v2/key-value-stores/Tt7I9g87ivLmvj8kT/records/662a0fd26ff9e58e8dee45b4dc8886ef.zip"
},
{
  "url": "https://www.bing.com/images/create/portrait-photo-of-a-female-cat-dressed-in-modern-i/1-6580226fa7ae4e6a9b8ba3092b460e65?id=71hwABQUtDaOcvHwypnmlQ%3d%3d&view=detailv2&idpp=genimg&idpbck=1&form=BICREC",
  "urlHash": "643e8f3ea7b1924e6942929799e74508",
  "download": "https://api.apify.com/v2/key-value-stores/Tt7I9g87ivLmvj8kT/records/643e8f3ea7b1924e6942929799e74508.zip"
},
{
  "url": "https://www.bing.com/images/create/portrait-photo-of-a-female-cat-dressed-in-modern-i/1-6580226fa7ae4e6a9b8ba3092b460e65?id=tLfCaS3Fx%2bPuKUOHTPiRMQ%3d%3d&view=detailv2&idpp=genimg&idpbck=1&form=BICREC",
  "urlHash": "95f3d6143243959dcacd086eb36c2a8f",
  "download": "https://api.apify.com/v2/key-value-stores/Tt7I9g87ivLmvj8kT/records/95f3d6143243959dcacd086eb36c2a8f.zip"
},
{
  "url": "https://www.bing.com/images/create/portrait-photo-of-a-female-cat-dressed-in-modern-i/1-6580226fa7ae4e6a9b8ba3092b460e65?id=3bJ%2fxi5ypYXHAJVlHqXC5g%3d%3d&view=detailv2&idpp=genimg&idpbck=1&form=BICREC",
  "urlHash": "144e6993a239fbc5c02280ba35e6819a",
  "download": "https://api.apify.com/v2/key-value-stores/Tt7I9g87ivLmvj8kT/records/144e6993a239fbc5c02280ba35e6819a.zip"
},
{
  "url": "https://www.bing.com/images/create/portrait-photo-of-a-female-cat-dressed-in-modern-i/1-6580226fa7ae4e6a9b8ba3092b460e65?id=JJJ%2fFwj1R2CIHSysvxYFCw%3d%3d&view=detailv2&idpp=genimg&idpbck=1&form=BICREC",
  "urlHash": "c512216358aa89024ee6de352abb0f40",
  "download": "https://api.apify.com/v2/key-value-stores/Tt7I9g87ivLmvj8kT/records/c512216358aa89024ee6de352abb0f40.zip"
},
{
  "url": "https://www.bing.com/images/create/portrait-photo-of-a-female-cat-dressed-in-modern-i/1-658022568f92436f86803c7fb08ae18b?id=e%2fvJ%2b4ZmA1NXR7RGdC%2flpA%3d%3d&view=detailv2&idpp=genimg&idpbck=1&form=BICREC",
  "urlHash": "7f35b6d0a37ef3b1294432d1cb8b0448",
  "download": "https://api.apify.com/v2/key-value-stores/Tt7I9g87ivLmvj8kT/records/7f35b6d0a37ef3b1294432d1cb8b0448.zip"
},
{
  "url": "https://www.bing.com/images/create/portrait-photo-of-a-female-cat-dressed-in-modern-i/1-658022568f92436f86803c7fb08ae18b?id=ySiXdti3LLBsE5FYkBf8zg%3d%3d&view=detailv2&idpp=genimg&idpbck=1&form=BICREC",
  "urlHash": "17b9a6ad5af7b63fd06127a07d568df2",
  "download": "https://api.apify.com/v2/key-value-stores/Tt7I9g87ivLmvj8kT/records/17b9a6ad5af7b63fd06127a07d568df2.zip"
},
{
  "url": "https://www.bing.com/images/create/portrait-photo-of-a-female-cat-dressed-in-modern-i/1-658022568f92436f86803c7fb08ae18b?id=S7bDAWfynm%2bge3O2SODLsg%3d%3d&view=detailv2&idpp=genimg&idpbck=1&form=BICREC",
  "urlHash": "b4d9abb2afa76d99a7e6862e8b6c60d7",
  "download": "https://api.apify.com/v2/key-value-stores/Tt7I9g87ivLmvj8kT/records/b4d9abb2afa76d99a7e6862e8b6c60d7.zip"
},
{
  "url": "https://www.bing.com/images/create/portrait-photo-of-a-female-cat-dressed-in-modern-i/1-658022568f92436f86803c7fb08ae18b?id=sw7wg7bBzb9diJFGIE0GUg%3d%3d&view=detailv2&idpp=genimg&idpbck=1&form=BICREC",
  "urlHash": "3336c6ea6af0777c2af528771acce97d",
  "download": "https://api.apify.com/v2/key-value-stores/Tt7I9g87ivLmvj8kT/records/3336c6ea6af0777c2af528771acce97d.zip"
},
{
  "url": "https://www.bing.com/images/create/portrait-photo-of-a-female-cat-dressed-in-modern-i/1-6580223354304e0fbad382e2527bb19b?id=3XTsMmWygEYC9Y4e6PqM5Q%3d%3d&view=detailv2&idpp=genimg&idpbck=1&form=BICREC",
  "urlHash": "5af7b958df0cb4dcdabadbb5ff8ad837",
  "download": "https://api.apify.com/v2/key-value-stores/Tt7I9g87ivLmvj8kT/records/5af7b958df0cb4dcdabadbb5ff8ad837.zip"
},
{
  "url": "https://www.bing.com/images/create/portrait-photo-of-a-female-cat-dressed-in-modern-i/1-6580223354304e0fbad382e2527bb19b?id=JdDI84QA6CdIrLtio53yYg%3d%3d&view=detailv2&idpp=genimg&idpbck=1&form=BICREC",
  "urlHash": "822758b6ee688fbb52af9992b2a947d4",
  "download": "https://api.apify.com/v2/key-value-stores/Tt7I9g87ivLmvj8kT/records/822758b6ee688fbb52af9992b2a947d4.zip"
},
{
  "url": "https://www.bing.com/images/create/portrait-photo-of-a-female-cat-dressed-in-modern-i/1-6580223354304e0fbad382e2527bb19b?id=lq8wLAHecwoLwY%2fTnHszvw%3d%3d&view=detailv2&idpp=genimg&idpbck=1&form=BICREC",
  "urlHash": "3d198e4ab8db03a19be8b16a5ad35e5e",
  "download": "https://api.apify.com/v2/key-value-stores/Tt7I9g87ivLmvj8kT/records/3d198e4ab8db03a19be8b16a5ad35e5e.zip"
},
{
  "url": "https://www.bing.com/images/create/portrait-photo-of-a-female-cat-dressed-in-modern-i/1-658021f7be464051aa7321f4577c988a?id=exL80hkKnOBrRr0jpIuWEQ%3d%3d&view=detailv2&idpp=genimg&idpbck=1&form=BICREC",
  "urlHash": "da0acff0b9bed8b007e999cfe7e8bee0",
  "download": "https://api.apify.com/v2/key-value-stores/Tt7I9g87ivLmvj8kT/records/da0acff0b9bed8b007e999cfe7e8bee0.zip"
},
{
  "url": "https://www.bing.com/images/create/portrait-photo-of-a-female-cat-dressed-in-modern-i/1-658021f7be464051aa7321f4577c988a?id=zD2DqrPAxtnqbV1Tx%2fejjQ%3d%3d&view=detailv2&idpp=genimg&idpbck=1&form=BICREC",
  "urlHash": "c1d263e1cd0341add692c7cf792b12db",
  "download": "https://api.apify.com/v2/key-value-stores/Tt7I9g87ivLmvj8kT/records/c1d263e1cd0341add692c7cf792b12db.zip"
},
{
  "url": "https://www.bing.com/images/create/portrait-photo-of-a-female-cat-dressed-in-modern-i/1-658021f7be464051aa7321f4577c988a?id=iE2bJDMLbK4D6mxP0N%2baVQ%3d%3d&view=detailv2&idpp=genimg&idpbck=1&form=BICREC",
  "urlHash": "66e127e8a89d550590341e50c0e7cde7",
  "download": "https://api.apify.com/v2/key-value-stores/Tt7I9g87ivLmvj8kT/records/66e127e8a89d550590341e50c0e7cde7.zip"
},
{
  "url": "https://www.bing.com/images/create/portrait-photo-of-a-female-cat-dressed-in-modern-i/1-658021f7be464051aa7321f4577c988a?id=sgOx1tgU%2fDuCc56C5zPVLQ%3d%3d&view=detailv2&idpp=genimg&idpbck=1&form=BICREC",
  "urlHash": "5f1d1df3f0c92112c279c12456a87f4b",
  "download": "https://api.apify.com/v2/key-value-stores/Tt7I9g87ivLmvj8kT/records/5f1d1df3f0c92112c279c12456a87f4b.zip"
},
{
  "url": "https://www.bing.com/images/create/portrait-photo-of-a-female-cat-dressed-in-modern-i/1-658021dad3f940c0b8dd656c6bb44243?id=S8ocAKi%2bcYQ%2bq4NDiRqkNw%3d%3d&view=detailv2&idpp=genimg&idpbck=1&form=BICREC",
  "urlHash": "d7196cee19cfd0b47a6f3b8c5d8583ab",
  "download": "https://api.apify.com/v2/key-value-stores/Tt7I9g87ivLmvj8kT/records/d7196cee19cfd0b47a6f3b8c5d8583ab.zip"
},
{
  "url": "https://www.bing.com/images/create/portrait-photo-of-a-female-cat-dressed-in-modern-i/1-658021dad3f940c0b8dd656c6bb44243?id=Wmo%2fuBNsXi7%2bsOE2ANFRnw%3d%3d&view=detailv2&idpp=genimg&idpbck=1&form=BICREC",
  "urlHash": "fd5ffdafca75ff8fa411ca633686736f",
  "download": "https://api.apify.com/v2/key-value-stores/Tt7I9g87ivLmvj8kT/records/fd5ffdafca75ff8fa411ca633686736f.zip"
},
{
  "url": "https://www.bing.com/images/create/portrait-photo-of-a-female-cat-dressed-in-modern-i/1-658021dad3f940c0b8dd656c6bb44243?id=qNtf7ii8prcCP9PewcBA0g%3d%3d&view=detailv2&idpp=genimg&idpbck=1&form=BICREC",
  "urlHash": "c3aefa830a987187e5347b4cbe4d535d",
  "download": "https://api.apify.com/v2/key-value-stores/Tt7I9g87ivLmvj8kT/records/c3aefa830a987187e5347b4cbe4d535d.zip"
},
{
  "url": "https://www.bing.com/images/create/portrait-photo-of-a-female-cat-dressed-in-modern-i/1-658021dad3f940c0b8dd656c6bb44243?id=Kd1OOVLEk%2fW%2bmze0LYKrhA%3d%3d&view=detailv2&idpp=genimg&idpbck=1&form=BICREC",
  "urlHash": "11d1aa58271c6980d0752543307f377c",
  "download": "https://api.apify.com/v2/key-value-stores/Tt7I9g87ivLmvj8kT/records/11d1aa58271c6980d0752543307f377c.zip"
},
{
  "url": "https://www.bing.com/images/create/portrait-photo-of-a-female-cat-dressed-in-modern-i/1-658021beaa0e4891a07cc6874f44ebf7?id=%2bSdWdbUu6THdwBBL0YmFxw%3d%3d&view=detailv2&idpp=genimg&idpbck=1&form=BICREC",
  "urlHash": "882c29ea87371d8620fc7083900874fd",
  "download": "https://api.apify.com/v2/key-value-stores/Tt7I9g87ivLmvj8kT/records/882c29ea87371d8620fc7083900874fd.zip"
},
{
  "url": "https://www.bing.com/images/create/portrait-photo-of-a-female-cat-dressed-in-modern-i/1-658021beaa0e4891a07cc6874f44ebf7?id=QNzd%2f90%2fOdjXBlhJWIrsSQ%3d%3d&view=detailv2&idpp=genimg&idpbck=1&form=BICREC",
  "urlHash": "83b18e784dd402f65055d8d8a92daad7",
  "download": "https://api.apify.com/v2/key-value-stores/Tt7I9g87ivLmvj8kT/records/83b18e784dd402f65055d8d8a92daad7.zip"
},
{
  "url": "https://www.bing.com/images/create/portrait-photo-of-a-female-cat-dressed-in-modern-i/1-658021beaa0e4891a07cc6874f44ebf7?id=j%2b94TMXjsg64XpAkQ5JE2w%3d%3d&view=detailv2&idpp=genimg&idpbck=1&form=BICREC",
  "urlHash": "d8097f4f81259accf7c2a68a17a626a7",
  "download": "https://api.apify.com/v2/key-value-stores/Tt7I9g87ivLmvj8kT/records/d8097f4f81259accf7c2a68a17a626a7.zip"
},
{
  "url": "https://www.bing.com/images/create/portrait-photo-of-a-female-cat-dressed-in-modern-i/1-658021beaa0e4891a07cc6874f44ebf7?id=KMbAbURF9ObWsmhyxGgaoQ%3d%3d&view=detailv2&idpp=genimg&idpbck=1&form=BICREC",
  "urlHash": "b9755e3028731ba45e69ab230b0b0163",
  "download": "https://api.apify.com/v2/key-value-stores/Tt7I9g87ivLmvj8kT/records/b9755e3028731ba45e69ab230b0b0163.zip"
},
{
  "url": "https://www.bing.com/images/create/portrait-photo-of-a-female-cat-dressed-in-modern-i/1-658021a029ec4be2b50346b23f4600b7?id=X4EOihSvCnVrDM9IjKP0gg%3d%3d&view=detailv2&idpp=genimg&idpbck=1&form=BICREC",
  "urlHash": "5b3dbaaea870ad6bef2c847d30140fef",
  "download": "https://api.apify.com/v2/key-value-stores/Tt7I9g87ivLmvj8kT/records/5b3dbaaea870ad6bef2c847d30140fef.zip"
},
{
  "url": "https://www.bing.com/images/create/portrait-photo-of-a-female-cat-dressed-in-modern-i/1-658021a029ec4be2b50346b23f4600b7?id=X9%2brD0EAxuTNQx7EnGJ39w%3d%3d&view=detailv2&idpp=genimg&idpbck=1&form=BICREC",
  "urlHash": "13d3f86f0759c77d220eec2def94468d",
  "download": "https://api.apify.com/v2/key-value-stores/Tt7I9g87ivLmvj8kT/records/13d3f86f0759c77d220eec2def94468d.zip"
},
{
  "url": "https://www.bing.com/images/create/portrait-photo-of-a-female-cat-dressed-in-modern-i/1-658021a029ec4be2b50346b23f4600b7?id=g08fKzXgCMogiJoZ2KGDmw%3d%3d&view=detailv2&idpp=genimg&idpbck=1&form=BICREC",
  "urlHash": "a74e653dc1baa825ea1667190174bdde",
  "download": "https://api.apify.com/v2/key-value-stores/Tt7I9g87ivLmvj8kT/records/a74e653dc1baa825ea1667190174bdde.zip"
},
{
  "url": "https://www.bing.com/images/create/portrait-photo-of-a-female-cat-dressed-in-modern-i/1-658021789b0a4f4ba93acb2d7faf0c40?id=kJcyTR3la3dXEeO0iZ81LA%3d%3d&view=detailv2&idpp=genimg&idpbck=1&form=BICREC",
  "urlHash": "9dc799f868d65cfe39e948604e7d6b26",
  "download": "https://api.apify.com/v2/key-value-stores/Tt7I9g87ivLmvj8kT/records/9dc799f868d65cfe39e948604e7d6b26.zip"
},
{
  "url": "https://www.bing.com/images/create/portrait-photo-of-a-female-cat-dressed-in-modern-i/1-658021a029ec4be2b50346b23f4600b7?id=mADvd%2ftepPDzymHxsokrtw%3d%3d&view=detailv2&idpp=genimg&idpbck=1&form=BICREC",
  "urlHash": "9d14c0deaea1acf251baf9582f8c933f",
  "download": "https://api.apify.com/v2/key-value-stores/Tt7I9g87ivLmvj8kT/records/9d14c0deaea1acf251baf9582f8c933f.zip"
},
{
  "url": "https://www.bing.com/images/create/portrait-photo-of-a-female-cat-dressed-in-modern-i/1-658021789b0a4f4ba93acb2d7faf0c40?id=OFm5qsb5bAmYAZHxEzi0WQ%3d%3d&view=detailv2&idpp=genimg&idpbck=1&form=BICREC",
  "urlHash": "e783ffdbad981830f8f3f8f1b2d6fb67",
  "download": "https://api.apify.com/v2/key-value-stores/Tt7I9g87ivLmvj8kT/records/e783ffdbad981830f8f3f8f1b2d6fb67.zip"
},
{
  "url": "https://www.bing.com/images/create/portrait-photo-of-a-female-cat-dressed-in-modern-i/1-658021789b0a4f4ba93acb2d7faf0c40?id=7VSoqmR2eq%2bY8I8dmWxbCg%3d%3d&view=detailv2&idpp=genimg&idpbck=1&form=BICREC",
  "urlHash": "019700cd34ef54a03e0374215327deaf",
  "download": "https://api.apify.com/v2/key-value-stores/Tt7I9g87ivLmvj8kT/records/019700cd34ef54a03e0374215327deaf.zip"
},
{
  "url": "https://www.bing.com/images/create/portrait-photo-of-a-female-cat-dressed-in-modern-i/1-658021789b0a4f4ba93acb2d7faf0c40?id=HHySgUxCFt19GioxrOLgUQ%3d%3d&view=detailv2&idpp=genimg&idpbck=1&form=BICREC",
  "urlHash": "0d017b251c344c0115bf584ca6724708",
  "download": "https://api.apify.com/v2/key-value-stores/Tt7I9g87ivLmvj8kT/records/0d017b251c344c0115bf584ca6724708.zip"
},
{
  "url": "https://www.bing.com/images/create/portrait-photo-of-a-female-cat-dressed-in-modern-i/1-65801ffd5d2b427da1999a15937232aa?id=ACfWz1t5q5I5DHH%2b4JAN9Q%3d%3d&view=detailv2&idpp=genimg&idpbck=1&form=BICREC",
  "urlHash": "d7437a8c846852143e0ad9d624e47345",
  "download": "https://api.apify.com/v2/key-value-stores/Tt7I9g87ivLmvj8kT/records/d7437a8c846852143e0ad9d624e47345.zip"
},
{
  "url": "https://www.bing.com/images/create/portrait-photo-of-a-female-cat-dressed-in-modern-i/1-65801ffd5d2b427da1999a15937232aa?id=604QgA8K9ZD%2flQCUD1PY%2fQ%3d%3d&view=detailv2&idpp=genimg&idpbck=1&form=BICREC",
  "urlHash": "76243647941e82ebf5ccaf8eabf69bb3",
  "download": "https://api.apify.com/v2/key-value-stores/Tt7I9g87ivLmvj8kT/records/76243647941e82ebf5ccaf8eabf69bb3.zip"
},
{
  "url": "https://www.bing.com/images/create/portrait-photo-of-a-female-cat-dressed-in-modern-i/1-65801ffd5d2b427da1999a15937232aa?id=ybgGg28c%2fBCqKpv81spyXQ%3d%3d&view=detailv2&idpp=genimg&idpbck=1&form=BICREC",
  "urlHash": "635618574f63b835781e7bb76bd99406",
  "download": "https://api.apify.com/v2/key-value-stores/Tt7I9g87ivLmvj8kT/records/635618574f63b835781e7bb76bd99406.zip"
},
{
  "url": "https://www.bing.com/images/create/portrait-photo-of-a-female-cat-dressed-in-modern-i/1-65801ffd5d2b427da1999a15937232aa?id=RwrR4deTZexQN8iJf7UULw%3d%3d&view=detailv2&idpp=genimg&idpbck=1&form=BICREC",
  "urlHash": "76494669da282c19d3e577aac95d60ac",
  "download": "https://api.apify.com/v2/key-value-stores/Tt7I9g87ivLmvj8kT/records/76494669da282c19d3e577aac95d60ac.zip"
},
{
  "url": "https://www.bing.com/images/create/portrait-photo-of-a-female-cat-dressed-in-modern-i/1-65801fe3d741449893c302b94303dbef?id=p%2bMtkLL9GrqsNMrBXeO%2bhg%3d%3d&view=detailv2&idpp=genimg&idpbck=1&form=BICREC",
  "urlHash": "2d1f21dd7dca9a18e62318338a39c205",
  "download": "https://api.apify.com/v2/key-value-stores/Tt7I9g87ivLmvj8kT/records/2d1f21dd7dca9a18e62318338a39c205.zip"
},
{
  "url": "https://www.bing.com/images/create/portrait-photo-of-a-female-cat-dressed-in-modern-i/1-65801fe3d741449893c302b94303dbef?id=4ruaYNInGHjfjjlQO2YaHA%3d%3d&view=detailv2&idpp=genimg&idpbck=1&form=BICREC",
  "urlHash": "fafc2e907d6a4c2999c1796856848a62",
  "download": "https://api.apify.com/v2/key-value-stores/Tt7I9g87ivLmvj8kT/records/fafc2e907d6a4c2999c1796856848a62.zip"
},
{
  "url": "https://www.bing.com/images/create/portrait-photo-of-a-female-cat-dressed-in-modern-i/1-65801fe3d741449893c302b94303dbef?id=gYkvXG%2bkBhtHsGRI2cR4%2fA%3d%3d&view=detailv2&idpp=genimg&idpbck=1&form=BICREC",
  "urlHash": "70068312ea665d43bc8d57bb3c49baed",
  "download": "https://api.apify.com/v2/key-value-stores/Tt7I9g87ivLmvj8kT/records/70068312ea665d43bc8d57bb3c49baed.zip"
},
{
  "url": "https://www.bing.com/images/create/portrait-photo-of-a-female-cat-dressed-in-modern-i/1-65801fc210df4dc0a73a7e763ba638a1?id=ALIsnbgRmd9y9eyhwOkDQQ%3d%3d&view=detailv2&idpp=genimg&idpbck=1&form=BICREC",
  "urlHash": "84e9aa57cd69e6ba88b6b15e42759550",
  "download": "https://api.apify.com/v2/key-value-stores/Tt7I9g87ivLmvj8kT/records/84e9aa57cd69e6ba88b6b15e42759550.zip"
},
{
  "url": "https://www.bing.com/images/create/portrait-photo-of-a-female-cat-dressed-in-modern-i/1-65801fc210df4dc0a73a7e763ba638a1?id=vetvdciFFjkQfkYMDA6wfA%3d%3d&view=detailv2&idpp=genimg&idpbck=1&form=BICREC",
  "urlHash": "449e3fc57ee999708f546b637c543aff",
  "download": "https://api.apify.com/v2/key-value-stores/Tt7I9g87ivLmvj8kT/records/449e3fc57ee999708f546b637c543aff.zip"
},
{
  "url": "https://www.bing.com/images/create/portrait-photo-of-a-female-cat-dressed-in-modern-i/1-65801fe3d741449893c302b94303dbef?id=h0zBiOIk126tHowf1bI48g%3d%3d&view=detailv2&idpp=genimg&idpbck=1&form=BICREC",
  "urlHash": "5fc17b11e9f83649feae24ce6d132aad",
  "download": "https://api.apify.com/v2/key-value-stores/Tt7I9g87ivLmvj8kT/records/5fc17b11e9f83649feae24ce6d132aad.zip"
},
{
  "url": "https://www.bing.com/images/create/portrait-photo-of-a-female-cat-dressed-in-modern-i/1-65801fc210df4dc0a73a7e763ba638a1?id=RGDMp0Bas%2b8YmCYT6XC8AQ%3d%3d&view=detailv2&idpp=genimg&idpbck=1&form=BICREC",
  "urlHash": "f843ecafd8b34624def928d3430f44cd",
  "download": "https://api.apify.com/v2/key-value-stores/Tt7I9g87ivLmvj8kT/records/f843ecafd8b34624def928d3430f44cd.zip"
},
{
  "url": "https://www.bing.com/images/create/portrait-photo-of-a-female-cat-dressed-in-modern-i/1-65801fc210df4dc0a73a7e763ba638a1?id=q6txzoJlLb%2fCpkJHXOdjPg%3d%3d&view=detailv2&idpp=genimg&idpbck=1&form=BICREC",
  "urlHash": "9c42cf205f5a736aecff94a5a7426dbf",
  "download": "https://api.apify.com/v2/key-value-stores/Tt7I9g87ivLmvj8kT/records/9c42cf205f5a736aecff94a5a7426dbf.zip"
},
{
  "url": "https://www.bing.com/images/create/portrait-photo-of-a-female-cat-dressed-in-modern-i/1-65801fa6ec854dac90ad58e80d96d7e6?id=pJUZzy2HSFp%2bO22erxWJQA%3d%3d&view=detailv2&idpp=genimg&idpbck=1&form=BICREC",
  "urlHash": "f7438d77da7edfd0fb759afb906f7c33",
  "download": "https://api.apify.com/v2/key-value-stores/Tt7I9g87ivLmvj8kT/records/f7438d77da7edfd0fb759afb906f7c33.zip"
},
{
  "url": "https://www.bing.com/images/create/portrait-photo-of-a-female-cat-dressed-in-modern-i/1-65801fa6ec854dac90ad58e80d96d7e6?id=dvOe78J7uVdTfp8b6ENN8w%3d%3d&view=detailv2&idpp=genimg&idpbck=1&form=BICREC",
  "urlHash": "8fc1bd38dfd9d676a780ff1656241050",
  "download": "https://api.apify.com/v2/key-value-stores/Tt7I9g87ivLmvj8kT/records/8fc1bd38dfd9d676a780ff1656241050.zip"
},
{
  "url": "https://www.bing.com/images/create/portrait-photo-of-a-female-cat-dressed-in-modern-i/1-65801fa6ec854dac90ad58e80d96d7e6?id=rYK4OQNTs%2flNv1piWf9cOQ%3d%3d&view=detailv2&idpp=genimg&idpbck=1&form=BICREC",
  "urlHash": "5526d37df3e6bdb7d985153ddeccf040",
  "download": "https://api.apify.com/v2/key-value-stores/Tt7I9g87ivLmvj8kT/records/5526d37df3e6bdb7d985153ddeccf040.zip"
},
{
  "url": "https://www.bing.com/images/create/portrait-photo-of-a-female-cat-dressed-in-modern-i/1-65801fa6ec854dac90ad58e80d96d7e6?id=cvZe%2fzvEKAdkOf4jACRnkQ%3d%3d&view=detailv2&idpp=genimg&idpbck=1&form=BICREC",
  "urlHash": "8b5bfb62fcaa2b2198bb709bc0ba1b02",
  "download": "https://api.apify.com/v2/key-value-stores/Tt7I9g87ivLmvj8kT/records/8b5bfb62fcaa2b2198bb709bc0ba1b02.zip"
},
{
  "url": "https://www.bing.com/images/create/portrait-photo-of-a-female-cat-dressed-in-modern-i/1-65801f7d77534a72b1546246b4cf3a3f?id=Dy62YV0SE8LYhMBb9yiWtg%3d%3d&view=detailv2&idpp=genimg&idpbck=1&form=BICREC",
  "urlHash": "a1597d32cc2e86e49d445301005e16fe",
  "download": "https://api.apify.com/v2/key-value-stores/Tt7I9g87ivLmvj8kT/records/a1597d32cc2e86e49d445301005e16fe.zip"
},
{
  "url": "https://www.bing.com/images/create/portrait-photo-of-a-female-cat-dressed-in-modern-i/1-65801f7d77534a72b1546246b4cf3a3f?id=D4VH6dmgXv6aJSthJOfH3w%3d%3d&view=detailv2&idpp=genimg&idpbck=1&form=BICREC",
  "urlHash": "3aa90a9af71d3331b0d3738ac5966d83",
  "download": "https://api.apify.com/v2/key-value-stores/Tt7I9g87ivLmvj8kT/records/3aa90a9af71d3331b0d3738ac5966d83.zip"
},
{
  "url": "https://www.bing.com/images/create/portrait-photo-of-a-female-cat-dressed-in-modern-i/1-65801f7d77534a72b1546246b4cf3a3f?id=b2EXHzinMEezqS7ua5qrqw%3d%3d&view=detailv2&idpp=genimg&idpbck=1&form=BICREC",
  "urlHash": "d9422b9334f80abaebe5c7150fcb97af",
  "download": "https://api.apify.com/v2/key-value-stores/Tt7I9g87ivLmvj8kT/records/d9422b9334f80abaebe5c7150fcb97af.zip"
},
{
  "url": "https://www.bing.com/images/create/portrait-photo-of-a-female-dog-dressed-in-modern-i/1-657d41fefcf946c591540f6c8b70b20a?id=nr%2fRTxmaGxrxhzgkytnEsA%3d%3d&view=detailv2&idpp=genimg&idpbck=1&form=BICREC",
  "urlHash": "6a6fe73288329145c86bf9ce73e82596",
  "download": "https://api.apify.com/v2/key-value-stores/Tt7I9g87ivLmvj8kT/records/6a6fe73288329145c86bf9ce73e82596.zip"
},
{
  "url": "https://www.bing.com/images/create/portrait-photo-of-a-female-cat-dressed-in-modern-i/1-65801f7d77534a72b1546246b4cf3a3f?id=Eo%2bVRRgAeB1Sc5Fjqe%2fCXQ%3d%3d&view=detailv2&idpp=genimg&idpbck=1&form=BICREC",
  "urlHash": "afe97b3d1d7fafa6836542691ac247b5",
  "download": "https://api.apify.com/v2/key-value-stores/Tt7I9g87ivLmvj8kT/records/afe97b3d1d7fafa6836542691ac247b5.zip"
},
{
  "url": "https://www.bing.com/images/create/portrait-photo-of-a-female-dog-dressed-in-modern-i/1-657d41fefcf946c591540f6c8b70b20a?id=1X2TtvN482g2za87kWPVgA%3d%3d&view=detailv2&idpp=genimg&idpbck=1&form=BICREC",
  "urlHash": "dcac9f396422db69cb0fba0a548328f1",
  "download": "https://api.apify.com/v2/key-value-stores/Tt7I9g87ivLmvj8kT/records/dcac9f396422db69cb0fba0a548328f1.zip"
},
{
  "url": "https://www.bing.com/images/create/portrait-photo-of-a-female-dog-dressed-in-modern-i/1-657d41fefcf946c591540f6c8b70b20a?id=DLAYKq3YUw1nPKxiQNrTlA%3d%3d&view=detailv2&idpp=genimg&idpbck=1&form=BICREC",
  "urlHash": "5c2ca7d01acdfae71402f196d7e815d5",
  "download": "https://api.apify.com/v2/key-value-stores/Tt7I9g87ivLmvj8kT/records/5c2ca7d01acdfae71402f196d7e815d5.zip"
},
{
  "url": "https://www.bing.com/images/create/portrait-photo-of-a-female-dog-dressed-in-modern-i/1-657d41fefcf946c591540f6c8b70b20a?id=NGFuJr33sN0Ysx6M67BeRA%3d%3d&view=detailv2&idpp=genimg&idpbck=1&form=BICREC",
  "urlHash": "edca8174c476b6125f6912a6adb28e50",
  "download": "https://api.apify.com/v2/key-value-stores/Tt7I9g87ivLmvj8kT/records/edca8174c476b6125f6912a6adb28e50.zip"
},
{
  "url": "https://www.bing.com/images/create/portrait-photo-of-a-female-dog-dressed-in-modern-i/1-657d41e657054abeb0511764f6380383?id=2DxRCLlW8C7nBj5CFcLPbQ%3d%3d&view=detailv2&idpp=genimg&idpbck=1&form=BICREC",
  "urlHash": "2f6d9705bbbd973e88651f81506154d9",
  "download": "https://api.apify.com/v2/key-value-stores/Tt7I9g87ivLmvj8kT/records/2f6d9705bbbd973e88651f81506154d9.zip"
},
{
  "url": "https://www.bing.com/images/create/portrait-photo-of-a-female-dog-dressed-in-modern-i/1-657d41e657054abeb0511764f6380383?id=nrAwBqWwkcfPt8Di6n0JgA%3d%3d&view=detailv2&idpp=genimg&idpbck=1&form=BICREC",
  "urlHash": "08f5644afc2353d6b403e9ac79618ea0",
  "download": "https://api.apify.com/v2/key-value-stores/Tt7I9g87ivLmvj8kT/records/08f5644afc2353d6b403e9ac79618ea0.zip"
},
{
  "url": "https://www.bing.com/images/create/portrait-photo-of-a-female-dog-dressed-in-modern-i/1-657d41e657054abeb0511764f6380383?id=MmfsB41UYt%2fUCMiTOhpzng%3d%3d&view=detailv2&idpp=genimg&idpbck=1&form=BICREC",
  "urlHash": "8a49a412ab195f6ef4388a18cccf6a1c",
  "download": "https://api.apify.com/v2/key-value-stores/Tt7I9g87ivLmvj8kT/records/8a49a412ab195f6ef4388a18cccf6a1c.zip"
},
{
  "url": "https://www.bing.com/images/create/portrait-photo-of-a-female-dog-dressed-in-modern-i/1-657d41e657054abeb0511764f6380383?id=%2fZOlNePk2mFJ4gZoZ8c5SA%3d%3d&view=detailv2&idpp=genimg&idpbck=1&form=BICREC",
  "urlHash": "6607a1e80d7bb55dc472a51e50ef5063",
  "download": "https://api.apify.com/v2/key-value-stores/Tt7I9g87ivLmvj8kT/records/6607a1e80d7bb55dc472a51e50ef5063.zip"
},
{
  "url": "https://www.bing.com/images/create/portrait-photo-of-a-female-dog-dressed-in-modern-i/1-657d41ca92db47159d5093219861c962?id=R9ZIkMaIJlXFrt167PWNIg%3d%3d&view=detailv2&idpp=genimg&idpbck=1&form=BICREC",
  "urlHash": "d6164d73a6ed987aeef2c6da7c02ce80",
  "download": "https://api.apify.com/v2/key-value-stores/Tt7I9g87ivLmvj8kT/records/d6164d73a6ed987aeef2c6da7c02ce80.zip"
},
{
  "url": "https://www.bing.com/images/create/portrait-photo-of-a-female-dog-dressed-in-modern-i/1-657d41ca92db47159d5093219861c962?id=60lU76bHMTBToi1mAvh3QQ%3d%3d&view=detailv2&idpp=genimg&idpbck=1&form=BICREC",
  "urlHash": "25d4be93c688822c27252d1efa98b016",
  "download": "https://api.apify.com/v2/key-value-stores/Tt7I9g87ivLmvj8kT/records/25d4be93c688822c27252d1efa98b016.zip"
},
{
  "url": "https://www.bing.com/images/create/portrait-photo-of-a-female-dog-dressed-in-modern-i/1-657d41a2968148cc8fb6ab2c1a9ca6f2?id=GQkikzgJffXX9xO8OCVvhQ%3d%3d&view=detailv2&idpp=genimg&idpbck=1&form=BICREC",
  "urlHash": "cc3e5c4c532fb4e034af5494576a6d69",
  "download": "https://api.apify.com/v2/key-value-stores/Tt7I9g87ivLmvj8kT/records/cc3e5c4c532fb4e034af5494576a6d69.zip"
},
{
  "url": "https://www.bing.com/images/create/portrait-photo-of-a-female-dog-dressed-in-modern-i/1-657d41ca92db47159d5093219861c962?id=gSXl9%2bwgrIl84YepxPGDZg%3d%3d&view=detailv2&idpp=genimg&idpbck=1&form=BICREC",
  "urlHash": "c7e3f1001a40d2de6794225fccdf108f",
  "download": "https://api.apify.com/v2/key-value-stores/Tt7I9g87ivLmvj8kT/records/c7e3f1001a40d2de6794225fccdf108f.zip"
},
{
  "url": "https://www.bing.com/images/create/portrait-photo-of-a-female-dog-dressed-in-modern-i/1-657d41ca92db47159d5093219861c962?id=yCTWvO7Ta7TQqfMaAEzDnA%3d%3d&view=detailv2&idpp=genimg&idpbck=1&form=BICREC",
  "urlHash": "7f7d21647b6a060ed0510b31b79126aa",
  "download": "https://api.apify.com/v2/key-value-stores/Tt7I9g87ivLmvj8kT/records/7f7d21647b6a060ed0510b31b79126aa.zip"
},
{
  "url": "https://www.bing.com/images/create/portrait-photo-of-a-female-dog-dressed-in-modern-i/1-657d41a2968148cc8fb6ab2c1a9ca6f2?id=0gW%2br8JEk6Pix9mFhIykig%3d%3d&view=detailv2&idpp=genimg&idpbck=1&form=BICREC",
  "urlHash": "6d48acedb34f6373f2cf38423a64afaa",
  "download": "https://api.apify.com/v2/key-value-stores/Tt7I9g87ivLmvj8kT/records/6d48acedb34f6373f2cf38423a64afaa.zip"
},
{
  "url": "https://www.bing.com/images/create/portrait-photo-of-a-female-dog-dressed-in-modern-i/1-657d41a2968148cc8fb6ab2c1a9ca6f2?id=0hKf1tc9xW280d6atOqMRQ%3d%3d&view=detailv2&idpp=genimg&idpbck=1&form=BICREC",
  "urlHash": "0a82662405fbacfc017175236848c49c",
  "download": "https://api.apify.com/v2/key-value-stores/Tt7I9g87ivLmvj8kT/records/0a82662405fbacfc017175236848c49c.zip"
},
{
  "url": "https://www.bing.com/images/create/portrait-photo-of-a-female-dog-dressed-in-modern-i/1-657d41a2968148cc8fb6ab2c1a9ca6f2?id=vqScYeRhmaUxOsCDy75hmA%3d%3d&view=detailv2&idpp=genimg&idpbck=1&form=BICREC",
  "urlHash": "92cf87044d54242807ae4ead1b053def",
  "download": "https://api.apify.com/v2/key-value-stores/Tt7I9g87ivLmvj8kT/records/92cf87044d54242807ae4ead1b053def.zip"
},
{
  "url": "https://www.bing.com/images/create/portrait-photo-of-a-female-dog-dressed-in-modern-i/1-657d3f2a77334f6197c664079fb84e24?id=2b9o1rC13tFAfIObVlDDDA%3d%3d&view=detailv2&idpp=genimg&idpbck=1&form=BICREC",
  "urlHash": "afcef3fdcf27f0c8f910e54625bce2f1",
  "download": "https://api.apify.com/v2/key-value-stores/Tt7I9g87ivLmvj8kT/records/afcef3fdcf27f0c8f910e54625bce2f1.zip"
},
{
  "url": "https://www.bing.com/images/create/portrait-photo-of-a-female-dog-dressed-in-modern-i/1-657d3f2a77334f6197c664079fb84e24?id=pXGovDD3EvMe%2fje2KBELYg%3d%3d&view=detailv2&idpp=genimg&idpbck=1&form=BICREC",
  "urlHash": "79ffe5b5e5a336d459d5078291dc8ea2",
  "download": "https://api.apify.com/v2/key-value-stores/Tt7I9g87ivLmvj8kT/records/79ffe5b5e5a336d459d5078291dc8ea2.zip"
},
{
  "url": "https://www.bing.com/images/create/portrait-photo-of-a-female-cat-dressed-in-modern-i/1-65802111b03044618cc9524eff46a98a?id=zIt0OtHMrAkkDx9Ev6k0Pw%3d%3d&view=detailv2&idpp=genimg&idpbck=1&form=BICREC",
  "urlHash": "446b59f1abe154174f802a895cfe1484",
  "download": "https://api.apify.com/v2/key-value-stores/Tt7I9g87ivLmvj8kT/records/446b59f1abe154174f802a895cfe1484.zip"
},
{
  "url": "https://www.bing.com/images/create/portrait-photo-of-a-female-cat-dressed-in-modern-i/1-658020e8b7744f6085d444b2f064282e?id=uDr0ANlUdVCqWVGofGUQkg%3d%3d&view=detailv2&idpp=genimg&idpbck=1&form=BICREC",
  "urlHash": "8dfa906219e19bc19c162c84cb02cd8b",
  "download": "https://api.apify.com/v2/key-value-stores/Tt7I9g87ivLmvj8kT/records/8dfa906219e19bc19c162c84cb02cd8b.zip"
},
{
  "url": "https://www.bing.com/images/create/portrait-photo-of-a-female-cat-dressed-in-modern-i/1-6580223354304e0fbad382e2527bb19b?id=fnxMi2BVcBaCpSkmOODq8A%3d%3d&view=detailv2&idpp=genimg&idpbck=1&form=BICREC",
  "urlHash": "344067e8a2faf110e3d0e786dd1deeef",
  "download": "https://api.apify.com/v2/key-value-stores/Tt7I9g87ivLmvj8kT/records/344067e8a2faf110e3d0e786dd1deeef.zip"
},
{
  "url": "https://www.bing.com/images/create/portrait-photo-of-a-female-dog-dressed-in-modern-i/1-657d3f2a77334f6197c664079fb84e24?id=qyyZ7MBwv7lHEI%2b5vnQqaQ%3d%3d&view=detailv2&idpp=genimg&idpbck=1&form=BICREC",
  "urlHash": "98dc4418105c0c2bd8f00deee972d254",
  "download": "https://api.apify.com/v2/key-value-stores/Tt7I9g87ivLmvj8kT/records/98dc4418105c0c2bd8f00deee972d254.zip"
},
{
  "url": "https://www.bing.com/images/create/portrait-photo-of-a-female-dog-dressed-in-modern-i/1-657d3f2a77334f6197c664079fb84e24?id=5twONq6ujSIS3RufvrFLhw%3d%3d&view=detailv2&idpp=genimg&idpbck=1&form=BICREC",
  "urlHash": "03798e2c2f23aef1a5c3c548aed91a28",
  "download": "https://api.apify.com/v2/key-value-stores/Tt7I9g87ivLmvj8kT/records/03798e2c2f23aef1a5c3c548aed91a28.zip"
},
{
  "url": "https://www.bing.com/images/create/portrait-photo-of-a-female-dog-dressed-in-modern-i/1-657d3e3e1f9c47bbb69274aa86f62448?id=KuLgYqBIzxVCMzLNuPl03g%3d%3d&view=detailv2&idpp=genimg&idpbck=1&form=BICREC",
  "urlHash": "e1d924a45c7de75bac231cb7e721e9bc",
  "download": "https://api.apify.com/v2/key-value-stores/Tt7I9g87ivLmvj8kT/records/e1d924a45c7de75bac231cb7e721e9bc.zip"
},
{
  "url": "https://www.bing.com/images/create/portrait-photo-of-a-female-dog-dressed-in-modern-i/1-657d3e3e1f9c47bbb69274aa86f62448?id=R6SlqLHygV2eIwvpStBlaw%3d%3d&view=detailv2&idpp=genimg&idpbck=1&form=BICREC",
  "urlHash": "661002202cf5d95c4db9e88a05215fbf",
  "download": "https://api.apify.com/v2/key-value-stores/Tt7I9g87ivLmvj8kT/records/661002202cf5d95c4db9e88a05215fbf.zip"
},
{
  "url": "https://www.bing.com/images/create/portrait-photo-of-a-female-dog-dressed-in-modern-i/1-657d3e3e1f9c47bbb69274aa86f62448?id=0iIa5bFjuyJcqENFxmkQLw%3d%3d&view=detailv2&idpp=genimg&idpbck=1&form=BICREC",
  "urlHash": "e5a0b7ce565bb84ee21595da3b603404",
  "download": "https://api.apify.com/v2/key-value-stores/Tt7I9g87ivLmvj8kT/records/e5a0b7ce565bb84ee21595da3b603404.zip"
},
{
  "url": "https://www.bing.com/images/create/portrait-photo-of-a-female-dog-dressed-in-modern-i/1-657d3e3e1f9c47bbb69274aa86f62448?id=3NKuGkH5yUI7g5P3Q3skUw%3d%3d&view=detailv2&idpp=genimg&idpbck=1&form=BICREC",
  "urlHash": "2f42bc0d9e29209798d6d67462cd03bc",
  "download": "https://api.apify.com/v2/key-value-stores/Tt7I9g87ivLmvj8kT/records/2f42bc0d9e29209798d6d67462cd03bc.zip"
},
{
  "url": "https://www.bing.com/images/create/portrait-photo-of-a-female-dog-dressed-in-modern-i/1-657d3e188cea44b5bbc34a58133396be?id=77Kz%2fpkHpkRuUH4BuSz0RA%3d%3d&view=detailv2&idpp=genimg&idpbck=1&form=BICREC",
  "urlHash": "9d018413487100ff5f2a323a0f1bee13",
  "download": "https://api.apify.com/v2/key-value-stores/Tt7I9g87ivLmvj8kT/records/9d018413487100ff5f2a323a0f1bee13.zip"
},
{
  "url": "https://www.bing.com/images/create/portrait-photo-of-a-female-dog-dressed-in-modern-i/1-657d3e188cea44b5bbc34a58133396be?id=96F8%2bUjtbNxp%2bhsTgJmU7g%3d%3d&view=detailv2&idpp=genimg&idpbck=1&form=BICREC",
  "urlHash": "973e1a66aebc82d34feb46d14bd680d5",
  "download": "https://api.apify.com/v2/key-value-stores/Tt7I9g87ivLmvj8kT/records/973e1a66aebc82d34feb46d14bd680d5.zip"
},
{
  "url": "https://www.bing.com/images/create/portrait-photo-of-a-female-dog-dressed-in-modern-i/1-657d3e188cea44b5bbc34a58133396be?id=f6LyoJudpS9wESLOsVhGaA%3d%3d&view=detailv2&idpp=genimg&idpbck=1&form=BICREC",
  "urlHash": "b9b2fb5593d7e4a1dad51525e22af449",
  "download": "https://api.apify.com/v2/key-value-stores/Tt7I9g87ivLmvj8kT/records/b9b2fb5593d7e4a1dad51525e22af449.zip"
},
{
  "url": "https://www.bing.com/images/create/portrait-photo-of-a-female-dog-dressed-in-modern-i/1-657d3dfc2f7847f4a5384ee7c3856bbe?id=zJGVNwMIGYrVbua7DYbnow%3d%3d&view=detailv2&idpp=genimg&idpbck=1&form=BICREC",
  "urlHash": "d79d9d0f87274d10e02a696c7a3d4300",
  "download": "https://api.apify.com/v2/key-value-stores/Tt7I9g87ivLmvj8kT/records/d79d9d0f87274d10e02a696c7a3d4300.zip"
},
{
  "url": "https://www.bing.com/images/create/portrait-photo-of-a-female-dog-dressed-in-modern-i/1-657d3dfc2f7847f4a5384ee7c3856bbe?id=flmfGuOqlVw1%2byLPxT6l2w%3d%3d&view=detailv2&idpp=genimg&idpbck=1&form=BICREC",
  "urlHash": "6017eac59656085c34f86c7493fea94f",
  "download": "https://api.apify.com/v2/key-value-stores/Tt7I9g87ivLmvj8kT/records/6017eac59656085c34f86c7493fea94f.zip"
},
{
  "url": "https://www.bing.com/images/create/portrait-photo-of-a-female-dog-dressed-in-modern-i/1-657d3e188cea44b5bbc34a58133396be?id=DmAj45wt0pqQGXeM75kf1g%3d%3d&view=detailv2&idpp=genimg&idpbck=1&form=BICREC",
  "urlHash": "a647be44bfe4fa3784a45c226ab36669",
  "download": "https://api.apify.com/v2/key-value-stores/Tt7I9g87ivLmvj8kT/records/a647be44bfe4fa3784a45c226ab36669.zip"
},
{
  "url": "https://www.bing.com/images/create/portrait-photo-of-a-female-dog-dressed-in-modern-i/1-657d3dfc2f7847f4a5384ee7c3856bbe?id=ClgPjOR7KSYXdtkAqRv1aw%3d%3d&view=detailv2&idpp=genimg&idpbck=1&form=BICREC",
  "urlHash": "979744daf7d17ae3e5ff0d2b522aa0a5",
  "download": "https://api.apify.com/v2/key-value-stores/Tt7I9g87ivLmvj8kT/records/979744daf7d17ae3e5ff0d2b522aa0a5.zip"
},
{
  "url": "https://www.bing.com/images/create/portrait-photo-of-a-female-dog-dressed-in-modern-i/1-657d3dfc2f7847f4a5384ee7c3856bbe?id=qW6Iw0IsarvpxixUtsTKiA%3d%3d&view=detailv2&idpp=genimg&idpbck=1&form=BICREC",
  "urlHash": "2665cbf384a1758e2f924c0026818492",
  "download": "https://api.apify.com/v2/key-value-stores/Tt7I9g87ivLmvj8kT/records/2665cbf384a1758e2f924c0026818492.zip"
},
{
  "url": "https://www.bing.com/images/create/portrait-photo-of-a-female-dog-dressed-in-modern-i/1-657d4164af3b4879a7d6e6e2c7b2acd7?id=4yNgbpmjeosiYUm8CVseqg%3d%3d&view=detailv2&idpp=genimg&idpbck=1&form=BICREC",
  "urlHash": "6bb9c877479197f45525db08e7e02d6d",
  "download": "https://api.apify.com/v2/key-value-stores/Tt7I9g87ivLmvj8kT/records/6bb9c877479197f45525db08e7e02d6d.zip"
},
{
  "url": "https://www.bing.com/images/create/portrait-photo-of-a-female-dog-dressed-in-modern-i/1-657d4164af3b4879a7d6e6e2c7b2acd7?id=s0ZoGDQmDpIESck9xRsVXA%3d%3d&view=detailv2&idpp=genimg&idpbck=1&form=BICREC",
  "urlHash": "b4fb3363916c60de9d375257ed0ab933",
  "download": "https://api.apify.com/v2/key-value-stores/Tt7I9g87ivLmvj8kT/records/b4fb3363916c60de9d375257ed0ab933.zip"
},
{
  "url": "https://www.bing.com/images/create/portrait-photo-of-a-female-dog-dressed-in-modern-i/1-657d4164af3b4879a7d6e6e2c7b2acd7?id=aYraWrPlUIEugCiHZwa8GQ%3d%3d&view=detailv2&idpp=genimg&idpbck=1&form=BICREC",
  "urlHash": "1c068ca5f97f329853bdb16b731cf2a1",
  "download": "https://api.apify.com/v2/key-value-stores/Tt7I9g87ivLmvj8kT/records/1c068ca5f97f329853bdb16b731cf2a1.zip"
},
{
  "url": "https://www.bing.com/images/create/portrait-photo-of-a-female-dog-dressed-in-modern-i/1-657d4164af3b4879a7d6e6e2c7b2acd7?id=CX3gKnx8Qv%2b8s%2bLu%2foOaSQ%3d%3d&view=detailv2&idpp=genimg&idpbck=1&form=BICREC",
  "urlHash": "9b0d60d3acf03183a4f66b1d74bf729c",
  "download": "https://api.apify.com/v2/key-value-stores/Tt7I9g87ivLmvj8kT/records/9b0d60d3acf03183a4f66b1d74bf729c.zip"
},
{
  "url": "https://www.bing.com/images/create/portrait-photo-of-a-female-dog-dressed-in-modern-i/1-657d41477ab9453bafe604782cf9877e?id=6765r%2bC3yz4i7PrNw053ow%3d%3d&view=detailv2&idpp=genimg&idpbck=1&form=BICREC",
  "urlHash": "494c6ba4c1e1a9623d0b23b79a005604",
  "download": "https://api.apify.com/v2/key-value-stores/Tt7I9g87ivLmvj8kT/records/494c6ba4c1e1a9623d0b23b79a005604.zip"
},
{
  "url": "https://www.bing.com/images/create/portrait-photo-of-a-female-dog-dressed-in-modern-i/1-657d41477ab9453bafe604782cf9877e?id=IJjC4%2be3LHa%2fG97viI0J5w%3d%3d&view=detailv2&idpp=genimg&idpbck=1&form=BICREC",
  "urlHash": "db6e340c534678108162df89e0295659",
  "download": "https://api.apify.com/v2/key-value-stores/Tt7I9g87ivLmvj8kT/records/db6e340c534678108162df89e0295659.zip"
},
{
  "url": "https://www.bing.com/images/create/portrait-photo-of-a-female-dog-dressed-in-modern-i/1-657d41477ab9453bafe604782cf9877e?id=FB66u0NR0EB52yW6C0TlqA%3d%3d&view=detailv2&idpp=genimg&idpbck=1&form=BICREC",
  "urlHash": "bf75ae5f3d8d098800be83cd638f8d6e",
  "download": "https://api.apify.com/v2/key-value-stores/Tt7I9g87ivLmvj8kT/records/bf75ae5f3d8d098800be83cd638f8d6e.zip"
},
{
  "url": "https://www.bing.com/images/create/portrait-photo-of-a-female-dog-dressed-in-modern-i/1-657d41477ab9453bafe604782cf9877e?id=64%2bxFtv0YSpKIidNq%2b0mpw%3d%3d&view=detailv2&idpp=genimg&idpbck=1&form=BICREC",
  "urlHash": "5accc5b66e1816abc7d371ef7375e5f1",
  "download": "https://api.apify.com/v2/key-value-stores/Tt7I9g87ivLmvj8kT/records/5accc5b66e1816abc7d371ef7375e5f1.zip"
},
{
  "url": "https://www.bing.com/images/create/portrait-photo-of-a-female-dog-dressed-in-modern-i/1-657d4117394e4a9c95b5ef90e0beac01?id=%2beaAt6FspCKBMuO1qCkpcA%3d%3d&view=detailv2&idpp=genimg&idpbck=1&form=BICREC",
  "urlHash": "199ef0a0ad5962a126dd7538b36e8a75",
  "download": "https://api.apify.com/v2/key-value-stores/Tt7I9g87ivLmvj8kT/records/199ef0a0ad5962a126dd7538b36e8a75.zip"
},
{
  "url": "https://www.bing.com/images/create/portrait-photo-of-a-female-dog-dressed-in-modern-i/1-657d4117394e4a9c95b5ef90e0beac01?id=dZsAOyHnti7iYZCo6UMUHw%3d%3d&view=detailv2&idpp=genimg&idpbck=1&form=BICREC",
  "urlHash": "1db6dfed1fba584b5d5bca28b42cabdd",
  "download": "https://api.apify.com/v2/key-value-stores/Tt7I9g87ivLmvj8kT/records/1db6dfed1fba584b5d5bca28b42cabdd.zip"
},
{
  "url": "https://www.bing.com/images/create/portrait-photo-of-a-female-dog-dressed-in-modern-i/1-657d40973fd0418d8845acdfc4fa1dea?id=xet%2f%2fkk0p%2fPEJ5mUR4rcMw%3d%3d&view=detailv2&idpp=genimg&idpbck=1&form=BICREC",
  "urlHash": "942eadcb2c7a0be521a3d468f4f7bbd6",
  "download": "https://api.apify.com/v2/key-value-stores/Tt7I9g87ivLmvj8kT/records/942eadcb2c7a0be521a3d468f4f7bbd6.zip"
},
{
  "url": "https://www.bing.com/images/create/portrait-photo-of-a-female-dog-dressed-in-modern-i/1-657d40973fd0418d8845acdfc4fa1dea?id=%2fNRYTzNRWkR6%2bd%2bvtMC8eA%3d%3d&view=detailv2&idpp=genimg&idpbck=1&form=BICREC",
  "urlHash": "8c551fedc28c779d5eb44005987ac84a",
  "download": "https://api.apify.com/v2/key-value-stores/Tt7I9g87ivLmvj8kT/records/8c551fedc28c779d5eb44005987ac84a.zip"
},
{
  "url": "https://www.bing.com/images/create/portrait-photo-of-a-female-dog-dressed-in-modern-i/1-657d406a74a94847800f1f3f0c170a91?id=JtzXoDTOy0Q7VsdH7ex03A%3d%3d&view=detailv2&idpp=genimg&idpbck=1&form=BICREC",
  "urlHash": "1b4aa5a64f118ac15809024a5c0eccff",
  "download": "https://api.apify.com/v2/key-value-stores/Tt7I9g87ivLmvj8kT/records/1b4aa5a64f118ac15809024a5c0eccff.zip"
},
{
  "url": "https://www.bing.com/images/create/portrait-photo-of-a-female-dog-dressed-in-modern-i/1-657d40973fd0418d8845acdfc4fa1dea?id=t0wx2G0MNBHnkTMTBzapMw%3d%3d&view=detailv2&idpp=genimg&idpbck=1&form=BICREC",
  "urlHash": "8019e6c53cc05461616265d33594ad71",
  "download": "https://api.apify.com/v2/key-value-stores/Tt7I9g87ivLmvj8kT/records/8019e6c53cc05461616265d33594ad71.zip"
},
{
  "url": "https://www.bing.com/images/create/portrait-photo-of-a-female-dog-dressed-in-modern-i/1-657d40973fd0418d8845acdfc4fa1dea?id=KS6yJpXvSZ0sAOQ3%2b%2bCXdw%3d%3d&view=detailv2&idpp=genimg&idpbck=1&form=BICREC",
  "urlHash": "f7e21a7b2c1ae36bb0301b70cf1015e5",
  "download": "https://api.apify.com/v2/key-value-stores/Tt7I9g87ivLmvj8kT/records/f7e21a7b2c1ae36bb0301b70cf1015e5.zip"
},
{
  "url": "https://www.bing.com/images/create/portrait-photo-of-a-female-dog-dressed-in-modern-i/1-657d406a74a94847800f1f3f0c170a91?id=Ze8%2fUynMrrKHK4TP%2b%2fFdpA%3d%3d&view=detailv2&idpp=genimg&idpbck=1&form=BICREC",
  "urlHash": "7c74d7d916acc4a67ea7819bfb70b014",
  "download": "https://api.apify.com/v2/key-value-stores/Tt7I9g87ivLmvj8kT/records/7c74d7d916acc4a67ea7819bfb70b014.zip"
},
{
  "url": "https://www.bing.com/images/create/portrait-photo-of-a-female-dog-dressed-in-modern-i/1-657d404532904767a3f80649e8fdd8af?id=NGWXlxWlDMg%2bvNpPuZdR2Q%3d%3d&view=detailv2&idpp=genimg&idpbck=1&form=BICREC",
  "urlHash": "5a145bff0de997715c904577cf231e9e",
  "download": "https://api.apify.com/v2/key-value-stores/Tt7I9g87ivLmvj8kT/records/5a145bff0de997715c904577cf231e9e.zip"
},
{
  "url": "https://www.bing.com/images/create/portrait-photo-of-a-female-dog-dressed-in-modern-i/1-657d404532904767a3f80649e8fdd8af?id=UGRhtdBYcOeJWXTV0RIT7g%3d%3d&view=detailv2&idpp=genimg&idpbck=1&form=BICREC",
  "urlHash": "c6167f36cfff6052717c594e8fd8b61c",
  "download": "https://api.apify.com/v2/key-value-stores/Tt7I9g87ivLmvj8kT/records/c6167f36cfff6052717c594e8fd8b61c.zip"
},
{
  "url": "https://www.bing.com/images/create/portrait-photo-of-a-female-dog-dressed-in-modern-i/1-657d406a74a94847800f1f3f0c170a91?id=q1O46yq6WZuR3LCHxSyGPQ%3d%3d&view=detailv2&idpp=genimg&idpbck=1&form=BICREC",
  "urlHash": "6dc6be15069fa745b7b96147bbf8e92c",
  "download": "https://api.apify.com/v2/key-value-stores/Tt7I9g87ivLmvj8kT/records/6dc6be15069fa745b7b96147bbf8e92c.zip"
},
{
  "url": "https://www.bing.com/images/create/portrait-photo-of-a-female-dog-dressed-in-modern-i/1-657d406a74a94847800f1f3f0c170a91?id=Hc%2fDAdu1UJWtYgElLFKOAQ%3d%3d&view=detailv2&idpp=genimg&idpbck=1&form=BICREC",
  "urlHash": "c618ace314c7975d456d98e2430c8ede",
  "download": "https://api.apify.com/v2/key-value-stores/Tt7I9g87ivLmvj8kT/records/c618ace314c7975d456d98e2430c8ede.zip"
},
{
  "url": "https://www.bing.com/images/create/portrait-photo-of-a-female-dog-dressed-in-modern-i/1-657d404532904767a3f80649e8fdd8af?id=XobPhrJGgvHYdok4k%2bNmUQ%3d%3d&view=detailv2&idpp=genimg&idpbck=1&form=BICREC",
  "urlHash": "b1a5243699d99fbb10bc1fd0aa279f95",
  "download": "https://api.apify.com/v2/key-value-stores/Tt7I9g87ivLmvj8kT/records/b1a5243699d99fbb10bc1fd0aa279f95.zip"
},
{
  "url": "https://www.bing.com/images/create/portrait-photo-of-a-female-dog-dressed-in-modern-i/1-657d404532904767a3f80649e8fdd8af?id=OmU7XrROrsMXxGzN9VC8bA%3d%3d&view=detailv2&idpp=genimg&idpbck=1&form=BICREC",
  "urlHash": "8555ac7589d4115265fee9af19990744",
  "download": "https://api.apify.com/v2/key-value-stores/Tt7I9g87ivLmvj8kT/records/8555ac7589d4115265fee9af19990744.zip"
},
{
  "url": "https://www.bing.com/images/create/portrait-photo-of-a-female-dog-dressed-in-modern-i/1-657d402132fe446bb541200a3b4afe0f?id=0Io2AOd1YmYPcVHEdxfp5w%3d%3d&view=detailv2&idpp=genimg&idpbck=1&form=BICREC",
  "urlHash": "c1f6c22cad12e95b2c1deddce1843746",
  "download": "https://api.apify.com/v2/key-value-stores/Tt7I9g87ivLmvj8kT/records/c1f6c22cad12e95b2c1deddce1843746.zip"
},
{
  "url": "https://www.bing.com/images/create/portrait-photo-of-a-female-dog-dressed-in-modern-i/1-657d402132fe446bb541200a3b4afe0f?id=Qu%2bgRFckLEE6xFaA4G8wEA%3d%3d&view=detailv2&idpp=genimg&idpbck=1&form=BICREC",
  "urlHash": "c1b25cce45820e6d3c011b1c94909e52",
  "download": "https://api.apify.com/v2/key-value-stores/Tt7I9g87ivLmvj8kT/records/c1b25cce45820e6d3c011b1c94909e52.zip"
},
{
  "url": "https://www.bing.com/images/create/portrait-photo-of-a-female-dog-dressed-in-modern-i/1-657d402132fe446bb541200a3b4afe0f?id=OrcEVvYP21ZRfbWBk1J9Ig%3d%3d&view=detailv2&idpp=genimg&idpbck=1&form=BICREC",
  "urlHash": "d944decc596702c31b3243e5df8782ce",
  "download": "https://api.apify.com/v2/key-value-stores/Tt7I9g87ivLmvj8kT/records/d944decc596702c31b3243e5df8782ce.zip"
},
{
  "url": "https://www.bing.com/images/create/portrait-photo-of-a-female-dog-dressed-in-modern-i/1-657d402132fe446bb541200a3b4afe0f?id=zy%2fkl5CaQ2Pa9Ur75EFl9g%3d%3d&view=detailv2&idpp=genimg&idpbck=1&form=BICREC",
  "urlHash": "60fda75e9eaa37e2092279a42a4bae85",
  "download": "https://api.apify.com/v2/key-value-stores/Tt7I9g87ivLmvj8kT/records/60fda75e9eaa37e2092279a42a4bae85.zip"
},
{
  "url": "https://www.bing.com/images/create/portrait-photo-of-a-female-dog-dressed-in-modern-i/1-657d3ffe18d04f2b884398f6db16161b?id=SZlSP1sRZvaNxO6JM%2fhgqA%3d%3d&view=detailv2&idpp=genimg&idpbck=1&form=BICREC",
  "urlHash": "0358eea2e1e504e2d215fee5dbd49bce",
  "download": "https://api.apify.com/v2/key-value-stores/Tt7I9g87ivLmvj8kT/records/0358eea2e1e504e2d215fee5dbd49bce.zip"
},
{
  "url": "https://www.bing.com/images/create/portrait-photo-of-a-female-dog-dressed-in-modern-i/1-657d3ffe18d04f2b884398f6db16161b?id=h8XCjpFdjABXzpW3Q%2fefUQ%3d%3d&view=detailv2&idpp=genimg&idpbck=1&form=BICREC",
  "urlHash": "c659a4f3c5ef026f39113282820d4dee",
  "download": "https://api.apify.com/v2/key-value-stores/Tt7I9g87ivLmvj8kT/records/c659a4f3c5ef026f39113282820d4dee.zip"
},
{
  "url": "https://www.bing.com/images/create/portrait-photo-of-a-female-dog-dressed-in-modern-i/1-657d3ffe18d04f2b884398f6db16161b?id=V%2bEBVB1SNoNFIOV6GPt4ag%3d%3d&view=detailv2&idpp=genimg&idpbck=1&form=BICREC",
  "urlHash": "7bdb5561c4ae17b3f009e0719830fd98",
  "download": "https://api.apify.com/v2/key-value-stores/Tt7I9g87ivLmvj8kT/records/7bdb5561c4ae17b3f009e0719830fd98.zip"
},
{
  "url": "https://www.bing.com/images/create/portrait-photo-of-a-female-dog-dressed-in-modern-i/1-657d3fd5e6134264a2112dd3ddcd6b95?id=9g0pDMRHDaLu2%2fgKkdssqQ%3d%3d&view=detailv2&idpp=genimg&idpbck=1&form=BICREC",
  "urlHash": "a2fd981da3a1a282d88a65263a89700d",
  "download": "https://api.apify.com/v2/key-value-stores/Tt7I9g87ivLmvj8kT/records/a2fd981da3a1a282d88a65263a89700d.zip"
},
{
  "url": "https://www.bing.com/images/create/portrait-photo-of-a-female-dog-dressed-in-modern-i/1-657d3ffe18d04f2b884398f6db16161b?id=PtG9xH6TtN09xGWnRRLItg%3d%3d&view=detailv2&idpp=genimg&idpbck=1&form=BICREC",
  "urlHash": "ba46b2c5a458ca626309ca6551022f95",
  "download": "https://api.apify.com/v2/key-value-stores/Tt7I9g87ivLmvj8kT/records/ba46b2c5a458ca626309ca6551022f95.zip"
},
{
  "url": "https://www.bing.com/images/create/portrait-photo-of-a-female-dog-dressed-in-modern-i/1-657d3fd5e6134264a2112dd3ddcd6b95?id=PzPOr7rJzSzLZiVNh%2fKl%2fA%3d%3d&view=detailv2&idpp=genimg&idpbck=1&form=BICREC",
  "urlHash": "3e6bc1aafaf1c23c0cb174caf2ed3426",
  "download": "https://api.apify.com/v2/key-value-stores/Tt7I9g87ivLmvj8kT/records/3e6bc1aafaf1c23c0cb174caf2ed3426.zip"
},
{
  "url": "https://www.bing.com/images/create/portrait-photo-of-a-female-dog-dressed-in-modern-i/1-657d3fd5e6134264a2112dd3ddcd6b95?id=jGJgDr%2b1WmnBZEGSlJaqLQ%3d%3d&view=detailv2&idpp=genimg&idpbck=1&form=BICREC",
  "urlHash": "1e6bb11e53a4bd341d49afd40ee6838c",
  "download": "https://api.apify.com/v2/key-value-stores/Tt7I9g87ivLmvj8kT/records/1e6bb11e53a4bd341d49afd40ee6838c.zip"
},
{
  "url": "https://www.bing.com/images/create/portrait-photo-of-a-female-dog-dressed-in-modern-i/1-657d3fd5e6134264a2112dd3ddcd6b95?id=WiiXdP2MjQS5BTuBY2GaYw%3d%3d&view=detailv2&idpp=genimg&idpbck=1&form=BICREC",
  "urlHash": "d6a0113481ddfb88224633bc8fd23f95",
  "download": "https://api.apify.com/v2/key-value-stores/Tt7I9g87ivLmvj8kT/records/d6a0113481ddfb88224633bc8fd23f95.zip"
},
{
  "url": "https://www.bing.com/images/create/portrait-photo-of-a-female-dog-dressed-in-modern-i/1-657d3fba2082487e961da7490222728e?id=5Zd5rJLKAPNU5oyoJcI1VA%3d%3d&view=detailv2&idpp=genimg&idpbck=1&form=BICREC",
  "urlHash": "c160a1acd3b64704a66225418e47c612",
  "download": "https://api.apify.com/v2/key-value-stores/Tt7I9g87ivLmvj8kT/records/c160a1acd3b64704a66225418e47c612.zip"
},
{
  "url": "https://www.bing.com/images/create/portrait-photo-of-a-female-dog-dressed-in-modern-i/1-657d3fba2082487e961da7490222728e?id=S1S5BAh1LzwNOS5jTk793w%3d%3d&view=detailv2&idpp=genimg&idpbck=1&form=BICREC",
  "urlHash": "15f65551430d18ee3c04ee175dad2a76",
  "download": "https://api.apify.com/v2/key-value-stores/Tt7I9g87ivLmvj8kT/records/15f65551430d18ee3c04ee175dad2a76.zip"
},
{
  "url": "https://www.bing.com/images/create/portrait-photo-of-a-female-dog-dressed-in-modern-i/1-657d3fba2082487e961da7490222728e?id=DcPxG%2bdAEJZfHL43Bw4X%2bA%3d%3d&view=detailv2&idpp=genimg&idpbck=1&form=BICREC",
  "urlHash": "2ede4b23f38c58586794136f9c51efba",
  "download": "https://api.apify.com/v2/key-value-stores/Tt7I9g87ivLmvj8kT/records/2ede4b23f38c58586794136f9c51efba.zip"
},
{
  "url": "https://www.bing.com/images/create/portrait-photo-of-a-female-dog-dressed-in-modern-i/1-657d3fba2082487e961da7490222728e?id=p5Xy6w%2bzrfxSZLVbixGwkQ%3d%3d&view=detailv2&idpp=genimg&idpbck=1&form=BICREC",
  "urlHash": "3e415a7bb82ee6221d3e14dba220cc1f",
  "download": "https://api.apify.com/v2/key-value-stores/Tt7I9g87ivLmvj8kT/records/3e415a7bb82ee6221d3e14dba220cc1f.zip"
},
{
  "url": "https://www.bing.com/images/create/portrait-photo-of-a-female-dog-dressed-in-modern-i/1-657d3f7bbb5a41d9854e9aee387b4cb9?id=JUXPdL1yLi9JYDl9tRZJ4w%3d%3d&view=detailv2&idpp=genimg&idpbck=1&form=BICREC",
  "urlHash": "ae60ea0fa85dc02d51e3ad4cdce6daf9",
  "download": "https://api.apify.com/v2/key-value-stores/Tt7I9g87ivLmvj8kT/records/ae60ea0fa85dc02d51e3ad4cdce6daf9.zip"
},
{
  "url": "https://www.bing.com/images/create/portrait-photo-of-a-female-dog-dressed-in-modern-i/1-657d3f7bbb5a41d9854e9aee387b4cb9?id=WATZXtPdvSer5E%2fITUiinQ%3d%3d&view=detailv2&idpp=genimg&idpbck=1&form=BICREC",
  "urlHash": "c164f860e390fe84c12d6ede937d0e7c",
  "download": "https://api.apify.com/v2/key-value-stores/Tt7I9g87ivLmvj8kT/records/c164f860e390fe84c12d6ede937d0e7c.zip"
},
{
  "url": "https://www.bing.com/images/create/portrait-photo-of-a-female-dog-dressed-in-modern-i/1-657d3f7bbb5a41d9854e9aee387b4cb9?id=AMyZIay5sNEFq%2b1%2bu6vkxw%3d%3d&view=detailv2&idpp=genimg&idpbck=1&form=BICREC",
  "urlHash": "d5aa2c3d1ea3dabc555c283e6074484c",
  "download": "https://api.apify.com/v2/key-value-stores/Tt7I9g87ivLmvj8kT/records/d5aa2c3d1ea3dabc555c283e6074484c.zip"
},
{
  "url": "https://www.bing.com/images/create/portrait-photo-of-a-female-dog-dressed-in-modern-i/1-657d3f7bbb5a41d9854e9aee387b4cb9?id=eW%2frzkON1CRtFNCGLpvy2w%3d%3d&view=detailv2&idpp=genimg&idpbck=1&form=BICREC",
  "urlHash": "912374086e18b8b6c45cd37e1143c371",
  "download": "https://api.apify.com/v2/key-value-stores/Tt7I9g87ivLmvj8kT/records/912374086e18b8b6c45cd37e1143c371.zip"
}]