[{
  "url": "https://www.bing.com/images/create/portrait-photo-of-a-female-cat-dressed-in-modern-i/1-65811f6e2df9439a83d48607057fdaa7?id=wEpWWl8M4IVjs%2fLUKlbbhg%3d%3d&view=detailv2&idpp=genimg&idpbck=1&form=BICREC",
  "urlHash": "1e1a7c791fe276f296d682fb9f413eb7",
  "download": "https://api.apify.com/v2/key-value-stores/rsVKphWSav7XKnsWq/records/1e1a7c791fe276f296d682fb9f413eb7.zip"
},
{
  "url": "https://www.bing.com/images/create/portrait-photo-of-a-female-cat-dressed-in-modern-i/1-65811f6e2df9439a83d48607057fdaa7?id=h%2bc%2fSAIqIK6dFFt0tgUrpg%3d%3d&view=detailv2&idpp=genimg&idpbck=1&form=BICREC",
  "urlHash": "0dcc4bed99a8ba002827be7d346b87ac",
  "download": "https://api.apify.com/v2/key-value-stores/rsVKphWSav7XKnsWq/records/0dcc4bed99a8ba002827be7d346b87ac.zip"
},
{
  "url": "https://www.bing.com/images/create/portrait-photo-of-a-female-cat-dressed-in-modern-i/1-65811f6e2df9439a83d48607057fdaa7?id=tVPQAxv4WL5wXcIZZLYU6g%3d%3d&view=detailv2&idpp=genimg&idpbck=1&form=BICREC",
  "urlHash": "f4915265c10a200f74a797498e790928",
  "download": "https://api.apify.com/v2/key-value-stores/rsVKphWSav7XKnsWq/records/f4915265c10a200f74a797498e790928.zip"
},
{
  "url": "https://www.bing.com/images/create/portrait-photo-of-a-female-cat-dressed-in-modern-i/1-65811f6e2df9439a83d48607057fdaa7?id=dgoD0vaMxg3nW6QA7qvVkA%3d%3d&view=detailv2&idpp=genimg&idpbck=1&form=BICREC",
  "urlHash": "652461c90854292959932e82d2a385d8",
  "download": "https://api.apify.com/v2/key-value-stores/rsVKphWSav7XKnsWq/records/652461c90854292959932e82d2a385d8.zip"
},
{
  "url": "https://www.bing.com/images/create/portrait-photo-of-a-female-cat-dressed-in-modern-i/1-65811f135eb04d988306bdfacbf1028d?id=reEss%2bQVXvotoyTeA4GVOg%3d%3d&view=detailv2&idpp=genimg&idpbck=1&form=BICREC",
  "urlHash": "2a0fd19fd91ac3d3b6675bd22e4e59f3",
  "download": "https://api.apify.com/v2/key-value-stores/rsVKphWSav7XKnsWq/records/2a0fd19fd91ac3d3b6675bd22e4e59f3.zip"
},
{
  "url": "https://www.bing.com/images/create/portrait-photo-of-a-female-cat-dressed-in-modern-i/1-65811f135eb04d988306bdfacbf1028d?id=zbqNOhQLErj6WCPEKmfdOA%3d%3d&view=detailv2&idpp=genimg&idpbck=1&form=BICREC",
  "urlHash": "4d06325aeca86646b7fde302b3d5b3e3",
  "download": "https://api.apify.com/v2/key-value-stores/rsVKphWSav7XKnsWq/records/4d06325aeca86646b7fde302b3d5b3e3.zip"
},
{
  "url": "https://www.bing.com/images/create/portrait-photo-of-a-female-cat-dressed-in-modern-i/1-65811f135eb04d988306bdfacbf1028d?id=20Cr5190U6m6IQ77SREYew%3d%3d&view=detailv2&idpp=genimg&idpbck=1&form=BICREC",
  "urlHash": "704b46bc1f8c62702f9c34bbda6e5554",
  "download": "https://api.apify.com/v2/key-value-stores/rsVKphWSav7XKnsWq/records/704b46bc1f8c62702f9c34bbda6e5554.zip"
},
{
  "url": "https://www.bing.com/images/create/portrait-photo-of-a-female-cat-dressed-in-modern-i/1-65811f135eb04d988306bdfacbf1028d?id=VFfNk1Sc10LTkmwBRfNC7Q%3d%3d&view=detailv2&idpp=genimg&idpbck=1&form=BICREC",
  "urlHash": "63291afbe69e5d9539444e7f781ae72b",
  "download": "https://api.apify.com/v2/key-value-stores/rsVKphWSav7XKnsWq/records/63291afbe69e5d9539444e7f781ae72b.zip"
},
{
  "url": "https://www.bing.com/images/create/portrait-photo-of-a-female-cat-dressed-in-modern-i/1-65811eba9d1546ad992d327a29b6fd7d?id=pXEbjS5wn%2bHdTW2qShAwFQ%3d%3d&view=detailv2&idpp=genimg&idpbck=1&form=BICREC",
  "urlHash": "803d628e55b4e68027dfcf08e000af9b",
  "download": "https://api.apify.com/v2/key-value-stores/rsVKphWSav7XKnsWq/records/803d628e55b4e68027dfcf08e000af9b.zip"
},
{
  "url": "https://www.bing.com/images/create/portrait-photo-of-a-female-cat-dressed-in-modern-i/1-65811eba9d1546ad992d327a29b6fd7d?id=FL7p1dHkq0wKA3JbhbU8qg%3d%3d&view=detailv2&idpp=genimg&idpbck=1&form=BICREC",
  "urlHash": "07fec10e4666aa4f98322f7b0710ff8f",
  "download": "https://api.apify.com/v2/key-value-stores/rsVKphWSav7XKnsWq/records/07fec10e4666aa4f98322f7b0710ff8f.zip"
},
{
  "url": "https://www.bing.com/images/create/portrait-photo-of-a-female-cat-dressed-in-modern-i/1-65811eba9d1546ad992d327a29b6fd7d?id=AEs%2b6DRRz9SG4r0QD%2bBRWw%3d%3d&view=detailv2&idpp=genimg&idpbck=1&form=BICREC",
  "urlHash": "2ca29c91cb1da0250ef55454a2fb5a9c",
  "download": "https://api.apify.com/v2/key-value-stores/rsVKphWSav7XKnsWq/records/2ca29c91cb1da0250ef55454a2fb5a9c.zip"
},
{
  "url": "https://www.bing.com/images/create/portrait-photo-of-a-female-cat-dressed-in-modern-i/1-65811eba9d1546ad992d327a29b6fd7d?id=nfNCHpDqowrkiCmFUlCqoQ%3d%3d&view=detailv2&idpp=genimg&idpbck=1&form=BICREC",
  "urlHash": "a37440e5df623da77ad4cdb8b77107d9",
  "download": "https://api.apify.com/v2/key-value-stores/rsVKphWSav7XKnsWq/records/a37440e5df623da77ad4cdb8b77107d9.zip"
},
{
  "url": "https://www.bing.com/images/create/portrait-photo-of-a-female-cat-dressed-in-modern-i/1-65811e4dc9d3417191e569961a7a1833?id=iXRbYgdmgts4cXuTOZa3jA%3d%3d&view=detailv2&idpp=genimg&idpbck=1&form=BICREC",
  "urlHash": "c68f33c3f376ebe2716db4b43d7621d0",
  "download": "https://api.apify.com/v2/key-value-stores/rsVKphWSav7XKnsWq/records/c68f33c3f376ebe2716db4b43d7621d0.zip"
},
{
  "url": "https://www.bing.com/images/create/portrait-photo-of-a-female-cat-dressed-in-modern-i/1-65811e4dc9d3417191e569961a7a1833?id=qsCgV8moaILzIHaf3cz%2fyA%3d%3d&view=detailv2&idpp=genimg&idpbck=1&form=BICREC",
  "urlHash": "cebc85a6bad2c28797072dc4f41d98b0",
  "download": "https://api.apify.com/v2/key-value-stores/rsVKphWSav7XKnsWq/records/cebc85a6bad2c28797072dc4f41d98b0.zip"
},
{
  "url": "https://www.bing.com/images/create/portrait-photo-of-a-female-cat-dressed-in-modern-i/1-65811e4dc9d3417191e569961a7a1833?id=Vz6D9E9SDYeMd2VqcBG9cA%3d%3d&view=detailv2&idpp=genimg&idpbck=1&form=BICREC",
  "urlHash": "1c093cc758eb12731913757127bb3bfb",
  "download": "https://api.apify.com/v2/key-value-stores/rsVKphWSav7XKnsWq/records/1c093cc758eb12731913757127bb3bfb.zip"
},
{
  "url": "https://www.bing.com/images/create/portrait-photo-of-a-female-cat-dressed-in-modern-i/1-65811e4dc9d3417191e569961a7a1833?id=5xTDZBhXGUdfqXn39YxN0g%3d%3d&view=detailv2&idpp=genimg&idpbck=1&form=BICREC",
  "urlHash": "fc797e8ec35ef8be0b46d65ade065ea5",
  "download": "https://api.apify.com/v2/key-value-stores/rsVKphWSav7XKnsWq/records/fc797e8ec35ef8be0b46d65ade065ea5.zip"
},
{
  "url": "https://www.bing.com/images/create/portrait-photo-of-a-female-cat-dressed-in-modern-i/1-65811dc096e14c6a879c2a3ac0054baf?id=jrfHSnfhQCYiORSwsh7YAA%3d%3d&view=detailv2&idpp=genimg&idpbck=1&form=BICREC",
  "urlHash": "9c12476a820f399d9d4437e318d4bf76",
  "download": "https://api.apify.com/v2/key-value-stores/rsVKphWSav7XKnsWq/records/9c12476a820f399d9d4437e318d4bf76.zip"
},
{
  "url": "https://www.bing.com/images/create/portrait-photo-of-a-female-cat-dressed-in-modern-i/1-65811dc096e14c6a879c2a3ac0054baf?id=mfg8W2ZhtBRFKNJNlJGKpA%3d%3d&view=detailv2&idpp=genimg&idpbck=1&form=BICREC",
  "urlHash": "1c28a544dd6dba3ff6a14adda270e08e",
  "download": "https://api.apify.com/v2/key-value-stores/rsVKphWSav7XKnsWq/records/1c28a544dd6dba3ff6a14adda270e08e.zip"
},
{
  "url": "https://www.bing.com/images/create/portrait-photo-of-a-female-cat-dressed-in-modern-i/1-65811dc096e14c6a879c2a3ac0054baf?id=lhx4chFfg7SlJx2NqeknIg%3d%3d&view=detailv2&idpp=genimg&idpbck=1&form=BICREC",
  "urlHash": "df3a7a5dad05ab21e5645b8273fb0e60",
  "download": "https://api.apify.com/v2/key-value-stores/rsVKphWSav7XKnsWq/records/df3a7a5dad05ab21e5645b8273fb0e60.zip"
},
{
  "url": "https://www.bing.com/images/create/portrait-photo-of-a-female-cat-dressed-in-modern-i/1-65811dc096e14c6a879c2a3ac0054baf?id=jGj1lOsrputnpKCtl8gUoQ%3d%3d&view=detailv2&idpp=genimg&idpbck=1&form=BICREC",
  "urlHash": "92af5d4b5645bfe34875c1e1e6dd7279",
  "download": "https://api.apify.com/v2/key-value-stores/rsVKphWSav7XKnsWq/records/92af5d4b5645bfe34875c1e1e6dd7279.zip"
},
{
  "url": "https://www.bing.com/images/create/portrait-photo-of-a-female-cat-dressed-in-modern-i/1-65811d5152df425192804a6967aba6f7?id=Qw2MEXn2ypGlYKnVlicFow%3d%3d&view=detailv2&idpp=genimg&idpbck=1&form=BICREC",
  "urlHash": "cfefec4b8266b3b51cc04edcfd66be9f",
  "download": "https://api.apify.com/v2/key-value-stores/rsVKphWSav7XKnsWq/records/cfefec4b8266b3b51cc04edcfd66be9f.zip"
},
{
  "url": "https://www.bing.com/images/create/portrait-photo-of-a-female-cat-dressed-in-modern-i/1-65811d5152df425192804a6967aba6f7?id=LE7%2bvPV6L5qkRa8Z6KbxPg%3d%3d&view=detailv2&idpp=genimg&idpbck=1&form=BICREC",
  "urlHash": "ba5d376cd306f702f8fc35077d5fcd77",
  "download": "https://api.apify.com/v2/key-value-stores/rsVKphWSav7XKnsWq/records/ba5d376cd306f702f8fc35077d5fcd77.zip"
},
{
  "url": "https://www.bing.com/images/create/portrait-photo-of-a-female-cat-dressed-in-modern-i/1-65811d5152df425192804a6967aba6f7?id=AiKrTSg3h3QjoUmbGruqsw%3d%3d&view=detailv2&idpp=genimg&idpbck=1&form=BICREC",
  "urlHash": "3db2054fd8244059c52553320cce8506",
  "download": "https://api.apify.com/v2/key-value-stores/rsVKphWSav7XKnsWq/records/3db2054fd8244059c52553320cce8506.zip"
},
{
  "url": "https://www.bing.com/images/create/portrait-photo-of-a-female-cat-dressed-in-modern-i/1-65811d5152df425192804a6967aba6f7?id=XF0QCnxU%2faLQnfyr8qW%2fng%3d%3d&view=detailv2&idpp=genimg&idpbck=1&form=BICREC",
  "urlHash": "b51b28c04af74c8f943281dc516fe253",
  "download": "https://api.apify.com/v2/key-value-stores/rsVKphWSav7XKnsWq/records/b51b28c04af74c8f943281dc516fe253.zip"
},
{
  "url": "https://www.bing.com/images/create/portrait-photo-of-a-female-cat-dressed-in-modern-i/1-65812011c43c46628f0b98f3c7caa4c4?id=0RXgKjT999yZSK8S5vJTdA%3d%3d&view=detailv2&idpp=genimg&idpbck=1&form=BICREC",
  "urlHash": "6cf2341f8be549488b7ab1ac71089a04",
  "download": "https://api.apify.com/v2/key-value-stores/rsVKphWSav7XKnsWq/records/6cf2341f8be549488b7ab1ac71089a04.zip"
},
{
  "url": "https://www.bing.com/images/create/portrait-photo-of-a-female-cat-dressed-in-modern-i/1-65812011c43c46628f0b98f3c7caa4c4?id=WsKyrAL0E3oeBTqNzSVuYQ%3d%3d&view=detailv2&idpp=genimg&idpbck=1&form=BICREC",
  "urlHash": "09bc1b0398019956fe0c2daba940d6ce",
  "download": "https://api.apify.com/v2/key-value-stores/rsVKphWSav7XKnsWq/records/09bc1b0398019956fe0c2daba940d6ce.zip"
},
{
  "url": "https://www.bing.com/images/create/portrait-photo-of-a-female-cat-dressed-in-modern-i/1-65812011c43c46628f0b98f3c7caa4c4?id=MjmTjXeEtqVDLL7BA6atEg%3d%3d&view=detailv2&idpp=genimg&idpbck=1&form=BICREC",
  "urlHash": "64a0a179775897d6693d67514063fef8",
  "download": "https://api.apify.com/v2/key-value-stores/rsVKphWSav7XKnsWq/records/64a0a179775897d6693d67514063fef8.zip"
},
{
  "url": "https://www.bing.com/images/create/portrait-photo-of-a-female-cat-dressed-in-modern-i/1-65812011c43c46628f0b98f3c7caa4c4?id=nhGAOOkIYeDwCd9tdh9ibg%3d%3d&view=detailv2&idpp=genimg&idpbck=1&form=BICREC",
  "urlHash": "0a5384ee80f171c428e7e6c6de59cb4a",
  "download": "https://api.apify.com/v2/key-value-stores/rsVKphWSav7XKnsWq/records/0a5384ee80f171c428e7e6c6de59cb4a.zip"
},
{
  "url": "https://www.bing.com/images/create/portrait-photo-of-a-female-cat-dressed-in-modern-i/1-65811fc11f92415191ab8cb60a3344f7?id=sBVGb%2bBJD1YFjrinJoYrOw%3d%3d&view=detailv2&idpp=genimg&idpbck=1&form=BICREC",
  "urlHash": "9c901aef1c768dc1ff311808382cc96a",
  "download": "https://api.apify.com/v2/key-value-stores/rsVKphWSav7XKnsWq/records/9c901aef1c768dc1ff311808382cc96a.zip"
},
{
  "url": "https://www.bing.com/images/create/portrait-photo-of-a-female-cat-dressed-in-modern-i/1-65811fc11f92415191ab8cb60a3344f7?id=PESYCdMuE%2bE%2fU3ldroDKiQ%3d%3d&view=detailv2&idpp=genimg&idpbck=1&form=BICREC",
  "urlHash": "ac5aba1b3e8a6b783870f62ac431017a",
  "download": "https://api.apify.com/v2/key-value-stores/rsVKphWSav7XKnsWq/records/ac5aba1b3e8a6b783870f62ac431017a.zip"
},
{
  "url": "https://www.bing.com/images/create/portrait-photo-of-a-female-cat-dressed-in-modern-i/1-65811fc11f92415191ab8cb60a3344f7?id=MPqyNU%2f5xo3vrl4nqe3LzA%3d%3d&view=detailv2&idpp=genimg&idpbck=1&form=BICREC",
  "urlHash": "1645879a824fb342f91384473f858b69",
  "download": "https://api.apify.com/v2/key-value-stores/rsVKphWSav7XKnsWq/records/1645879a824fb342f91384473f858b69.zip"
},
{
  "url": "https://www.bing.com/images/create/portrait-photo-of-a-female-dog-dressed-in-modern-i/1-657c3058080f40a998a0783302135167?id=NxRiECxwOlYcSM42yFQ6hA%3d%3d&view=detailv2&idpp=genimg&idpbck=1&form=BICREC",
  "urlHash": "b126deabff8a7ace216f8aa5d666d634",
  "download": "https://api.apify.com/v2/key-value-stores/rsVKphWSav7XKnsWq/records/b126deabff8a7ace216f8aa5d666d634.zip"
},
{
  "url": "https://www.bing.com/images/create/portrait-photo-of-a-female-dog-dressed-in-modern-i/1-657c3058080f40a998a0783302135167?id=qyhzEfzLOEcvTaGLbuqXBw%3d%3d&view=detailv2&idpp=genimg&idpbck=1&form=BICREC",
  "urlHash": "9a0f9279b46f7372f2729932c862da77",
  "download": "https://api.apify.com/v2/key-value-stores/rsVKphWSav7XKnsWq/records/9a0f9279b46f7372f2729932c862da77.zip"
},
{
  "url": "https://www.bing.com/images/create/portrait-photo-of-a-female-dog-dressed-in-modern-i/1-657c3058080f40a998a0783302135167?id=Bxdr0Rpg8T13LjLdN8LQHg%3d%3d&view=detailv2&idpp=genimg&idpbck=1&form=BICREC",
  "urlHash": "e48f36c1cf52fe60ac282bf93a2fa4f6",
  "download": "https://api.apify.com/v2/key-value-stores/rsVKphWSav7XKnsWq/records/e48f36c1cf52fe60ac282bf93a2fa4f6.zip"
},
{
  "url": "https://www.bing.com/images/create/portrait-photo-of-a-female-dog-dressed-in-modern-i/1-657c2ffac46c4fae951099eeedfde081?id=nLqZ69lzSWSUvqgDCUtBtg%3d%3d&view=detailv2&idpp=genimg&idpbck=1&form=BICREC",
  "urlHash": "cafa4afad5fc5c28bdd2a2ff420e9377",
  "download": "https://api.apify.com/v2/key-value-stores/rsVKphWSav7XKnsWq/records/cafa4afad5fc5c28bdd2a2ff420e9377.zip"
},
{
  "url": "https://www.bing.com/images/create/portrait-photo-of-a-female-dog-dressed-in-modern-i/1-657c3058080f40a998a0783302135167?id=Fg6ITRpE3dwWJA9lBMUoZg%3d%3d&view=detailv2&idpp=genimg&idpbck=1&form=BICREC",
  "urlHash": "18e6f587af4791ef6dc65ddfd126a878",
  "download": "https://api.apify.com/v2/key-value-stores/rsVKphWSav7XKnsWq/records/18e6f587af4791ef6dc65ddfd126a878.zip"
},
{
  "url": "https://www.bing.com/images/create/portrait-photo-of-a-female-cat-dressed-in-modern-i/1-65811fc11f92415191ab8cb60a3344f7?id=ZjIQBwiG7dV3Y8%2fVqOYsBA%3d%3d&view=detailv2&idpp=genimg&idpbck=1&form=BICREC",
  "urlHash": "5c2f65372fc8a7bf55ca9e973b0d914e",
  "download": "https://api.apify.com/v2/key-value-stores/rsVKphWSav7XKnsWq/records/5c2f65372fc8a7bf55ca9e973b0d914e.zip"
},
{
  "url": "https://www.bing.com/images/create/portrait-photo-of-a-female-dog-dressed-in-modern-i/1-657c2ffac46c4fae951099eeedfde081?id=8w5%2bI80wT9yjr6970KejfQ%3d%3d&view=detailv2&idpp=genimg&idpbck=1&form=BICREC",
  "urlHash": "bd923055f92f98244a013e4cb86fcc95",
  "download": "https://api.apify.com/v2/key-value-stores/rsVKphWSav7XKnsWq/records/bd923055f92f98244a013e4cb86fcc95.zip"
},
{
  "url": "https://www.bing.com/images/create/portrait-photo-of-a-female-dog-dressed-in-modern-i/1-657c2ffac46c4fae951099eeedfde081?id=oi4oBEQGajOI%2bo73mr%2fdGQ%3d%3d&view=detailv2&idpp=genimg&idpbck=1&form=BICREC",
  "urlHash": "4080e9590ef2d87cb17c250130c2ff93",
  "download": "https://api.apify.com/v2/key-value-stores/rsVKphWSav7XKnsWq/records/4080e9590ef2d87cb17c250130c2ff93.zip"
},
{
  "url": "https://www.bing.com/images/create/portrait-photo-of-a-female-dog-dressed-in-modern-i/1-657c2ffac46c4fae951099eeedfde081?id=t%2bp1NwG3TQb%2b%2bQQ3ER2PHQ%3d%3d&view=detailv2&idpp=genimg&idpbck=1&form=BICREC",
  "urlHash": "cd386a32358e7ad27a7b9a4f05a360f9",
  "download": "https://api.apify.com/v2/key-value-stores/rsVKphWSav7XKnsWq/records/cd386a32358e7ad27a7b9a4f05a360f9.zip"
},
{
  "url": "https://www.bing.com/images/create/portrait-photo-of-a-female-dog-dressed-in-modern-i/1-657c2fc4943f436fb7fd547adb66fa6f?id=0cP4hpiRG5kynlj0frfiXw%3d%3d&view=detailv2&idpp=genimg&idpbck=1&form=BICREC",
  "urlHash": "654bdd59f62fe7ecebb15fab0a582838",
  "download": "https://api.apify.com/v2/key-value-stores/rsVKphWSav7XKnsWq/records/654bdd59f62fe7ecebb15fab0a582838.zip"
},
{
  "url": "https://www.bing.com/images/create/portrait-photo-of-a-female-dog-dressed-in-modern-i/1-657c2fc4943f436fb7fd547adb66fa6f?id=fqCASlRgUBJxu9vHxhrZvg%3d%3d&view=detailv2&idpp=genimg&idpbck=1&form=BICREC",
  "urlHash": "ce01c63102cb9358b6152bfe36b2d3c7",
  "download": "https://api.apify.com/v2/key-value-stores/rsVKphWSav7XKnsWq/records/ce01c63102cb9358b6152bfe36b2d3c7.zip"
},
{
  "url": "https://www.bing.com/images/create/portrait-photo-of-a-female-dog-dressed-in-modern-i/1-657c2fc4943f436fb7fd547adb66fa6f?id=So06c9cOxL2Nk8TZ8hdcAA%3d%3d&view=detailv2&idpp=genimg&idpbck=1&form=BICREC",
  "urlHash": "0b87cff399b8c094953ca003ef44adbb",
  "download": "https://api.apify.com/v2/key-value-stores/rsVKphWSav7XKnsWq/records/0b87cff399b8c094953ca003ef44adbb.zip"
},
{
  "url": "https://www.bing.com/images/create/portrait-photo-of-a-female-dog-dressed-in-modern-i/1-657c2fc4943f436fb7fd547adb66fa6f?id=%2fkt%2fL4jn%2bNxoelXcC7PMtg%3d%3d&view=detailv2&idpp=genimg&idpbck=1&form=BICREC",
  "urlHash": "1b7eb117d40f6b8f6542b8b20608e8cc",
  "download": "https://api.apify.com/v2/key-value-stores/rsVKphWSav7XKnsWq/records/1b7eb117d40f6b8f6542b8b20608e8cc.zip"
},
{
  "url": "https://www.bing.com/images/create/portrait-photo-of-a-female-dog-dressed-in-modern-i/1-657c2f8f491149d98d0b7018b2a0ef03?id=5HJgq4Kooy3UUtsM2lLumg%3d%3d&view=detailv2&idpp=genimg&idpbck=1&form=BICREC",
  "urlHash": "44065095cdac0d5c6cf2cb09f2531add",
  "download": "https://api.apify.com/v2/key-value-stores/rsVKphWSav7XKnsWq/records/44065095cdac0d5c6cf2cb09f2531add.zip"
},
{
  "url": "https://www.bing.com/images/create/portrait-photo-of-a-female-dog-dressed-in-modern-i/1-657c2f8f491149d98d0b7018b2a0ef03?id=WybszyOgzWJegx4YcTNG%2fw%3d%3d&view=detailv2&idpp=genimg&idpbck=1&form=BICREC",
  "urlHash": "8c07b746d28a227b63b439877b909aab",
  "download": "https://api.apify.com/v2/key-value-stores/rsVKphWSav7XKnsWq/records/8c07b746d28a227b63b439877b909aab.zip"
},
{
  "url": "https://www.bing.com/images/create/portrait-photo-of-a-female-dog-dressed-in-modern-i/1-657c2f8f491149d98d0b7018b2a0ef03?id=b%2bbA8dBoaj5cu4hDFJA64A%3d%3d&view=detailv2&idpp=genimg&idpbck=1&form=BICREC",
  "urlHash": "501cc50a0a930b1aea03cc2f9bdc86b4",
  "download": "https://api.apify.com/v2/key-value-stores/rsVKphWSav7XKnsWq/records/501cc50a0a930b1aea03cc2f9bdc86b4.zip"
},
{
  "url": "https://www.bing.com/images/create/portrait-photo-of-a-female-dog-dressed-in-modern-i/1-657c2f8f491149d98d0b7018b2a0ef03?id=zXq4KHECaB6DgcJvRXh0Dg%3d%3d&view=detailv2&idpp=genimg&idpbck=1&form=BICREC",
  "urlHash": "ae3c8c33a2568cb9146becd09a7b50df",
  "download": "https://api.apify.com/v2/key-value-stores/rsVKphWSav7XKnsWq/records/ae3c8c33a2568cb9146becd09a7b50df.zip"
},
{
  "url": "https://www.bing.com/images/create/portrait-photo-of-a-female-dog-dressed-in-modern-i/1-657c2d4244c848008a0df26c442d9ba8?id=oPbx62zcX2VHspjOdS6pcA%3d%3d&view=detailv2&idpp=genimg&idpbck=1&form=BICREC",
  "urlHash": "e02d66a823c29060b7e6c67750b90a1d",
  "download": "https://api.apify.com/v2/key-value-stores/rsVKphWSav7XKnsWq/records/e02d66a823c29060b7e6c67750b90a1d.zip"
},
{
  "url": "https://www.bing.com/images/create/portrait-photo-of-a-female-dog-dressed-in-modern-i/1-657c2d4244c848008a0df26c442d9ba8?id=kT7auEnHkkiU2MmJlPwYVw%3d%3d&view=detailv2&idpp=genimg&idpbck=1&form=BICREC",
  "urlHash": "d779611010da5fc9ce5a7f2e3cd83a1c",
  "download": "https://api.apify.com/v2/key-value-stores/rsVKphWSav7XKnsWq/records/d779611010da5fc9ce5a7f2e3cd83a1c.zip"
},
{
  "url": "https://www.bing.com/images/create/portrait-photo-of-a-female-dog-dressed-in-modern-i/1-657c2d4244c848008a0df26c442d9ba8?id=gtTipqVufe7nHMHDFHjw5g%3d%3d&view=detailv2&idpp=genimg&idpbck=1&form=BICREC",
  "urlHash": "12f7b9a342d6ed76a55c5d1c66049d4b",
  "download": "https://api.apify.com/v2/key-value-stores/rsVKphWSav7XKnsWq/records/12f7b9a342d6ed76a55c5d1c66049d4b.zip"
},
{
  "url": "https://www.bing.com/images/create/portrait-photo-of-a-female-dog-dressed-in-modern-i/1-657c2d221cd44d77b45d4031337193ec?id=xzJzhuMPBrQZ93PJ0ax7Pg%3d%3d&view=detailv2&idpp=genimg&idpbck=1&form=BICREC",
  "urlHash": "98ffb494af0b9e3b6bedcc6464344b10",
  "download": "https://api.apify.com/v2/key-value-stores/rsVKphWSav7XKnsWq/records/98ffb494af0b9e3b6bedcc6464344b10.zip"
},
{
  "url": "https://www.bing.com/images/create/portrait-photo-of-a-female-dog-dressed-in-modern-i/1-657c2d4244c848008a0df26c442d9ba8?id=Lnd9gOAzZRL57tljPmtGTg%3d%3d&view=detailv2&idpp=genimg&idpbck=1&form=BICREC",
  "urlHash": "93af8a13b4ab582d0f7fd6bdce0a7b80",
  "download": "https://api.apify.com/v2/key-value-stores/rsVKphWSav7XKnsWq/records/93af8a13b4ab582d0f7fd6bdce0a7b80.zip"
},
{
  "url": "https://www.bing.com/images/create/portrait-photo-of-a-female-dog-dressed-in-modern-i/1-657c2d221cd44d77b45d4031337193ec?id=Mjche93x18xlOxHsAUPzbg%3d%3d&view=detailv2&idpp=genimg&idpbck=1&form=BICREC",
  "urlHash": "d4d63a634cb75865079415a5413e1ae4",
  "download": "https://api.apify.com/v2/key-value-stores/rsVKphWSav7XKnsWq/records/d4d63a634cb75865079415a5413e1ae4.zip"
},
{
  "url": "https://www.bing.com/images/create/portrait-photo-of-a-female-dog-dressed-in-modern-i/1-657c2d221cd44d77b45d4031337193ec?id=FnIMGVSFy21djYvHD6TyLw%3d%3d&view=detailv2&idpp=genimg&idpbck=1&form=BICREC",
  "urlHash": "83558658b358e620503c1dce7b1a237e",
  "download": "https://api.apify.com/v2/key-value-stores/rsVKphWSav7XKnsWq/records/83558658b358e620503c1dce7b1a237e.zip"
},
{
  "url": "https://www.bing.com/images/create/portrait-photo-of-a-female-dog-dressed-in-modern-i/1-657c2d221cd44d77b45d4031337193ec?id=NAeasb6V4k%2fDu33Hdm18Ng%3d%3d&view=detailv2&idpp=genimg&idpbck=1&form=BICREC",
  "urlHash": "2fb1589707ae9fbc434b6a76c72a8d79",
  "download": "https://api.apify.com/v2/key-value-stores/rsVKphWSav7XKnsWq/records/2fb1589707ae9fbc434b6a76c72a8d79.zip"
},
{
  "url": "https://www.bing.com/images/create/portrait-photo-of-a-female-dog-dressed-in-modern-i/1-657c2d09783b4319a7fbb8a74e6f76db?id=z79uNV3j4ALXjNGOgXuKww%3d%3d&view=detailv2&idpp=genimg&idpbck=1&form=BICREC",
  "urlHash": "2b11145d4d88858be618b59afe0ae63a",
  "download": "https://api.apify.com/v2/key-value-stores/rsVKphWSav7XKnsWq/records/2b11145d4d88858be618b59afe0ae63a.zip"
},
{
  "url": "https://www.bing.com/images/create/portrait-photo-of-a-female-dog-dressed-in-modern-i/1-657c2d09783b4319a7fbb8a74e6f76db?id=Wk4iF8yudd9UwSmnnzfV1g%3d%3d&view=detailv2&idpp=genimg&idpbck=1&form=BICREC",
  "urlHash": "5d42995693b05676e2769da4bfccf58f",
  "download": "https://api.apify.com/v2/key-value-stores/rsVKphWSav7XKnsWq/records/5d42995693b05676e2769da4bfccf58f.zip"
},
{
  "url": "https://www.bing.com/images/create/portrait-photo-of-a-female-dog-dressed-in-modern-i/1-657c2d09783b4319a7fbb8a74e6f76db?id=6AhnpmDw7KY%2bYJ4Dms25%2fg%3d%3d&view=detailv2&idpp=genimg&idpbck=1&form=BICREC",
  "urlHash": "a54c7887bf403c15ba80a983ee355ef0",
  "download": "https://api.apify.com/v2/key-value-stores/rsVKphWSav7XKnsWq/records/a54c7887bf403c15ba80a983ee355ef0.zip"
},
{
  "url": "https://www.bing.com/images/create/portrait-photo-of-a-female-dog-dressed-in-modern-i/1-657c2bb8f9b140f29c8aaaec0b2d3e2d?id=WR2eVCFR9T%2fG0EToGwML9Q%3d%3d&view=detailv2&idpp=genimg&idpbck=1&form=BICREC",
  "urlHash": "de646ae015523bb644fa356ff95744df",
  "download": "https://api.apify.com/v2/key-value-stores/rsVKphWSav7XKnsWq/records/de646ae015523bb644fa356ff95744df.zip"
},
{
  "url": "https://www.bing.com/images/create/portrait-photo-of-a-female-dog-dressed-in-modern-i/1-657c2d09783b4319a7fbb8a74e6f76db?id=II8viwc9VXMAhTCwCxlPgA%3d%3d&view=detailv2&idpp=genimg&idpbck=1&form=BICREC",
  "urlHash": "6c1c604307d3f3a96086b15e995ca92c",
  "download": "https://api.apify.com/v2/key-value-stores/rsVKphWSav7XKnsWq/records/6c1c604307d3f3a96086b15e995ca92c.zip"
},
{
  "url": "https://www.bing.com/images/create/portrait-photo-of-a-female-dog-dressed-in-modern-i/1-657c2bb8f9b140f29c8aaaec0b2d3e2d?id=DLYukFbqJeULI77LpSuYpg%3d%3d&view=detailv2&idpp=genimg&idpbck=1&form=BICREC",
  "urlHash": "33678470fb057130a435b1b028201f1c",
  "download": "https://api.apify.com/v2/key-value-stores/rsVKphWSav7XKnsWq/records/33678470fb057130a435b1b028201f1c.zip"
},
{
  "url": "https://www.bing.com/images/create/portrait-photo-of-a-female-dog-dressed-in-modern-i/1-657c2bb8f9b140f29c8aaaec0b2d3e2d?id=PiwdmAam%2b4TFnc79FFJHJg%3d%3d&view=detailv2&idpp=genimg&idpbck=1&form=BICREC",
  "urlHash": "f01514aefd6a6713407bfdbeb5825716",
  "download": "https://api.apify.com/v2/key-value-stores/rsVKphWSav7XKnsWq/records/f01514aefd6a6713407bfdbeb5825716.zip"
},
{
  "url": "https://www.bing.com/images/create/portrait-photo-of-a-female-dog-dressed-in-modern-i/1-657c2bb8f9b140f29c8aaaec0b2d3e2d?id=zSzjH1AViwHS5g55bQn%2bBQ%3d%3d&view=detailv2&idpp=genimg&idpbck=1&form=BICREC",
  "urlHash": "2e35c2f1344ebf031e87279e486cb531",
  "download": "https://api.apify.com/v2/key-value-stores/rsVKphWSav7XKnsWq/records/2e35c2f1344ebf031e87279e486cb531.zip"
},
{
  "url": "https://www.bing.com/images/create/portrait-photo-of-a-female-dog-dressed-in-modern-i/1-657c2de564bb412c89e9d120032ce3f6?id=0yMbMvLL%2fInGJ%2fx4T7p6GQ%3d%3d&view=detailv2&idpp=genimg&idpbck=1&form=BICREC",
  "urlHash": "6c496047594599d1b1968b1a223257dc",
  "download": "https://api.apify.com/v2/key-value-stores/rsVKphWSav7XKnsWq/records/6c496047594599d1b1968b1a223257dc.zip"
},
{
  "url": "https://www.bing.com/images/create/portrait-photo-of-a-female-dog-dressed-in-modern-i/1-657c2de564bb412c89e9d120032ce3f6?id=KiB0lcGfqMm9MVHBPJxKdQ%3d%3d&view=detailv2&idpp=genimg&idpbck=1&form=BICREC",
  "urlHash": "1c0d04607bc6f511da91479a422f80dc",
  "download": "https://api.apify.com/v2/key-value-stores/rsVKphWSav7XKnsWq/records/1c0d04607bc6f511da91479a422f80dc.zip"
},
{
  "url": "https://www.bing.com/images/create/portrait-photo-of-a-female-dog-dressed-in-modern-i/1-657c2de564bb412c89e9d120032ce3f6?id=2hwltkAdyqB0AV5vx9Bpfw%3d%3d&view=detailv2&idpp=genimg&idpbck=1&form=BICREC",
  "urlHash": "74fed7e6cf06369c5e672c65538ca14c",
  "download": "https://api.apify.com/v2/key-value-stores/rsVKphWSav7XKnsWq/records/74fed7e6cf06369c5e672c65538ca14c.zip"
},
{
  "url": "https://www.bing.com/images/create/portrait-photo-of-a-female-dog-dressed-in-modern-i/1-657c2dc471ed41b29569837bd294339e?id=mbVrD8URWmMrEbw47XkYmA%3d%3d&view=detailv2&idpp=genimg&idpbck=1&form=BICREC",
  "urlHash": "b625da99fe100331ba1829b6b4bdd958",
  "download": "https://api.apify.com/v2/key-value-stores/rsVKphWSav7XKnsWq/records/b625da99fe100331ba1829b6b4bdd958.zip"
},
{
  "url": "https://www.bing.com/images/create/portrait-photo-of-a-female-dog-dressed-in-modern-i/1-657c2dc471ed41b29569837bd294339e?id=yD8GGj2IAORQV8sVqTkR2A%3d%3d&view=detailv2&idpp=genimg&idpbck=1&form=BICREC",
  "urlHash": "a7853f7a9d0676d21fd529ba6158e7b1",
  "download": "https://api.apify.com/v2/key-value-stores/rsVKphWSav7XKnsWq/records/a7853f7a9d0676d21fd529ba6158e7b1.zip"
},
{
  "url": "https://www.bing.com/images/create/portrait-photo-of-a-female-dog-dressed-in-modern-i/1-657c2dc471ed41b29569837bd294339e?id=MD%2fLzzXm4N2%2fl164I%2bWyug%3d%3d&view=detailv2&idpp=genimg&idpbck=1&form=BICREC",
  "urlHash": "c753188e80d507794e7fdcb9ffb772a0",
  "download": "https://api.apify.com/v2/key-value-stores/rsVKphWSav7XKnsWq/records/c753188e80d507794e7fdcb9ffb772a0.zip"
},
{
  "url": "https://www.bing.com/images/create/portrait-photo-of-a-female-dog-dressed-in-modern-i/1-657c2dc471ed41b29569837bd294339e?id=i3XMZBrmrNKOecsiNUUMsg%3d%3d&view=detailv2&idpp=genimg&idpbck=1&form=BICREC",
  "urlHash": "d027990bd2fe5273eabb4cfcb69cb26f",
  "download": "https://api.apify.com/v2/key-value-stores/rsVKphWSav7XKnsWq/records/d027990bd2fe5273eabb4cfcb69cb26f.zip"
},
{
  "url": "https://www.bing.com/images/create/portrait-photo-of-a-female-dog-dressed-in-modern-i/1-657c2da8042140e4ae0b722028c3c85b?id=IMv7l2TpM53kGdFlng8M5g%3d%3d&view=detailv2&idpp=genimg&idpbck=1&form=BICREC",
  "urlHash": "87ae3c82a83d9fe1f5f97df6b2d6e30c",
  "download": "https://api.apify.com/v2/key-value-stores/rsVKphWSav7XKnsWq/records/87ae3c82a83d9fe1f5f97df6b2d6e30c.zip"
},
{
  "url": "https://www.bing.com/images/create/portrait-photo-of-a-female-dog-dressed-in-modern-i/1-657c2de564bb412c89e9d120032ce3f6?id=bMIcfpcQ4ad1JqP46mWb5w%3d%3d&view=detailv2&idpp=genimg&idpbck=1&form=BICREC",
  "urlHash": "1b3bf028649bef7d0c9577c8b8fc0974",
  "download": "https://api.apify.com/v2/key-value-stores/rsVKphWSav7XKnsWq/records/1b3bf028649bef7d0c9577c8b8fc0974.zip"
},
{
  "url": "https://www.bing.com/images/create/portrait-photo-of-a-female-dog-dressed-in-modern-i/1-657c2da8042140e4ae0b722028c3c85b?id=UBBcs%2f8PNJQfZWZeeltZzA%3d%3d&view=detailv2&idpp=genimg&idpbck=1&form=BICREC",
  "urlHash": "fafe6fe5d3a9bc7e640ad26b76403e50",
  "download": "https://api.apify.com/v2/key-value-stores/rsVKphWSav7XKnsWq/records/fafe6fe5d3a9bc7e640ad26b76403e50.zip"
},
{
  "url": "https://www.bing.com/images/create/portrait-photo-of-a-female-dog-dressed-in-modern-i/1-657c2da8042140e4ae0b722028c3c85b?id=kGNKIQU3TN%2fT9c2FC9Vvgw%3d%3d&view=detailv2&idpp=genimg&idpbck=1&form=BICREC",
  "urlHash": "23ee6a83310197ed13b3e2a82d2ac487",
  "download": "https://api.apify.com/v2/key-value-stores/rsVKphWSav7XKnsWq/records/23ee6a83310197ed13b3e2a82d2ac487.zip"
},
{
  "url": "https://www.bing.com/images/create/portrait-photo-of-a-female-dog-dressed-in-modern-i/1-657c2d848dc0404d95f9409211dd678f?id=2Git6D8wdyBR3SB1CLsTBQ%3d%3d&view=detailv2&idpp=genimg&idpbck=1&form=BICREC",
  "urlHash": "fa62106b2bd17c30c6f0a447438e9fbf",
  "download": "https://api.apify.com/v2/key-value-stores/rsVKphWSav7XKnsWq/records/fa62106b2bd17c30c6f0a447438e9fbf.zip"
},
{
  "url": "https://www.bing.com/images/create/portrait-photo-of-a-female-dog-dressed-in-modern-i/1-657c2da8042140e4ae0b722028c3c85b?id=0jwDbLC%2fbiQMw%2bkNWgIa0A%3d%3d&view=detailv2&idpp=genimg&idpbck=1&form=BICREC",
  "urlHash": "04cd25476e616819f0ed021a77991ee8",
  "download": "https://api.apify.com/v2/key-value-stores/rsVKphWSav7XKnsWq/records/04cd25476e616819f0ed021a77991ee8.zip"
},
{
  "url": "https://www.bing.com/images/create/portrait-photo-of-a-female-dog-dressed-in-modern-i/1-657c2d848dc0404d95f9409211dd678f?id=%2fdLdaUMteq5a2ahsV7HQyw%3d%3d&view=detailv2&idpp=genimg&idpbck=1&form=BICREC",
  "urlHash": "cb53661163c92f3da00a7840a17043d1",
  "download": "https://api.apify.com/v2/key-value-stores/rsVKphWSav7XKnsWq/records/cb53661163c92f3da00a7840a17043d1.zip"
},
{
  "url": "https://www.bing.com/images/create/portrait-photo-of-a-female-dog-dressed-in-modern-i/1-657c2d848dc0404d95f9409211dd678f?id=%2b5B5kf1rluMUzOMbsBdsqA%3d%3d&view=detailv2&idpp=genimg&idpbck=1&form=BICREC",
  "urlHash": "b27fce5f0d18fde894de373380bacfc2",
  "download": "https://api.apify.com/v2/key-value-stores/rsVKphWSav7XKnsWq/records/b27fce5f0d18fde894de373380bacfc2.zip"
},
{
  "url": "https://www.bing.com/images/create/portrait-photo-of-a-female-dog-dressed-in-modern-i/1-657c2d848dc0404d95f9409211dd678f?id=rhR3jEElQHeuKqKNQEvizw%3d%3d&view=detailv2&idpp=genimg&idpbck=1&form=BICREC",
  "urlHash": "5b913bc6c4a4511fc1d90d43fec3ec00",
  "download": "https://api.apify.com/v2/key-value-stores/rsVKphWSav7XKnsWq/records/5b913bc6c4a4511fc1d90d43fec3ec00.zip"
},
{
  "url": "https://www.bing.com/images/create/portrait-photo-of-a-female-dog-dressed-in-modern-i/1-657c2f43a6f3491a9ac90164c3eabb58?id=tryuN6SlthviQov2Abgugg%3d%3d&view=detailv2&idpp=genimg&idpbck=1&form=BICREC",
  "urlHash": "e703edc1af30ea520796e683e7398b71",
  "download": "https://api.apify.com/v2/key-value-stores/rsVKphWSav7XKnsWq/records/e703edc1af30ea520796e683e7398b71.zip"
},
{
  "url": "https://www.bing.com/images/create/portrait-photo-of-a-female-dog-dressed-in-modern-i/1-657c2f43a6f3491a9ac90164c3eabb58?id=EZEZUHbNg%2bGH8zEUeH1G9Q%3d%3d&view=detailv2&idpp=genimg&idpbck=1&form=BICREC",
  "urlHash": "b0455108ce6df949c12f8ecf3bb2ff9b",
  "download": "https://api.apify.com/v2/key-value-stores/rsVKphWSav7XKnsWq/records/b0455108ce6df949c12f8ecf3bb2ff9b.zip"
},
{
  "url": "https://www.bing.com/images/create/portrait-photo-of-a-female-dog-dressed-in-modern-i/1-657c2f43a6f3491a9ac90164c3eabb58?id=W1fFgqqM1RcOAvfQeQuGvA%3d%3d&view=detailv2&idpp=genimg&idpbck=1&form=BICREC",
  "urlHash": "f6e29ad8d75138ec01b02893153e7222",
  "download": "https://api.apify.com/v2/key-value-stores/rsVKphWSav7XKnsWq/records/f6e29ad8d75138ec01b02893153e7222.zip"
},
{
  "url": "https://www.bing.com/images/create/portrait-photo-of-a-female-dog-dressed-in-modern-i/1-657c2f30aa4b4e3c9fff295041314380?id=oJDNxJ%2bi7cyVtYuebxjwXQ%3d%3d&view=detailv2&idpp=genimg&idpbck=1&form=BICREC",
  "urlHash": "e6b2b3c3324ef69b8dd6f1ae331f6e15",
  "download": "https://api.apify.com/v2/key-value-stores/rsVKphWSav7XKnsWq/records/e6b2b3c3324ef69b8dd6f1ae331f6e15.zip"
},
{
  "url": "https://www.bing.com/images/create/portrait-photo-of-a-female-dog-dressed-in-modern-i/1-657c2f30aa4b4e3c9fff295041314380?id=2nXbzhq5JIOjsr9AaW4JAw%3d%3d&view=detailv2&idpp=genimg&idpbck=1&form=BICREC",
  "urlHash": "3d72b019e2fc9d25a8e7fd7196ed5c4a",
  "download": "https://api.apify.com/v2/key-value-stores/rsVKphWSav7XKnsWq/records/3d72b019e2fc9d25a8e7fd7196ed5c4a.zip"
},
{
  "url": "https://www.bing.com/images/create/portrait-photo-of-a-female-dog-dressed-in-modern-i/1-657c2f30aa4b4e3c9fff295041314380?id=6AUM44Mp%2b9DIK3c5SRLkFw%3d%3d&view=detailv2&idpp=genimg&idpbck=1&form=BICREC",
  "urlHash": "1b578a74e300f0f30347ee08d51237e6",
  "download": "https://api.apify.com/v2/key-value-stores/rsVKphWSav7XKnsWq/records/1b578a74e300f0f30347ee08d51237e6.zip"
},
{
  "url": "https://www.bing.com/images/create/portrait-photo-of-a-female-dog-dressed-in-modern-i/1-657c2f43a6f3491a9ac90164c3eabb58?id=6yteiVbUuUR%2bxylTAj737w%3d%3d&view=detailv2&idpp=genimg&idpbck=1&form=BICREC",
  "urlHash": "77c1feb64e80d90eef1b3369f42a2a3f",
  "download": "https://api.apify.com/v2/key-value-stores/rsVKphWSav7XKnsWq/records/77c1feb64e80d90eef1b3369f42a2a3f.zip"
},
{
  "url": "https://www.bing.com/images/create/portrait-photo-of-a-female-dog-dressed-in-modern-i/1-657c2f30aa4b4e3c9fff295041314380?id=dbAAShOHo9JnfVpRxYAJ5g%3d%3d&view=detailv2&idpp=genimg&idpbck=1&form=BICREC",
  "urlHash": "279b3c5e6cce6a1c71e0237853dde38a",
  "download": "https://api.apify.com/v2/key-value-stores/rsVKphWSav7XKnsWq/records/279b3c5e6cce6a1c71e0237853dde38a.zip"
},
{
  "url": "https://www.bing.com/images/create/portrait-photo-of-a-female-dog-dressed-in-modern-i/1-657c2f0c9b8744c1839b4c8d754ddfbe?id=FrYZBLEMo2Fnj0oZc2sCsg%3d%3d&view=detailv2&idpp=genimg&idpbck=1&form=BICREC",
  "urlHash": "2bd254b610770e276a71c17b028366ea",
  "download": "https://api.apify.com/v2/key-value-stores/rsVKphWSav7XKnsWq/records/2bd254b610770e276a71c17b028366ea.zip"
},
{
  "url": "https://www.bing.com/images/create/portrait-photo-of-a-female-dog-dressed-in-modern-i/1-657c2f0c9b8744c1839b4c8d754ddfbe?id=6s04JYUYLvdoUH3cnQ6SkA%3d%3d&view=detailv2&idpp=genimg&idpbck=1&form=BICREC",
  "urlHash": "556643d09f2ddecca6b74d77980cded9",
  "download": "https://api.apify.com/v2/key-value-stores/rsVKphWSav7XKnsWq/records/556643d09f2ddecca6b74d77980cded9.zip"
},
{
  "url": "https://www.bing.com/images/create/portrait-photo-of-a-female-dog-dressed-in-modern-i/1-657c2f0c9b8744c1839b4c8d754ddfbe?id=tMqGt0igVh%2bGc04eoA%2bDtQ%3d%3d&view=detailv2&idpp=genimg&idpbck=1&form=BICREC",
  "urlHash": "571c2792f95c41533078c335f55c37d5",
  "download": "https://api.apify.com/v2/key-value-stores/rsVKphWSav7XKnsWq/records/571c2792f95c41533078c335f55c37d5.zip"
},
{
  "url": "https://www.bing.com/images/create/portrait-photo-of-a-female-dog-dressed-in-modern-i/1-657c2f0c9b8744c1839b4c8d754ddfbe?id=bgbyluRjNPqwlPhPog4HPg%3d%3d&view=detailv2&idpp=genimg&idpbck=1&form=BICREC",
  "urlHash": "7ab788517595f65415ec0238288b943e",
  "download": "https://api.apify.com/v2/key-value-stores/rsVKphWSav7XKnsWq/records/7ab788517595f65415ec0238288b943e.zip"
},
{
  "url": "https://www.bing.com/images/create/portrait-photo-of-a-female-dog-dressed-in-modern-i/1-657c2ee663d84ed3adfd115ab8ec33c4?id=IhZmN3MuRHUiI8IutksXPA%3d%3d&view=detailv2&idpp=genimg&idpbck=1&form=BICREC",
  "urlHash": "5646a2148744bb7ee3eab427a627386e",
  "download": "https://api.apify.com/v2/key-value-stores/rsVKphWSav7XKnsWq/records/5646a2148744bb7ee3eab427a627386e.zip"
},
{
  "url": "https://www.bing.com/images/create/portrait-photo-of-a-female-dog-dressed-in-modern-i/1-657c2ee663d84ed3adfd115ab8ec33c4?id=ic9sMj3r7JPzssmH9tEgOw%3d%3d&view=detailv2&idpp=genimg&idpbck=1&form=BICREC",
  "urlHash": "97d06a0de8bc2c81af2c280b9267b317",
  "download": "https://api.apify.com/v2/key-value-stores/rsVKphWSav7XKnsWq/records/97d06a0de8bc2c81af2c280b9267b317.zip"
},
{
  "url": "https://www.bing.com/images/create/portrait-photo-of-a-female-dog-dressed-in-modern-i/1-657c2ee663d84ed3adfd115ab8ec33c4?id=iBJcu%2feJ3CJk46h2iifWSw%3d%3d&view=detailv2&idpp=genimg&idpbck=1&form=BICREC",
  "urlHash": "a1a511169dce41acc090b9875855a037",
  "download": "https://api.apify.com/v2/key-value-stores/rsVKphWSav7XKnsWq/records/a1a511169dce41acc090b9875855a037.zip"
},
{
  "url": "https://www.bing.com/images/create/portrait-photo-of-a-female-dog-dressed-in-modern-i/1-657c2ee663d84ed3adfd115ab8ec33c4?id=9M7ySXhHLsfxo9QjTJnAxg%3d%3d&view=detailv2&idpp=genimg&idpbck=1&form=BICREC",
  "urlHash": "74e79fc5aedb4904fb37fc033b891150",
  "download": "https://api.apify.com/v2/key-value-stores/rsVKphWSav7XKnsWq/records/74e79fc5aedb4904fb37fc033b891150.zip"
},
{
  "url": "https://www.bing.com/images/create/portrait-photo-of-a-female-dog-dressed-in-modern-i/1-657c2eb4650c4b8c88d46d778b81a92a?id=KrPnRdeDQ%2bxCMpXp1h8SWg%3d%3d&view=detailv2&idpp=genimg&idpbck=1&form=BICREC",
  "urlHash": "ab6c51919d8a9b6b81b3644fb4a6f436",
  "download": "https://api.apify.com/v2/key-value-stores/rsVKphWSav7XKnsWq/records/ab6c51919d8a9b6b81b3644fb4a6f436.zip"
},
{
  "url": "https://www.bing.com/images/create/portrait-photo-of-a-female-dog-dressed-in-modern-i/1-657c2eb4650c4b8c88d46d778b81a92a?id=TLNgORjDRVQJ%2fwud%2fGlL1g%3d%3d&view=detailv2&idpp=genimg&idpbck=1&form=BICREC",
  "urlHash": "63213206fb1761eaef557578cf1ef8b5",
  "download": "https://api.apify.com/v2/key-value-stores/rsVKphWSav7XKnsWq/records/63213206fb1761eaef557578cf1ef8b5.zip"
},
{
  "url": "https://www.bing.com/images/create/portrait-photo-of-a-female-dog-dressed-in-modern-i/1-657c2eb4650c4b8c88d46d778b81a92a?id=9HIJkh5PELUJxeYwXMndKw%3d%3d&view=detailv2&idpp=genimg&idpbck=1&form=BICREC",
  "urlHash": "4af5d28b1942451f118a86a6c0014925",
  "download": "https://api.apify.com/v2/key-value-stores/rsVKphWSav7XKnsWq/records/4af5d28b1942451f118a86a6c0014925.zip"
},
{
  "url": "https://www.bing.com/images/create/portrait-photo-of-a-female-dog-dressed-in-modern-i/1-657c2eb4650c4b8c88d46d778b81a92a?id=NsRy1Y6A5V1uZcL3nYl2IA%3d%3d&view=detailv2&idpp=genimg&idpbck=1&form=BICREC",
  "urlHash": "d587f4e04d68de77db529569eb518761",
  "download": "https://api.apify.com/v2/key-value-stores/rsVKphWSav7XKnsWq/records/d587f4e04d68de77db529569eb518761.zip"
},
{
  "url": "https://www.bing.com/images/create/portrait-photo-of-a-female-dog-dressed-in-modern-i/1-657c2e8852394de5a5c7cf58921eed0e?id=ZBC6G%2bmutuEX1LB8J4Xa5g%3d%3d&view=detailv2&idpp=genimg&idpbck=1&form=BICREC",
  "urlHash": "047d1e4194b6a214734801b336ba0a17",
  "download": "https://api.apify.com/v2/key-value-stores/rsVKphWSav7XKnsWq/records/047d1e4194b6a214734801b336ba0a17.zip"
},
{
  "url": "https://www.bing.com/images/create/portrait-photo-of-a-female-dog-dressed-in-modern-i/1-657c2e8852394de5a5c7cf58921eed0e?id=F1KqbtOI51XUs3mBQ9eL3g%3d%3d&view=detailv2&idpp=genimg&idpbck=1&form=BICREC",
  "urlHash": "a67f090f043514592783645742970c35",
  "download": "https://api.apify.com/v2/key-value-stores/rsVKphWSav7XKnsWq/records/a67f090f043514592783645742970c35.zip"
},
{
  "url": "https://www.bing.com/images/create/portrait-photo-of-a-female-dog-dressed-in-modern-i/1-657c2e8852394de5a5c7cf58921eed0e?id=Dmz1wOuwh27QMJpNyofe0A%3d%3d&view=detailv2&idpp=genimg&idpbck=1&form=BICREC",
  "urlHash": "da56572b1686ff5e300fbb73d2805148",
  "download": "https://api.apify.com/v2/key-value-stores/rsVKphWSav7XKnsWq/records/da56572b1686ff5e300fbb73d2805148.zip"
},
{
  "url": "https://www.bing.com/images/create/portrait-photo-of-a-female-dog-dressed-in-modern-i/1-657c2e8852394de5a5c7cf58921eed0e?id=ghuc0TtgeeOKox0a9X287A%3d%3d&view=detailv2&idpp=genimg&idpbck=1&form=BICREC",
  "urlHash": "f0edd247e1184b5bb0481d0602e05e46",
  "download": "https://api.apify.com/v2/key-value-stores/rsVKphWSav7XKnsWq/records/f0edd247e1184b5bb0481d0602e05e46.zip"
},
{
  "url": "https://www.bing.com/images/create/portrait-photo-of-a-female-dog-dressed-in-modern-i/1-657c2e5eaf084d6ab5da2699323870ab?id=4p8owaURQnK9SVVsnGGUyA%3d%3d&view=detailv2&idpp=genimg&idpbck=1&form=BICREC",
  "urlHash": "3d79d4f8dc4fa192a3fc4e4143efb736",
  "download": "https://api.apify.com/v2/key-value-stores/rsVKphWSav7XKnsWq/records/3d79d4f8dc4fa192a3fc4e4143efb736.zip"
},
{
  "url": "https://www.bing.com/images/create/portrait-photo-of-a-female-dog-dressed-in-modern-i/1-657c2e5eaf084d6ab5da2699323870ab?id=9DA%2bpEwXB%2bYhRJ5sC%2fwCNg%3d%3d&view=detailv2&idpp=genimg&idpbck=1&form=BICREC",
  "urlHash": "4bd4659d2629971637841f3684d77103",
  "download": "https://api.apify.com/v2/key-value-stores/rsVKphWSav7XKnsWq/records/4bd4659d2629971637841f3684d77103.zip"
},
{
  "url": "https://www.bing.com/images/create/portrait-photo-of-a-female-dog-dressed-in-modern-i/1-657c2e5eaf084d6ab5da2699323870ab?id=0viGBjfdaYTGjwrLMht%2bqg%3d%3d&view=detailv2&idpp=genimg&idpbck=1&form=BICREC",
  "urlHash": "65ce6cdcb0bb724743f1a2d061939950",
  "download": "https://api.apify.com/v2/key-value-stores/rsVKphWSav7XKnsWq/records/65ce6cdcb0bb724743f1a2d061939950.zip"
},
{
  "url": "https://www.bing.com/images/create/portrait-photo-of-a-female-dog-dressed-in-modern-i/1-657c2e5eaf084d6ab5da2699323870ab?id=Aj2AVTcRo9FE%2bpjCJe1ELQ%3d%3d&view=detailv2&idpp=genimg&idpbck=1&form=BICREC",
  "urlHash": "a7974cd6821cac9d1b4ac715c42f8bc5",
  "download": "https://api.apify.com/v2/key-value-stores/rsVKphWSav7XKnsWq/records/a7974cd6821cac9d1b4ac715c42f8bc5.zip"
},
{
  "url": "https://www.bing.com/images/create/portrait-photo-of-a-female-dog-dressed-in-modern-i/1-657c2e3ffbd94132b0c54d9e4b1f5d5d?id=W8SoiHuBLY%2bcHwItL3FYdw%3d%3d&view=detailv2&idpp=genimg&idpbck=1&form=BICREC",
  "urlHash": "66b5a8b055c131b9a0f145b2b7d62704",
  "download": "https://api.apify.com/v2/key-value-stores/rsVKphWSav7XKnsWq/records/66b5a8b055c131b9a0f145b2b7d62704.zip"
},
{
  "url": "https://www.bing.com/images/create/portrait-photo-of-a-female-dog-dressed-in-modern-i/1-657c2e3ffbd94132b0c54d9e4b1f5d5d?id=a65BeJu7qrm77hKpFomLiQ%3d%3d&view=detailv2&idpp=genimg&idpbck=1&form=BICREC",
  "urlHash": "ce63a6621e887710540d6b2c7a134359",
  "download": "https://api.apify.com/v2/key-value-stores/rsVKphWSav7XKnsWq/records/ce63a6621e887710540d6b2c7a134359.zip"
},
{
  "url": "https://www.bing.com/images/create/portrait-photo-of-a-female-dog-dressed-in-modern-i/1-657c2e0d35a84ce8aeef6a9d0fee5bff?id=EX0Seo5ermRLuRXxIauliQ%3d%3d&view=detailv2&idpp=genimg&idpbck=1&form=BICREC",
  "urlHash": "445045644f67a520d0c9612c85944da3",
  "download": "https://api.apify.com/v2/key-value-stores/rsVKphWSav7XKnsWq/records/445045644f67a520d0c9612c85944da3.zip"
},
{
  "url": "https://www.bing.com/images/create/portrait-photo-of-a-female-dog-dressed-in-modern-i/1-657c2e3ffbd94132b0c54d9e4b1f5d5d?id=wWnDNtPJEhl0eLyYg0G9CA%3d%3d&view=detailv2&idpp=genimg&idpbck=1&form=BICREC",
  "urlHash": "f95a9629d85033b78b4538c283f0e078",
  "download": "https://api.apify.com/v2/key-value-stores/rsVKphWSav7XKnsWq/records/f95a9629d85033b78b4538c283f0e078.zip"
},
{
  "url": "https://www.bing.com/images/create/portrait-photo-of-a-female-dog-dressed-in-modern-i/1-657c2e3ffbd94132b0c54d9e4b1f5d5d?id=avNJHInNSI91y8RhBvTWyg%3d%3d&view=detailv2&idpp=genimg&idpbck=1&form=BICREC",
  "urlHash": "c805fe2ab5d42b8aae5c1d5e9a39156d",
  "download": "https://api.apify.com/v2/key-value-stores/rsVKphWSav7XKnsWq/records/c805fe2ab5d42b8aae5c1d5e9a39156d.zip"
},
{
  "url": "https://www.bing.com/images/create/portrait-photo-of-a-female-dog-dressed-in-modern-i/1-657c2e0d35a84ce8aeef6a9d0fee5bff?id=RZokLsqa5OU0RDYFavuiLg%3d%3d&view=detailv2&idpp=genimg&idpbck=1&form=BICREC",
  "urlHash": "a465e70f079f044edebdd1797b002c51",
  "download": "https://api.apify.com/v2/key-value-stores/rsVKphWSav7XKnsWq/records/a465e70f079f044edebdd1797b002c51.zip"
},
{
  "url": "https://www.bing.com/images/create/portrait-photo-of-a-female-dog-dressed-in-modern-i/1-657c2e0d35a84ce8aeef6a9d0fee5bff?id=GJ9A5F%2fnNlWSfazt%2fQQFiA%3d%3d&view=detailv2&idpp=genimg&idpbck=1&form=BICREC",
  "urlHash": "efc4a93b296ebc16b26884b599e8478b",
  "download": "https://api.apify.com/v2/key-value-stores/rsVKphWSav7XKnsWq/records/efc4a93b296ebc16b26884b599e8478b.zip"
},
{
  "url": "https://www.bing.com/images/create/portrait-photo-of-a-female-dog-dressed-in-modern-i/1-657c2e0d35a84ce8aeef6a9d0fee5bff?id=oPQCIgtKusqP3f7GtkJLZg%3d%3d&view=detailv2&idpp=genimg&idpbck=1&form=BICREC",
  "urlHash": "2f803ed62c3241b85b2e801dce29e2c4",
  "download": "https://api.apify.com/v2/key-value-stores/rsVKphWSav7XKnsWq/records/2f803ed62c3241b85b2e801dce29e2c4.zip"
}]