[{
  "url": "https://www.bing.com/images/create/portrait-photo-of-a-female-cat-dressed-in-modern-i/1-65808842ec4d4f79a889be5121e3ab27?id=RapGVRw4d%2fvgfCu64wK7fg%3d%3d&view=detailv2&idpp=genimg&idpbck=1&form=BICREC",
  "urlHash": "ce938d0ca4f662ee239149252d7add75",
  "download": "https://api.apify.com/v2/key-value-stores/8KosJmiKECpySe41t/records/ce938d0ca4f662ee239149252d7add75.zip"
},
{
  "url": "https://www.bing.com/images/create/portrait-photo-of-a-female-cat-dressed-in-modern-i/1-65808842ec4d4f79a889be5121e3ab27?id=XBPBLGECNfPRiqnxo85g7A%3d%3d&view=detailv2&idpp=genimg&idpbck=1&form=BICREC",
  "urlHash": "754ad7c3d88c4044d249d014f7ed8d6d",
  "download": "https://api.apify.com/v2/key-value-stores/8KosJmiKECpySe41t/records/754ad7c3d88c4044d249d014f7ed8d6d.zip"
},
{
  "url": "https://www.bing.com/images/create/portrait-photo-of-a-female-cat-dressed-in-modern-i/1-65808842ec4d4f79a889be5121e3ab27?id=xrQ0pKQQQxIB%2fBebDm%2b7gg%3d%3d&view=detailv2&idpp=genimg&idpbck=1&form=BICREC",
  "urlHash": "95fa88323d368f99948167f885a38fb4",
  "download": "https://api.apify.com/v2/key-value-stores/8KosJmiKECpySe41t/records/95fa88323d368f99948167f885a38fb4.zip"
},
{
  "url": "https://www.bing.com/images/create/portrait-photo-of-a-female-cat-dressed-in-modern-i/1-65808842ec4d4f79a889be5121e3ab27?id=m%2bDI%2bQuBMwf%2bARa0yzIVDA%3d%3d&view=detailv2&idpp=genimg&idpbck=1&form=BICREC",
  "urlHash": "8e2771728f28eeca07f8ff0a647c7175",
  "download": "https://api.apify.com/v2/key-value-stores/8KosJmiKECpySe41t/records/8e2771728f28eeca07f8ff0a647c7175.zip"
},
{
  "url": "https://www.bing.com/images/create/portrait-photo-of-a-female-cat-dressed-in-modern-i/1-658087d903bd4e88b3f7fc3bd5c326a2?id=4%2bEe0%2bBtfizWahXRKJv4Mg%3d%3d&view=detailv2&idpp=genimg&idpbck=1&form=BICREC",
  "urlHash": "4d0aab99b388bb79a1bcf3933a1cbe39",
  "download": "https://api.apify.com/v2/key-value-stores/8KosJmiKECpySe41t/records/4d0aab99b388bb79a1bcf3933a1cbe39.zip"
},
{
  "url": "https://www.bing.com/images/create/portrait-photo-of-a-female-cat-dressed-in-modern-i/1-658087d903bd4e88b3f7fc3bd5c326a2?id=wG9xdfDmlfChXSTjnFMrAw%3d%3d&view=detailv2&idpp=genimg&idpbck=1&form=BICREC",
  "urlHash": "a952441c8b4909cceb5fdcc3d6f10d09",
  "download": "https://api.apify.com/v2/key-value-stores/8KosJmiKECpySe41t/records/a952441c8b4909cceb5fdcc3d6f10d09.zip"
},
{
  "url": "https://www.bing.com/images/create/portrait-photo-of-a-female-cat-dressed-in-modern-i/1-658087d903bd4e88b3f7fc3bd5c326a2?id=%2fkMB45I8wku8uOhcL0pH3A%3d%3d&view=detailv2&idpp=genimg&idpbck=1&form=BICREC",
  "urlHash": "313f91d36099c1770aa11663e6648d34",
  "download": "https://api.apify.com/v2/key-value-stores/8KosJmiKECpySe41t/records/313f91d36099c1770aa11663e6648d34.zip"
},
{
  "url": "https://www.bing.com/images/create/portrait-photo-of-a-female-cat-dressed-in-modern-i/1-658087d903bd4e88b3f7fc3bd5c326a2?id=z95XQShQQ2sA18mJXX9lEA%3d%3d&view=detailv2&idpp=genimg&idpbck=1&form=BICREC",
  "urlHash": "03c434d544d0a660ffd0ecf4667da51b",
  "download": "https://api.apify.com/v2/key-value-stores/8KosJmiKECpySe41t/records/03c434d544d0a660ffd0ecf4667da51b.zip"
},
{
  "url": "https://www.bing.com/images/create/portrait-photo-of-a-female-cat-dressed-in-modern-i/1-6580853db7df4550b37b260cbddca742?id=bz5FI138cG6r%2fVt2xhrp4A%3d%3d&view=detailv2&idpp=genimg&idpbck=1&form=BICREC",
  "urlHash": "8a8bae0d5b0ba661e0f6d0c2f3c2e538",
  "download": "https://api.apify.com/v2/key-value-stores/8KosJmiKECpySe41t/records/8a8bae0d5b0ba661e0f6d0c2f3c2e538.zip"
},
{
  "url": "https://www.bing.com/images/create/portrait-photo-of-a-female-cat-dressed-in-modern-i/1-6580853db7df4550b37b260cbddca742?id=fjqKpEfEWQplBa2QsIEVdw%3d%3d&view=detailv2&idpp=genimg&idpbck=1&form=BICREC",
  "urlHash": "cbb45c835f4c921737adb2e8a454f007",
  "download": "https://api.apify.com/v2/key-value-stores/8KosJmiKECpySe41t/records/cbb45c835f4c921737adb2e8a454f007.zip"
},
{
  "url": "https://www.bing.com/images/create/portrait-photo-of-a-female-cat-dressed-in-modern-i/1-6580853db7df4550b37b260cbddca742?id=YX8nk%2fTWGFe%2bjNHapKZBsg%3d%3d&view=detailv2&idpp=genimg&idpbck=1&form=BICREC",
  "urlHash": "f2ab33e2db898077dd9185127fc06198",
  "download": "https://api.apify.com/v2/key-value-stores/8KosJmiKECpySe41t/records/f2ab33e2db898077dd9185127fc06198.zip"
},
{
  "url": "https://www.bing.com/images/create/portrait-photo-of-a-female-cat-dressed-in-modern-i/1-658084b4267b40a28d161d0c2a63205d?id=jdsZuU0roR7iYF4qZ3iRbQ%3d%3d&view=detailv2&idpp=genimg&idpbck=1&form=BICREC",
  "urlHash": "34eb6cafc1f5e157f6b1e3d43e1808e2",
  "download": "https://api.apify.com/v2/key-value-stores/8KosJmiKECpySe41t/records/34eb6cafc1f5e157f6b1e3d43e1808e2.zip"
},
{
  "url": "https://www.bing.com/images/create/portrait-photo-of-a-female-cat-dressed-in-modern-i/1-6580853db7df4550b37b260cbddca742?id=ljqpi6e3zGNHLDW8eF7WfQ%3d%3d&view=detailv2&idpp=genimg&idpbck=1&form=BICREC",
  "urlHash": "2c2e66600edccec7c2f78bf624efd4dd",
  "download": "https://api.apify.com/v2/key-value-stores/8KosJmiKECpySe41t/records/2c2e66600edccec7c2f78bf624efd4dd.zip"
},
{
  "url": "https://www.bing.com/images/create/portrait-photo-of-a-female-cat-dressed-in-modern-i/1-658084b4267b40a28d161d0c2a63205d?id=8NGPiiXMRlOMr90VJYLpyA%3d%3d&view=detailv2&idpp=genimg&idpbck=1&form=BICREC",
  "urlHash": "0e8d706715bab3392a6a6e77ed88abd7",
  "download": "https://api.apify.com/v2/key-value-stores/8KosJmiKECpySe41t/records/0e8d706715bab3392a6a6e77ed88abd7.zip"
},
{
  "url": "https://www.bing.com/images/create/portrait-photo-of-a-female-cat-dressed-in-modern-i/1-658084b4267b40a28d161d0c2a63205d?id=veZ6CcD9CAwgbx%2b4htCbpw%3d%3d&view=detailv2&idpp=genimg&idpbck=1&form=BICREC",
  "urlHash": "81553387528d872a0dc29890972c00e7",
  "download": "https://api.apify.com/v2/key-value-stores/8KosJmiKECpySe41t/records/81553387528d872a0dc29890972c00e7.zip"
},
{
  "url": "https://www.bing.com/images/create/portrait-photo-of-a-female-cat-dressed-in-modern-i/1-65808325097d4a81991f052bef71001d?id=m2d0sIw2fkRYMjG5wsDoxA%3d%3d&view=detailv2&idpp=genimg&idpbck=1&form=BICREC",
  "urlHash": "4b84e779f96f178eb0497f1840126a35",
  "download": "https://api.apify.com/v2/key-value-stores/8KosJmiKECpySe41t/records/4b84e779f96f178eb0497f1840126a35.zip"
},
{
  "url": "https://www.bing.com/images/create/portrait-photo-of-a-female-cat-dressed-in-modern-i/1-65808325097d4a81991f052bef71001d?id=BKgsEcc6gbl0G5rmFgABeg%3d%3d&view=detailv2&idpp=genimg&idpbck=1&form=BICREC",
  "urlHash": "442fd57f4a636b66800252bbf9e39107",
  "download": "https://api.apify.com/v2/key-value-stores/8KosJmiKECpySe41t/records/442fd57f4a636b66800252bbf9e39107.zip"
},
{
  "url": "https://www.bing.com/images/create/portrait-photo-of-a-female-cat-dressed-in-modern-i/1-658084b4267b40a28d161d0c2a63205d?id=5u6CvSUbanpiwgfoLndiiQ%3d%3d&view=detailv2&idpp=genimg&idpbck=1&form=BICREC",
  "urlHash": "eafe7651c4c5d3252b21f0efcac5581c",
  "download": "https://api.apify.com/v2/key-value-stores/8KosJmiKECpySe41t/records/eafe7651c4c5d3252b21f0efcac5581c.zip"
},
{
  "url": "https://www.bing.com/images/create/portrait-photo-of-a-female-cat-dressed-in-modern-i/1-65808325097d4a81991f052bef71001d?id=fSK9p%2bsZqaC7th3L1RyaZQ%3d%3d&view=detailv2&idpp=genimg&idpbck=1&form=BICREC",
  "urlHash": "071838ba7cbec881fac92dbcdb666ec8",
  "download": "https://api.apify.com/v2/key-value-stores/8KosJmiKECpySe41t/records/071838ba7cbec881fac92dbcdb666ec8.zip"
},
{
  "url": "https://www.bing.com/images/create/portrait-photo-of-a-female-cat-dressed-in-modern-i/1-65808325097d4a81991f052bef71001d?id=ztrh6J%2fIGGlwp6NWRF5NaA%3d%3d&view=detailv2&idpp=genimg&idpbck=1&form=BICREC",
  "urlHash": "2aac6076ddb6add6af42a7a8e911e300",
  "download": "https://api.apify.com/v2/key-value-stores/8KosJmiKECpySe41t/records/2aac6076ddb6add6af42a7a8e911e300.zip"
},
{
  "url": "https://www.bing.com/images/create/portrait-photo-of-a-female-cat-dressed-in-modern-i/1-658086b17e4f479285280de33fcab948?id=aDBVktpRJOwraUdDCRRqXg%3d%3d&view=detailv2&idpp=genimg&idpbck=1&form=BICREC",
  "urlHash": "11485ef83c75103b70ed25bc29b96b8f",
  "download": "https://api.apify.com/v2/key-value-stores/8KosJmiKECpySe41t/records/11485ef83c75103b70ed25bc29b96b8f.zip"
},
{
  "url": "https://www.bing.com/images/create/portrait-photo-of-a-female-cat-dressed-in-modern-i/1-658086b17e4f479285280de33fcab948?id=HYA2AmZ%2blDVSID%2brdPXjqg%3d%3d&view=detailv2&idpp=genimg&idpbck=1&form=BICREC",
  "urlHash": "1edfe2006d11768cf81821bd171d39e8",
  "download": "https://api.apify.com/v2/key-value-stores/8KosJmiKECpySe41t/records/1edfe2006d11768cf81821bd171d39e8.zip"
},
{
  "url": "https://www.bing.com/images/create/portrait-photo-of-a-female-cat-dressed-in-modern-i/1-658086b17e4f479285280de33fcab948?id=H4aAFIN%2bfzQRASo34IKyYQ%3d%3d&view=detailv2&idpp=genimg&idpbck=1&form=BICREC",
  "urlHash": "a6e684fe3415224d4277684eb323ae8e",
  "download": "https://api.apify.com/v2/key-value-stores/8KosJmiKECpySe41t/records/a6e684fe3415224d4277684eb323ae8e.zip"
},
{
  "url": "https://www.bing.com/images/create/portrait-photo-of-a-female-cat-dressed-in-modern-i/1-658086b17e4f479285280de33fcab948?id=oEZ4nA3CmKzSr6fXVtU0LA%3d%3d&view=detailv2&idpp=genimg&idpbck=1&form=BICREC",
  "urlHash": "b8f0612edf269b7cf5c7a6510101ca3c",
  "download": "https://api.apify.com/v2/key-value-stores/8KosJmiKECpySe41t/records/b8f0612edf269b7cf5c7a6510101ca3c.zip"
},
{
  "url": "https://www.bing.com/images/create/portrait-photo-of-a-female-cat-dressed-in-modern-i/1-65808649da8d4724b70705b8e351a397?id=RVVazyzuSoWYWgor3FlaKQ%3d%3d&view=detailv2&idpp=genimg&idpbck=1&form=BICREC",
  "urlHash": "16678a4453308b47e279fd98cef5a054",
  "download": "https://api.apify.com/v2/key-value-stores/8KosJmiKECpySe41t/records/16678a4453308b47e279fd98cef5a054.zip"
},
{
  "url": "https://www.bing.com/images/create/portrait-photo-of-a-female-cat-dressed-in-modern-i/1-65808649da8d4724b70705b8e351a397?id=53d98Qj4yy6iWZD1QIqhQQ%3d%3d&view=detailv2&idpp=genimg&idpbck=1&form=BICREC",
  "urlHash": "f11c87dd1ce98340be1ed4753246540a",
  "download": "https://api.apify.com/v2/key-value-stores/8KosJmiKECpySe41t/records/f11c87dd1ce98340be1ed4753246540a.zip"
},
{
  "url": "https://www.bing.com/images/create/portrait-photo-of-a-female-cat-dressed-in-modern-i/1-65808649da8d4724b70705b8e351a397?id=oEYbcdBNutZna1hl4TpMeA%3d%3d&view=detailv2&idpp=genimg&idpbck=1&form=BICREC",
  "urlHash": "ef377603ece78a12e9baef47dd2273f0",
  "download": "https://api.apify.com/v2/key-value-stores/8KosJmiKECpySe41t/records/ef377603ece78a12e9baef47dd2273f0.zip"
},
{
  "url": "https://www.bing.com/images/create/portrait-photo-of-a-female-cat-dressed-in-modern-i/1-65808649da8d4724b70705b8e351a397?id=6Op8AKevZsadlvZ4iUEUjQ%3d%3d&view=detailv2&idpp=genimg&idpbck=1&form=BICREC",
  "urlHash": "599c539337546b210f23df1120a98974",
  "download": "https://api.apify.com/v2/key-value-stores/8KosJmiKECpySe41t/records/599c539337546b210f23df1120a98974.zip"
},
{
  "url": "https://www.bing.com/images/create/portrait-photo-of-a-female-cat-dressed-in-modern-i/1-658085cd0d0b4ea6909b5e08c4d452a2?id=WmP2etV9hIWssumZyPxPZA%3d%3d&view=detailv2&idpp=genimg&idpbck=1&form=BICREC",
  "urlHash": "9af0c28449bd1851168ead6814e0f4e7",
  "download": "https://api.apify.com/v2/key-value-stores/8KosJmiKECpySe41t/records/9af0c28449bd1851168ead6814e0f4e7.zip"
},
{
  "url": "https://www.bing.com/images/create/portrait-photo-of-a-female-cat-dressed-in-modern-i/1-658085cd0d0b4ea6909b5e08c4d452a2?id=FYL6hEGw%2bQdOJF9YqBlKxg%3d%3d&view=detailv2&idpp=genimg&idpbck=1&form=BICREC",
  "urlHash": "ea01310d8ec8a8a3989a0f352ae32adf",
  "download": "https://api.apify.com/v2/key-value-stores/8KosJmiKECpySe41t/records/ea01310d8ec8a8a3989a0f352ae32adf.zip"
},
{
  "url": "https://www.bing.com/images/create/portrait-photo-of-a-female-cat-dressed-in-modern-i/1-658085cd0d0b4ea6909b5e08c4d452a2?id=nG72LMS0dlDInigy%2fIr7Vg%3d%3d&view=detailv2&idpp=genimg&idpbck=1&form=BICREC",
  "urlHash": "21d1ecff7972c746d4ff0d76ec06fe68",
  "download": "https://api.apify.com/v2/key-value-stores/8KosJmiKECpySe41t/records/21d1ecff7972c746d4ff0d76ec06fe68.zip"
},
{
  "url": "https://www.bing.com/images/create/portrait-photo-of-a-female-cat-dressed-in-modern-i/1-658085cd0d0b4ea6909b5e08c4d452a2?id=JHyAINVkxxwxZuaOb0ak5w%3d%3d&view=detailv2&idpp=genimg&idpbck=1&form=BICREC",
  "urlHash": "6b47d9796b86988958dd4a8caa5ff4e6",
  "download": "https://api.apify.com/v2/key-value-stores/8KosJmiKECpySe41t/records/6b47d9796b86988958dd4a8caa5ff4e6.zip"
},
{
  "url": "https://www.bing.com/images/create/portrait-photo-of-a-female-dog-dressed-in-modern-i/1-657c0eb3b0ca4d1bb02b06ceff551aa5?id=VV8WioD%2bOTt6dU0XvH1y0Q%3d%3d&view=detailv2&idpp=genimg&idpbck=1&form=BICREC",
  "urlHash": "14c7810115143082ce60fb5b94ac6be0",
  "download": "https://api.apify.com/v2/key-value-stores/8KosJmiKECpySe41t/records/14c7810115143082ce60fb5b94ac6be0.zip"
},
{
  "url": "https://www.bing.com/images/create/portrait-photo-of-a-female-dog-dressed-in-modern-i/1-657c0eb3b0ca4d1bb02b06ceff551aa5?id=OTVzfWOq36NV2RLUWTNENA%3d%3d&view=detailv2&idpp=genimg&idpbck=1&form=BICREC",
  "urlHash": "74ab586f1649810a8160a1904ef5a9be",
  "download": "https://api.apify.com/v2/key-value-stores/8KosJmiKECpySe41t/records/74ab586f1649810a8160a1904ef5a9be.zip"
},
{
  "url": "https://www.bing.com/images/create/portrait-photo-of-a-female-dog-dressed-in-modern-i/1-657c0eb3b0ca4d1bb02b06ceff551aa5?id=Wmrm7QsnOikkGFL73pXuqg%3d%3d&view=detailv2&idpp=genimg&idpbck=1&form=BICREC",
  "urlHash": "4b584a40d146b9f41df3743cd70852fe",
  "download": "https://api.apify.com/v2/key-value-stores/8KosJmiKECpySe41t/records/4b584a40d146b9f41df3743cd70852fe.zip"
},
{
  "url": "https://www.bing.com/images/create/portrait-photo-of-a-female-dog-dressed-in-modern-i/1-657c0eb3b0ca4d1bb02b06ceff551aa5?id=Em3B%2bngFHtwOnni6i28iEw%3d%3d&view=detailv2&idpp=genimg&idpbck=1&form=BICREC",
  "urlHash": "cc09c40e64eb5969acd33d0dc3b0a6f4",
  "download": "https://api.apify.com/v2/key-value-stores/8KosJmiKECpySe41t/records/cc09c40e64eb5969acd33d0dc3b0a6f4.zip"
},
{
  "url": "https://www.bing.com/images/create/portrait-photo-of-a-female-dog-dressed-in-modern-i/1-657c0e82b85240cebbb204f91bd1e3a1?id=jRaBdMyKJibTF%2ftmwX1iuA%3d%3d&view=detailv2&idpp=genimg&idpbck=1&form=BICREC",
  "urlHash": "2f932db4002b8e22e87043db5994f0c4",
  "download": "https://api.apify.com/v2/key-value-stores/8KosJmiKECpySe41t/records/2f932db4002b8e22e87043db5994f0c4.zip"
},
{
  "url": "https://www.bing.com/images/create/portrait-photo-of-a-female-dog-dressed-in-modern-i/1-657c0e82b85240cebbb204f91bd1e3a1?id=H53pBfmCUZBhuowAuiHFVw%3d%3d&view=detailv2&idpp=genimg&idpbck=1&form=BICREC",
  "urlHash": "6d31ba967525c02fbb94a5ca1d442b31",
  "download": "https://api.apify.com/v2/key-value-stores/8KosJmiKECpySe41t/records/6d31ba967525c02fbb94a5ca1d442b31.zip"
},
{
  "url": "https://www.bing.com/images/create/portrait-photo-of-a-female-dog-dressed-in-modern-i/1-657c0e82b85240cebbb204f91bd1e3a1?id=DmLZCKfGNLP%2b%2fHa4jnbhLw%3d%3d&view=detailv2&idpp=genimg&idpbck=1&form=BICREC",
  "urlHash": "264ccc2db5eff0897fe4ae383e3cf242",
  "download": "https://api.apify.com/v2/key-value-stores/8KosJmiKECpySe41t/records/264ccc2db5eff0897fe4ae383e3cf242.zip"
},
{
  "url": "https://www.bing.com/images/create/portrait-photo-of-a-female-dog-dressed-in-modern-i/1-657c0e82b85240cebbb204f91bd1e3a1?id=uitG6jTTa3pAAyoSiG1HqQ%3d%3d&view=detailv2&idpp=genimg&idpbck=1&form=BICREC",
  "urlHash": "634b8e31eff1c467d2ff6570bdbc8518",
  "download": "https://api.apify.com/v2/key-value-stores/8KosJmiKECpySe41t/records/634b8e31eff1c467d2ff6570bdbc8518.zip"
},
{
  "url": "https://www.bing.com/images/create/portrait-photo-of-a-female-dog-dressed-in-modern-i/1-657c0e69cf5c475299632fc78b90195d?id=t%2f9WCmGFJqYDzH3D%2fpN9eQ%3d%3d&view=detailv2&idpp=genimg&idpbck=1&form=BICREC",
  "urlHash": "113fee94663ee90c2bbe771acc6f1e41",
  "download": "https://api.apify.com/v2/key-value-stores/8KosJmiKECpySe41t/records/113fee94663ee90c2bbe771acc6f1e41.zip"
},
{
  "url": "https://www.bing.com/images/create/portrait-photo-of-a-female-dog-dressed-in-modern-i/1-657c0e69cf5c475299632fc78b90195d?id=qYSNsXGnhHePshIn38J6TQ%3d%3d&view=detailv2&idpp=genimg&idpbck=1&form=BICREC",
  "urlHash": "3e7e768d40ac763aab8d74e05ae6ab15",
  "download": "https://api.apify.com/v2/key-value-stores/8KosJmiKECpySe41t/records/3e7e768d40ac763aab8d74e05ae6ab15.zip"
},
{
  "url": "https://www.bing.com/images/create/portrait-photo-of-a-female-dog-dressed-in-modern-i/1-657c0e69cf5c475299632fc78b90195d?id=i%2bLXlaGzwZ3XMY4KzATGRw%3d%3d&view=detailv2&idpp=genimg&idpbck=1&form=BICREC",
  "urlHash": "ccc791cae33003d32598311ebc477c79",
  "download": "https://api.apify.com/v2/key-value-stores/8KosJmiKECpySe41t/records/ccc791cae33003d32598311ebc477c79.zip"
},
{
  "url": "https://www.bing.com/images/create/portrait-photo-of-a-female-dog-dressed-in-modern-i/1-657c0e69cf5c475299632fc78b90195d?id=eSzIdWgw8nsrPEFZiqeSBw%3d%3d&view=detailv2&idpp=genimg&idpbck=1&form=BICREC",
  "urlHash": "34f5341e55b698ad086d619f5c5c47c7",
  "download": "https://api.apify.com/v2/key-value-stores/8KosJmiKECpySe41t/records/34f5341e55b698ad086d619f5c5c47c7.zip"
},
{
  "url": "https://www.bing.com/images/create/portrait-photo-of-a-female-dog-dressed-in-modern-i/1-657c0e36ef5c4b8b9d682b8bae8deb05?id=Jz7RYgcwRfpkbShw5p%2fn%2bQ%3d%3d&view=detailv2&idpp=genimg&idpbck=1&form=BICREC",
  "urlHash": "e6ec4f74e672d58015f455201728bded",
  "download": "https://api.apify.com/v2/key-value-stores/8KosJmiKECpySe41t/records/e6ec4f74e672d58015f455201728bded.zip"
},
{
  "url": "https://www.bing.com/images/create/portrait-photo-of-a-female-dog-dressed-in-modern-i/1-657c0e36ef5c4b8b9d682b8bae8deb05?id=XdEVvg5FTcBSFT%2b49Dz5GQ%3d%3d&view=detailv2&idpp=genimg&idpbck=1&form=BICREC",
  "urlHash": "56583424158858102854a7a1b1b0e9e9",
  "download": "https://api.apify.com/v2/key-value-stores/8KosJmiKECpySe41t/records/56583424158858102854a7a1b1b0e9e9.zip"
},
{
  "url": "https://www.bing.com/images/create/portrait-photo-of-a-female-dog-dressed-in-modern-i/1-657c0e36ef5c4b8b9d682b8bae8deb05?id=Kzu7upxqttxau%2brxhH%2bfVw%3d%3d&view=detailv2&idpp=genimg&idpbck=1&form=BICREC",
  "urlHash": "2d5daccbb838d22e0f4bb0e76f36163f",
  "download": "https://api.apify.com/v2/key-value-stores/8KosJmiKECpySe41t/records/2d5daccbb838d22e0f4bb0e76f36163f.zip"
},
{
  "url": "https://www.bing.com/images/create/portrait-photo-of-a-female-dog-dressed-in-modern-i/1-657c0e36ef5c4b8b9d682b8bae8deb05?id=mczKBHIi76rfDr7TswVhaQ%3d%3d&view=detailv2&idpp=genimg&idpbck=1&form=BICREC",
  "urlHash": "0479f64261d9a8718c843534ac4babad",
  "download": "https://api.apify.com/v2/key-value-stores/8KosJmiKECpySe41t/records/0479f64261d9a8718c843534ac4babad.zip"
},
{
  "url": "https://www.bing.com/images/create/portrait-photo-of-a-female-dog-dressed-in-modern-i/1-657c0a7d5b41479ba794287ced3f6f48?id=GDBvYEHpJi1noCdVceJwLg%3d%3d&view=detailv2&idpp=genimg&idpbck=1&form=BICREC",
  "urlHash": "c2d207bdd65099121d037a1e4844673f",
  "download": "https://api.apify.com/v2/key-value-stores/8KosJmiKECpySe41t/records/c2d207bdd65099121d037a1e4844673f.zip"
},
{
  "url": "https://www.bing.com/images/create/portrait-photo-of-a-female-dog-dressed-in-modern-i/1-657c0a7d5b41479ba794287ced3f6f48?id=0Z9qOqvJhX%2b4AAcXqs8%2bmQ%3d%3d&view=detailv2&idpp=genimg&idpbck=1&form=BICREC",
  "urlHash": "5ef01200da6d7cc9212db3fdc47deee4",
  "download": "https://api.apify.com/v2/key-value-stores/8KosJmiKECpySe41t/records/5ef01200da6d7cc9212db3fdc47deee4.zip"
},
{
  "url": "https://www.bing.com/images/create/portrait-photo-of-a-female-dog-dressed-in-modern-i/1-657c0a7d5b41479ba794287ced3f6f48?id=gG8ZhDCxn7QSy2uznuzuPg%3d%3d&view=detailv2&idpp=genimg&idpbck=1&form=BICREC",
  "urlHash": "232dd5a90dc92e2d6550758cf0914b9c",
  "download": "https://api.apify.com/v2/key-value-stores/8KosJmiKECpySe41t/records/232dd5a90dc92e2d6550758cf0914b9c.zip"
},
{
  "url": "https://www.bing.com/images/create/portrait-photo-of-a-female-dog-dressed-in-modern-i/1-657c0a5f91d445bea28111acde7dca24?id=zRUyYQcut%2bbkGc5rVCSjnA%3d%3d&view=detailv2&idpp=genimg&idpbck=1&form=BICREC",
  "urlHash": "d50eb1127b9bbdfcbba398f0052a044c",
  "download": "https://api.apify.com/v2/key-value-stores/8KosJmiKECpySe41t/records/d50eb1127b9bbdfcbba398f0052a044c.zip"
},
{
  "url": "https://www.bing.com/images/create/portrait-photo-of-a-female-dog-dressed-in-modern-i/1-657c0a7d5b41479ba794287ced3f6f48?id=yRYrh6zHcQpGLR%2bhcehIKQ%3d%3d&view=detailv2&idpp=genimg&idpbck=1&form=BICREC",
  "urlHash": "7816c61df9aadd2ab3a9a421d184e4eb",
  "download": "https://api.apify.com/v2/key-value-stores/8KosJmiKECpySe41t/records/7816c61df9aadd2ab3a9a421d184e4eb.zip"
},
{
  "url": "https://www.bing.com/images/create/portrait-photo-of-a-female-dog-dressed-in-modern-i/1-657c0a5f91d445bea28111acde7dca24?id=Tf6cKV7XyjVpVQaQp95%2bKA%3d%3d&view=detailv2&idpp=genimg&idpbck=1&form=BICREC",
  "urlHash": "23ae62e0387f2d3b97515d47c35104bf",
  "download": "https://api.apify.com/v2/key-value-stores/8KosJmiKECpySe41t/records/23ae62e0387f2d3b97515d47c35104bf.zip"
},
{
  "url": "https://www.bing.com/images/create/portrait-photo-of-a-female-dog-dressed-in-modern-i/1-657c0a5f91d445bea28111acde7dca24?id=zoNTohgyalGpgYfWcUqoxg%3d%3d&view=detailv2&idpp=genimg&idpbck=1&form=BICREC",
  "urlHash": "3ecf97a596ec8bfb2850946ccffc2d98",
  "download": "https://api.apify.com/v2/key-value-stores/8KosJmiKECpySe41t/records/3ecf97a596ec8bfb2850946ccffc2d98.zip"
},
{
  "url": "https://www.bing.com/images/create/portrait-photo-of-a-female-dog-dressed-in-modern-i/1-657c0a5f91d445bea28111acde7dca24?id=wpCC1dsEIRUxglPiBdbGMA%3d%3d&view=detailv2&idpp=genimg&idpbck=1&form=BICREC",
  "urlHash": "7fb901b509ddfd485b5f4d0b2c70d55a",
  "download": "https://api.apify.com/v2/key-value-stores/8KosJmiKECpySe41t/records/7fb901b509ddfd485b5f4d0b2c70d55a.zip"
},
{
  "url": "https://www.bing.com/images/create/portrait-photo-of-a-female-dog-dressed-in-modern-i/1-657c0a476b92472ba01a38d4aed5f655?id=C%2fb7ndHTBdg1gy0a7IKQpw%3d%3d&view=detailv2&idpp=genimg&idpbck=1&form=BICREC",
  "urlHash": "78cd4a226ada43314986d59934b72d15",
  "download": "https://api.apify.com/v2/key-value-stores/8KosJmiKECpySe41t/records/78cd4a226ada43314986d59934b72d15.zip"
},
{
  "url": "https://www.bing.com/images/create/portrait-photo-of-a-female-dog-dressed-in-modern-i/1-657c0a476b92472ba01a38d4aed5f655?id=HNgDUGliJ31iGQflhwLXRA%3d%3d&view=detailv2&idpp=genimg&idpbck=1&form=BICREC",
  "urlHash": "e6319807ae88de3b7c7127c47ba0b6da",
  "download": "https://api.apify.com/v2/key-value-stores/8KosJmiKECpySe41t/records/e6319807ae88de3b7c7127c47ba0b6da.zip"
},
{
  "url": "https://www.bing.com/images/create/portrait-photo-of-a-female-dog-dressed-in-modern-i/1-657c0a476b92472ba01a38d4aed5f655?id=s1fv%2fdHcZeBrZiqOHfbzug%3d%3d&view=detailv2&idpp=genimg&idpbck=1&form=BICREC",
  "urlHash": "8451fed15789e45500712355031a9a7d",
  "download": "https://api.apify.com/v2/key-value-stores/8KosJmiKECpySe41t/records/8451fed15789e45500712355031a9a7d.zip"
},
{
  "url": "https://www.bing.com/images/create/portrait-photo-of-a-female-dog-dressed-in-modern-i/1-657c0a476b92472ba01a38d4aed5f655?id=I5J9g5mkaCF2v1gJEeK5Rg%3d%3d&view=detailv2&idpp=genimg&idpbck=1&form=BICREC",
  "urlHash": "80d79fd1c0cf008ea1818b854d5f15f1",
  "download": "https://api.apify.com/v2/key-value-stores/8KosJmiKECpySe41t/records/80d79fd1c0cf008ea1818b854d5f15f1.zip"
},
{
  "url": "https://www.bing.com/images/create/portrait-photo-of-a-female-dog-dressed-in-modern-i/1-657c0a2dc84b4df69771c63cda4ffc14?id=CLxBOiIBfllCxiRnsmWo1g%3d%3d&view=detailv2&idpp=genimg&idpbck=1&form=BICREC",
  "urlHash": "bab24ea2e215d92e5906a21657abe088",
  "download": "https://api.apify.com/v2/key-value-stores/8KosJmiKECpySe41t/records/bab24ea2e215d92e5906a21657abe088.zip"
},
{
  "url": "https://www.bing.com/images/create/portrait-photo-of-a-female-dog-dressed-in-modern-i/1-657c0a2dc84b4df69771c63cda4ffc14?id=G1LWsxnzVPjZrfAG1dpXPA%3d%3d&view=detailv2&idpp=genimg&idpbck=1&form=BICREC",
  "urlHash": "1d955b4b6e61301eab40b914fd5912e3",
  "download": "https://api.apify.com/v2/key-value-stores/8KosJmiKECpySe41t/records/1d955b4b6e61301eab40b914fd5912e3.zip"
},
{
  "url": "https://www.bing.com/images/create/portrait-photo-of-a-female-dog-dressed-in-modern-i/1-657c0a2dc84b4df69771c63cda4ffc14?id=Vb49epieXDBDCF6xeNtmPg%3d%3d&view=detailv2&idpp=genimg&idpbck=1&form=BICREC",
  "urlHash": "f1a42c6c5858b5d1c24a8a4869d8266a",
  "download": "https://api.apify.com/v2/key-value-stores/8KosJmiKECpySe41t/records/f1a42c6c5858b5d1c24a8a4869d8266a.zip"
},
{
  "url": "https://www.bing.com/images/create/portrait-photo-of-a-female-dog-dressed-in-modern-i/1-657c09ff2ee54ba1bd40be6b250cd028?id=OgLL61Cne2Iv1VGHIsb4jA%3d%3d&view=detailv2&idpp=genimg&idpbck=1&form=BICREC",
  "urlHash": "4f0a014b9c54d94e2d2087f5c823d411",
  "download": "https://api.apify.com/v2/key-value-stores/8KosJmiKECpySe41t/records/4f0a014b9c54d94e2d2087f5c823d411.zip"
},
{
  "url": "https://www.bing.com/images/create/portrait-photo-of-a-female-dog-dressed-in-modern-i/1-657c0a2dc84b4df69771c63cda4ffc14?id=fjz53n9KlbSSRWym4GpGYg%3d%3d&view=detailv2&idpp=genimg&idpbck=1&form=BICREC",
  "urlHash": "efa848e78289cb54d9c37f2345d6c813",
  "download": "https://api.apify.com/v2/key-value-stores/8KosJmiKECpySe41t/records/efa848e78289cb54d9c37f2345d6c813.zip"
},
{
  "url": "https://www.bing.com/images/create/portrait-photo-of-a-female-dog-dressed-in-modern-i/1-657c09a603014650ba7fab5ffb0ac70b?id=sToPVw54VmvZWqOiKeursQ%3d%3d&view=detailv2&idpp=genimg&idpbck=1&form=BICREC",
  "urlHash": "9c2c177c82cf99a48531dafce59e0b85",
  "download": "https://api.apify.com/v2/key-value-stores/8KosJmiKECpySe41t/records/9c2c177c82cf99a48531dafce59e0b85.zip"
},
{
  "url": "https://www.bing.com/images/create/portrait-photo-of-a-female-dog-dressed-in-modern-i/1-657c09ff2ee54ba1bd40be6b250cd028?id=CTERC4B%2butj1Q1Idgbx4nw%3d%3d&view=detailv2&idpp=genimg&idpbck=1&form=BICREC",
  "urlHash": "f4c0177648af31e67ac0ff6376496f86",
  "download": "https://api.apify.com/v2/key-value-stores/8KosJmiKECpySe41t/records/f4c0177648af31e67ac0ff6376496f86.zip"
},
{
  "url": "https://www.bing.com/images/create/portrait-photo-of-a-female-dog-dressed-in-modern-i/1-657c09ff2ee54ba1bd40be6b250cd028?id=jqU2G4tlgmbdPWOno3tLFg%3d%3d&view=detailv2&idpp=genimg&idpbck=1&form=BICREC",
  "urlHash": "81dfb8257e4f4aa89ed33a7f5a193fe5",
  "download": "https://api.apify.com/v2/key-value-stores/8KosJmiKECpySe41t/records/81dfb8257e4f4aa89ed33a7f5a193fe5.zip"
},
{
  "url": "https://www.bing.com/images/create/portrait-photo-of-a-female-dog-dressed-in-modern-i/1-657c09ff2ee54ba1bd40be6b250cd028?id=S3IRfTrNdqMszoGspZXpTg%3d%3d&view=detailv2&idpp=genimg&idpbck=1&form=BICREC",
  "urlHash": "7e4a3cab3cca5bdebbd69d6c7af4b211",
  "download": "https://api.apify.com/v2/key-value-stores/8KosJmiKECpySe41t/records/7e4a3cab3cca5bdebbd69d6c7af4b211.zip"
},
{
  "url": "https://www.bing.com/images/create/portrait-photo-of-a-female-dog-dressed-in-modern-i/1-657c09a603014650ba7fab5ffb0ac70b?id=Lke3VANYGYWUjOnrs9a2ag%3d%3d&view=detailv2&idpp=genimg&idpbck=1&form=BICREC",
  "urlHash": "371048300677d290948adec0dcd5ceb5",
  "download": "https://api.apify.com/v2/key-value-stores/8KosJmiKECpySe41t/records/371048300677d290948adec0dcd5ceb5.zip"
},
{
  "url": "https://www.bing.com/images/create/portrait-photo-of-a-female-dog-dressed-in-modern-i/1-657c09a603014650ba7fab5ffb0ac70b?id=Njg4eH8n%2bkv6qhjC1iaoaQ%3d%3d&view=detailv2&idpp=genimg&idpbck=1&form=BICREC",
  "urlHash": "da8cd6e7589da04d93cb5a9fa05cf429",
  "download": "https://api.apify.com/v2/key-value-stores/8KosJmiKECpySe41t/records/da8cd6e7589da04d93cb5a9fa05cf429.zip"
},
{
  "url": "https://www.bing.com/images/create/portrait-photo-of-a-female-dog-dressed-in-modern-i/1-657c09a603014650ba7fab5ffb0ac70b?id=6N4aIjDMfaqmIk%2bDlDTsvg%3d%3d&view=detailv2&idpp=genimg&idpbck=1&form=BICREC",
  "urlHash": "2f6e48e36025d9e8cf9035fa8e75ba99",
  "download": "https://api.apify.com/v2/key-value-stores/8KosJmiKECpySe41t/records/2f6e48e36025d9e8cf9035fa8e75ba99.zip"
},
{
  "url": "https://www.bing.com/images/create/portrait-photo-of-a-female-dog-dressed-in-modern-i/1-657c098abf5a46baa180617f186d1d5d?id=6jFC7B9LIbw6xIymDWqB6Q%3d%3d&view=detailv2&idpp=genimg&idpbck=1&form=BICREC",
  "urlHash": "ac7650fd914926e72c743f9f1c80457f",
  "download": "https://api.apify.com/v2/key-value-stores/8KosJmiKECpySe41t/records/ac7650fd914926e72c743f9f1c80457f.zip"
},
{
  "url": "https://www.bing.com/images/create/portrait-photo-of-a-female-dog-dressed-in-modern-i/1-657c098abf5a46baa180617f186d1d5d?id=wcmYmkwXF7Y%2fEmSHjheT%2fw%3d%3d&view=detailv2&idpp=genimg&idpbck=1&form=BICREC",
  "urlHash": "418ffc50a8002125ed11cfa3ec839e9f",
  "download": "https://api.apify.com/v2/key-value-stores/8KosJmiKECpySe41t/records/418ffc50a8002125ed11cfa3ec839e9f.zip"
},
{
  "url": "https://www.bing.com/images/create/portrait-photo-of-a-female-dog-dressed-in-modern-i/1-657c098abf5a46baa180617f186d1d5d?id=98XlBTHwcgVsApGNQjLJYQ%3d%3d&view=detailv2&idpp=genimg&idpbck=1&form=BICREC",
  "urlHash": "2aafa28512716f9a0c6db79cd1226850",
  "download": "https://api.apify.com/v2/key-value-stores/8KosJmiKECpySe41t/records/2aafa28512716f9a0c6db79cd1226850.zip"
},
{
  "url": "https://www.bing.com/images/create/portrait-photo-of-a-female-dog-dressed-in-modern-i/1-657c098abf5a46baa180617f186d1d5d?id=WuVygwHgPCpuUwKFfPImgA%3d%3d&view=detailv2&idpp=genimg&idpbck=1&form=BICREC",
  "urlHash": "e28f41163aadab98fd86c180cd644eb5",
  "download": "https://api.apify.com/v2/key-value-stores/8KosJmiKECpySe41t/records/e28f41163aadab98fd86c180cd644eb5.zip"
},
{
  "url": "https://www.bing.com/images/create/portrait-photo-of-a-female-dog-dressed-in-modern-i/1-657c09274a954ffea91755ca55653dd9?id=bl1X%2fEmxiwDkw6V47I%2bnIA%3d%3d&view=detailv2&idpp=genimg&idpbck=1&form=BICREC",
  "urlHash": "76e5ac7e454c57e9dfcf6b25f139fce6",
  "download": "https://api.apify.com/v2/key-value-stores/8KosJmiKECpySe41t/records/76e5ac7e454c57e9dfcf6b25f139fce6.zip"
},
{
  "url": "https://www.bing.com/images/create/portrait-photo-of-a-female-dog-dressed-in-modern-i/1-657c09274a954ffea91755ca55653dd9?id=yGcFWd4uBiV6GRa%2f%2fMPDUw%3d%3d&view=detailv2&idpp=genimg&idpbck=1&form=BICREC",
  "urlHash": "666085a499d2d3d67ba3d7d2e867b5f5",
  "download": "https://api.apify.com/v2/key-value-stores/8KosJmiKECpySe41t/records/666085a499d2d3d67ba3d7d2e867b5f5.zip"
},
{
  "url": "https://www.bing.com/images/create/portrait-photo-of-a-female-dog-dressed-in-modern-i/1-657c09274a954ffea91755ca55653dd9?id=%2bNNby72KMc5Ape0trj26oA%3d%3d&view=detailv2&idpp=genimg&idpbck=1&form=BICREC",
  "urlHash": "39809c07aa40a1c7a09811ec5e077a31",
  "download": "https://api.apify.com/v2/key-value-stores/8KosJmiKECpySe41t/records/39809c07aa40a1c7a09811ec5e077a31.zip"
},
{
  "url": "https://www.bing.com/images/create/portrait-photo-of-a-female-dog-dressed-in-modern-i/1-657c09029ed24a37b83531b2f5b22ef1?id=zkhYnADRBRUlItufiBa%2bnQ%3d%3d&view=detailv2&idpp=genimg&idpbck=1&form=BICREC",
  "urlHash": "0e9b79be826881d2af79712475eaeaa5",
  "download": "https://api.apify.com/v2/key-value-stores/8KosJmiKECpySe41t/records/0e9b79be826881d2af79712475eaeaa5.zip"
},
{
  "url": "https://www.bing.com/images/create/portrait-photo-of-a-female-dog-dressed-in-modern-i/1-657c09274a954ffea91755ca55653dd9?id=NJlxOLf4KdhOv5ObmX5U%2bQ%3d%3d&view=detailv2&idpp=genimg&idpbck=1&form=BICREC",
  "urlHash": "d99df22dada819f750c34a4d8fc13944",
  "download": "https://api.apify.com/v2/key-value-stores/8KosJmiKECpySe41t/records/d99df22dada819f750c34a4d8fc13944.zip"
},
{
  "url": "https://www.bing.com/images/create/portrait-photo-of-a-female-dog-dressed-in-modern-i/1-657c09029ed24a37b83531b2f5b22ef1?id=1FNaMeLpcoAA7U2mtBO5CA%3d%3d&view=detailv2&idpp=genimg&idpbck=1&form=BICREC",
  "urlHash": "a01c779f11a8b31517456786ab3f1405",
  "download": "https://api.apify.com/v2/key-value-stores/8KosJmiKECpySe41t/records/a01c779f11a8b31517456786ab3f1405.zip"
},
{
  "url": "https://www.bing.com/images/create/portrait-photo-of-a-female-dog-dressed-in-modern-i/1-657c09029ed24a37b83531b2f5b22ef1?id=KYzuyKQfVy6XBzn8Zj4ItA%3d%3d&view=detailv2&idpp=genimg&idpbck=1&form=BICREC",
  "urlHash": "08080640551b8e82d9c4b33c1184cba1",
  "download": "https://api.apify.com/v2/key-value-stores/8KosJmiKECpySe41t/records/08080640551b8e82d9c4b33c1184cba1.zip"
},
{
  "url": "https://www.bing.com/images/create/portrait-photo-of-a-female-dog-dressed-in-modern-i/1-657c09029ed24a37b83531b2f5b22ef1?id=ljys6rF9XCWZGPLRNLoFoQ%3d%3d&view=detailv2&idpp=genimg&idpbck=1&form=BICREC",
  "urlHash": "9577ce1fa9395443401761aec60c62c5",
  "download": "https://api.apify.com/v2/key-value-stores/8KosJmiKECpySe41t/records/9577ce1fa9395443401761aec60c62c5.zip"
},
{
  "url": "https://www.bing.com/images/create/portrait-photo-of-a-female-dog-dressed-in-modern-i/1-657c0fbec68e474c9d88a17f78a22545?id=ptqv6jADOk65ejeFSLa4dg%3d%3d&view=detailv2&idpp=genimg&idpbck=1&form=BICREC",
  "urlHash": "33d9f62c18636174188bc3dba013df15",
  "download": "https://api.apify.com/v2/key-value-stores/8KosJmiKECpySe41t/records/33d9f62c18636174188bc3dba013df15.zip"
},
{
  "url": "https://www.bing.com/images/create/portrait-photo-of-a-female-dog-dressed-in-modern-i/1-657c0fbec68e474c9d88a17f78a22545?id=oioX3GoMGAgxUHhMQ%2bnVtQ%3d%3d&view=detailv2&idpp=genimg&idpbck=1&form=BICREC",
  "urlHash": "90ec0a87e5d9020940ae7187cca3d1bb",
  "download": "https://api.apify.com/v2/key-value-stores/8KosJmiKECpySe41t/records/90ec0a87e5d9020940ae7187cca3d1bb.zip"
},
{
  "url": "https://www.bing.com/images/create/portrait-photo-of-a-female-dog-dressed-in-modern-i/1-657c0fbec68e474c9d88a17f78a22545?id=qJRkKPChftc%2bCkswK6cp%2fw%3d%3d&view=detailv2&idpp=genimg&idpbck=1&form=BICREC",
  "urlHash": "c50c7c04bdf328418116d611b8c656fd",
  "download": "https://api.apify.com/v2/key-value-stores/8KosJmiKECpySe41t/records/c50c7c04bdf328418116d611b8c656fd.zip"
},
{
  "url": "https://www.bing.com/images/create/portrait-photo-of-a-female-dog-dressed-in-modern-i/1-657c0fbec68e474c9d88a17f78a22545?id=OkTcb7RIk70ApZp5IxrdaQ%3d%3d&view=detailv2&idpp=genimg&idpbck=1&form=BICREC",
  "urlHash": "e933b6afe54c88a89434dbd5aeaba105",
  "download": "https://api.apify.com/v2/key-value-stores/8KosJmiKECpySe41t/records/e933b6afe54c88a89434dbd5aeaba105.zip"
},
{
  "url": "https://www.bing.com/images/create/portrait-photo-of-a-female-dog-dressed-in-modern-i/1-657c0f991ad84c7096ded200db330133?id=I9QVZxlNqZ%2fzNTV5T%2b%2b2aw%3d%3d&view=detailv2&idpp=genimg&idpbck=1&form=BICREC",
  "urlHash": "be1c7513c9ddce90594fe0e39023d18d",
  "download": "https://api.apify.com/v2/key-value-stores/8KosJmiKECpySe41t/records/be1c7513c9ddce90594fe0e39023d18d.zip"
},
{
  "url": "https://www.bing.com/images/create/portrait-photo-of-a-female-dog-dressed-in-modern-i/1-657c0f991ad84c7096ded200db330133?id=onBb%2fMpjIq5FuLQfmHavrA%3d%3d&view=detailv2&idpp=genimg&idpbck=1&form=BICREC",
  "urlHash": "e94d158361317bc3d67d07bf5ad68de2",
  "download": "https://api.apify.com/v2/key-value-stores/8KosJmiKECpySe41t/records/e94d158361317bc3d67d07bf5ad68de2.zip"
},
{
  "url": "https://www.bing.com/images/create/portrait-photo-of-a-female-dog-dressed-in-modern-i/1-657c0f991ad84c7096ded200db330133?id=fWuar76T2E1z595gbDNueg%3d%3d&view=detailv2&idpp=genimg&idpbck=1&form=BICREC",
  "urlHash": "1f9f48a19bf5e5d8572012f68cb73b4a",
  "download": "https://api.apify.com/v2/key-value-stores/8KosJmiKECpySe41t/records/1f9f48a19bf5e5d8572012f68cb73b4a.zip"
},
{
  "url": "https://www.bing.com/images/create/portrait-photo-of-a-female-dog-dressed-in-modern-i/1-657c0f991ad84c7096ded200db330133?id=R%2f2I3mS8raja9tja4YkHww%3d%3d&view=detailv2&idpp=genimg&idpbck=1&form=BICREC",
  "urlHash": "eaa801fa9838715c17edbdc75d9ff4de",
  "download": "https://api.apify.com/v2/key-value-stores/8KosJmiKECpySe41t/records/eaa801fa9838715c17edbdc75d9ff4de.zip"
},
{
  "url": "https://www.bing.com/images/create/portrait-photo-of-a-female-dog-dressed-in-modern-i/1-657c0f6551394c808d6de0835b4d4955?id=yr720X82m7R5MoZRVK4NVg%3d%3d&view=detailv2&idpp=genimg&idpbck=1&form=BICREC",
  "urlHash": "6e9f0c346f6204677d909a6687507047",
  "download": "https://api.apify.com/v2/key-value-stores/8KosJmiKECpySe41t/records/6e9f0c346f6204677d909a6687507047.zip"
},
{
  "url": "https://www.bing.com/images/create/portrait-photo-of-a-female-dog-dressed-in-modern-i/1-657c0f6551394c808d6de0835b4d4955?id=IHsL7I3Pf5g66rLhuwXX2A%3d%3d&view=detailv2&idpp=genimg&idpbck=1&form=BICREC",
  "urlHash": "588eb4da1fa8591d442ab66542a5b444",
  "download": "https://api.apify.com/v2/key-value-stores/8KosJmiKECpySe41t/records/588eb4da1fa8591d442ab66542a5b444.zip"
},
{
  "url": "https://www.bing.com/images/create/portrait-photo-of-a-female-dog-dressed-in-modern-i/1-657c0f6551394c808d6de0835b4d4955?id=yqrAYbc2Lnz1KGgwI8yRRQ%3d%3d&view=detailv2&idpp=genimg&idpbck=1&form=BICREC",
  "urlHash": "b82ff45a04c675f979418ede0a36d47d",
  "download": "https://api.apify.com/v2/key-value-stores/8KosJmiKECpySe41t/records/b82ff45a04c675f979418ede0a36d47d.zip"
},
{
  "url": "https://www.bing.com/images/create/portrait-photo-of-a-female-dog-dressed-in-modern-i/1-657c0f6551394c808d6de0835b4d4955?id=RRV5urKAZyw4bYrXq0A11w%3d%3d&view=detailv2&idpp=genimg&idpbck=1&form=BICREC",
  "urlHash": "f30f4d4b6d7ebb579cc4c90034754f24",
  "download": "https://api.apify.com/v2/key-value-stores/8KosJmiKECpySe41t/records/f30f4d4b6d7ebb579cc4c90034754f24.zip"
},
{
  "url": "https://www.bing.com/images/create/portrait-photo-of-a-female-dog-dressed-in-modern-i/1-657c0f0514aa4b4884ad578f4c896492?id=gSkRCuM71PFcXDWLMrNp3g%3d%3d&view=detailv2&idpp=genimg&idpbck=1&form=BICREC",
  "urlHash": "00516314e6d72f9cc8540019dd6c2438",
  "download": "https://api.apify.com/v2/key-value-stores/8KosJmiKECpySe41t/records/00516314e6d72f9cc8540019dd6c2438.zip"
},
{
  "url": "https://www.bing.com/images/create/portrait-photo-of-a-female-dog-dressed-in-modern-i/1-657c0f0514aa4b4884ad578f4c896492?id=ps2p7JPRwKlSbG8C2iTvKA%3d%3d&view=detailv2&idpp=genimg&idpbck=1&form=BICREC",
  "urlHash": "f7685df7abe1ef3192cb1df70715adab",
  "download": "https://api.apify.com/v2/key-value-stores/8KosJmiKECpySe41t/records/f7685df7abe1ef3192cb1df70715adab.zip"
},
{
  "url": "https://www.bing.com/images/create/portrait-photo-of-a-female-dog-dressed-in-modern-i/1-657c0f0514aa4b4884ad578f4c896492?id=PzZB9UUQ3Hz3gtmAiJQ2Zw%3d%3d&view=detailv2&idpp=genimg&idpbck=1&form=BICREC",
  "urlHash": "b0fe662bc7329f383581d9fcd1e8f12c",
  "download": "https://api.apify.com/v2/key-value-stores/8KosJmiKECpySe41t/records/b0fe662bc7329f383581d9fcd1e8f12c.zip"
},
{
  "url": "https://www.bing.com/images/create/portrait-photo-of-a-female-dog-dressed-in-modern-i/1-657c0b3369e04b29a16b851559cab8e1?id=iBwi37SOQk%2frMIQrijIoSA%3d%3d&view=detailv2&idpp=genimg&idpbck=1&form=BICREC",
  "urlHash": "9749e6d9d0c82f21af96161b53ee40bb",
  "download": "https://api.apify.com/v2/key-value-stores/8KosJmiKECpySe41t/records/9749e6d9d0c82f21af96161b53ee40bb.zip"
},
{
  "url": "https://www.bing.com/images/create/portrait-photo-of-a-female-dog-dressed-in-modern-i/1-657c0b3369e04b29a16b851559cab8e1?id=1ogdce%2bRwWJHwJxJdu5ZCg%3d%3d&view=detailv2&idpp=genimg&idpbck=1&form=BICREC",
  "urlHash": "20e8a58e32ef9c1d47befc8e976f8392",
  "download": "https://api.apify.com/v2/key-value-stores/8KosJmiKECpySe41t/records/20e8a58e32ef9c1d47befc8e976f8392.zip"
},
{
  "url": "https://www.bing.com/images/create/portrait-photo-of-a-female-dog-dressed-in-modern-i/1-657c0f0514aa4b4884ad578f4c896492?id=%2fhCVjIeSKD%2fxUphN5Z3QRg%3d%3d&view=detailv2&idpp=genimg&idpbck=1&form=BICREC",
  "urlHash": "d2b5a534c70cad087473f873da90f735",
  "download": "https://api.apify.com/v2/key-value-stores/8KosJmiKECpySe41t/records/d2b5a534c70cad087473f873da90f735.zip"
},
{
  "url": "https://www.bing.com/images/create/portrait-photo-of-a-female-dog-dressed-in-modern-i/1-657c0b3369e04b29a16b851559cab8e1?id=kG2iJBdktCO0npi84Si%2bbg%3d%3d&view=detailv2&idpp=genimg&idpbck=1&form=BICREC",
  "urlHash": "29752b4bf3dd6e891cc3e3949bed974c",
  "download": "https://api.apify.com/v2/key-value-stores/8KosJmiKECpySe41t/records/29752b4bf3dd6e891cc3e3949bed974c.zip"
},
{
  "url": "https://www.bing.com/images/create/portrait-photo-of-a-female-dog-dressed-in-modern-i/1-657c0b092f1d4afb974fa2ccea3d7a26?id=ysTnWElj7HDdOe7Da4mffg%3d%3d&view=detailv2&idpp=genimg&idpbck=1&form=BICREC",
  "urlHash": "317d546f3172913a8b25fbae9b3d2f53",
  "download": "https://api.apify.com/v2/key-value-stores/8KosJmiKECpySe41t/records/317d546f3172913a8b25fbae9b3d2f53.zip"
},
{
  "url": "https://www.bing.com/images/create/portrait-photo-of-a-female-dog-dressed-in-modern-i/1-657c0b092f1d4afb974fa2ccea3d7a26?id=P7IF5exdpPNGTphSFr2aXg%3d%3d&view=detailv2&idpp=genimg&idpbck=1&form=BICREC",
  "urlHash": "72b0b18879c5580c59aa3ae06106f7bc",
  "download": "https://api.apify.com/v2/key-value-stores/8KosJmiKECpySe41t/records/72b0b18879c5580c59aa3ae06106f7bc.zip"
},
{
  "url": "https://www.bing.com/images/create/portrait-photo-of-a-female-dog-dressed-in-modern-i/1-657c0b3369e04b29a16b851559cab8e1?id=a0AicXA8u66uAIHcE44MhA%3d%3d&view=detailv2&idpp=genimg&idpbck=1&form=BICREC",
  "urlHash": "44db830111171c2decb03c0d167bda09",
  "download": "https://api.apify.com/v2/key-value-stores/8KosJmiKECpySe41t/records/44db830111171c2decb03c0d167bda09.zip"
},
{
  "url": "https://www.bing.com/images/create/portrait-photo-of-a-female-dog-dressed-in-modern-i/1-657c0b092f1d4afb974fa2ccea3d7a26?id=fSVdhjaOu7aQLsuUXqmWBw%3d%3d&view=detailv2&idpp=genimg&idpbck=1&form=BICREC",
  "urlHash": "5b893375d66b3bb0700e61a248e3e147",
  "download": "https://api.apify.com/v2/key-value-stores/8KosJmiKECpySe41t/records/5b893375d66b3bb0700e61a248e3e147.zip"
},
{
  "url": "https://www.bing.com/images/create/portrait-photo-of-a-female-dog-dressed-in-modern-i/1-657c0b092f1d4afb974fa2ccea3d7a26?id=L8L%2ffvuX%2flyTyInIaWxCAA%3d%3d&view=detailv2&idpp=genimg&idpbck=1&form=BICREC",
  "urlHash": "63561ac4be614960232383f230a32bd4",
  "download": "https://api.apify.com/v2/key-value-stores/8KosJmiKECpySe41t/records/63561ac4be614960232383f230a32bd4.zip"
},
{
  "url": "https://www.bing.com/images/create/portrait-photo-of-a-female-dog-dressed-in-modern-i/1-657c0ae042a84e3883c19929ca353371?id=7kSYP1JmPnsag%2fQ4bI999w%3d%3d&view=detailv2&idpp=genimg&idpbck=1&form=BICREC",
  "urlHash": "2b67b86b4e9468b6ae16cf0eff40ed0f",
  "download": "https://api.apify.com/v2/key-value-stores/8KosJmiKECpySe41t/records/2b67b86b4e9468b6ae16cf0eff40ed0f.zip"
},
{
  "url": "https://www.bing.com/images/create/portrait-photo-of-a-female-dog-dressed-in-modern-i/1-657c0ae042a84e3883c19929ca353371?id=xK%2fp0HCuYyxHmQShegJcaA%3d%3d&view=detailv2&idpp=genimg&idpbck=1&form=BICREC",
  "urlHash": "53195212a03afee78f6ac69ff5478a1e",
  "download": "https://api.apify.com/v2/key-value-stores/8KosJmiKECpySe41t/records/53195212a03afee78f6ac69ff5478a1e.zip"
},
{
  "url": "https://www.bing.com/images/create/portrait-photo-of-a-female-dog-dressed-in-modern-i/1-657c0ae042a84e3883c19929ca353371?id=266S1Tffn1uwcYSYV9ecbA%3d%3d&view=detailv2&idpp=genimg&idpbck=1&form=BICREC",
  "urlHash": "06196cfa670f327e8ed67dbf02f40b38",
  "download": "https://api.apify.com/v2/key-value-stores/8KosJmiKECpySe41t/records/06196cfa670f327e8ed67dbf02f40b38.zip"
},
{
  "url": "https://www.bing.com/images/create/portrait-photo-of-a-female-dog-dressed-in-modern-i/1-657c0abc78244f9f8fe7635afc33d62a?id=klYmZw%2f0GbTqGSDVhTHB4A%3d%3d&view=detailv2&idpp=genimg&idpbck=1&form=BICREC",
  "urlHash": "e4819e9b4727b354678d8253e7b6e670",
  "download": "https://api.apify.com/v2/key-value-stores/8KosJmiKECpySe41t/records/e4819e9b4727b354678d8253e7b6e670.zip"
},
{
  "url": "https://www.bing.com/images/create/portrait-photo-of-a-female-dog-dressed-in-modern-i/1-657c0ae042a84e3883c19929ca353371?id=VkPmPyWNr%2b1TsRnkkdBnWQ%3d%3d&view=detailv2&idpp=genimg&idpbck=1&form=BICREC",
  "urlHash": "61c692da15eee4289716a9d4e78ebe8e",
  "download": "https://api.apify.com/v2/key-value-stores/8KosJmiKECpySe41t/records/61c692da15eee4289716a9d4e78ebe8e.zip"
},
{
  "url": "https://www.bing.com/images/create/portrait-photo-of-a-female-dog-dressed-in-modern-i/1-657c0abc78244f9f8fe7635afc33d62a?id=SDkCPkIuu%2bXzmeXETsf5Hg%3d%3d&view=detailv2&idpp=genimg&idpbck=1&form=BICREC",
  "urlHash": "d72a773b630419838326980c6f8d89a7",
  "download": "https://api.apify.com/v2/key-value-stores/8KosJmiKECpySe41t/records/d72a773b630419838326980c6f8d89a7.zip"
},
{
  "url": "https://www.bing.com/images/create/portrait-photo-of-a-female-dog-dressed-in-modern-i/1-657c0abc78244f9f8fe7635afc33d62a?id=Rna4lzKthJpc4%2fYEV9WooA%3d%3d&view=detailv2&idpp=genimg&idpbck=1&form=BICREC",
  "urlHash": "7b6c451484610007186e60b94574a436",
  "download": "https://api.apify.com/v2/key-value-stores/8KosJmiKECpySe41t/records/7b6c451484610007186e60b94574a436.zip"
},
{
  "url": "https://www.bing.com/images/create/portrait-photo-of-a-female-dog-dressed-in-modern-i/1-657c0abc78244f9f8fe7635afc33d62a?id=9iTdjLpoKEKFfioabXFvWg%3d%3d&view=detailv2&idpp=genimg&idpbck=1&form=BICREC",
  "urlHash": "c4ff99f4aca790dfb78a1ae3c0b5cb20",
  "download": "https://api.apify.com/v2/key-value-stores/8KosJmiKECpySe41t/records/c4ff99f4aca790dfb78a1ae3c0b5cb20.zip"
}]