[{
  "url": "https://www.bing.com/images/create/portrait-photo-of-a-female-cat-dressed-in-modern-i/1-65812e5e5ffa4ebabe9b3a302e2cb836?id=jlRp5sv8bQa%2bmgzL3fvdmQ%3d%3d&view=detailv2&idpp=genimg&idpbck=1&form=BICREC",
  "urlHash": "da909630e8e282dafa9ec689342e0aff",
  "download": "https://api.apify.com/v2/key-value-stores/OzaUPNaLqcewZ9Q20/records/da909630e8e282dafa9ec689342e0aff.zip"
},
{
  "url": "https://www.bing.com/images/create/portrait-photo-of-a-female-cat-dressed-in-modern-i/1-65812e5e5ffa4ebabe9b3a302e2cb836?id=wDRitgcnFQXA58kRoxRuwQ%3d%3d&view=detailv2&idpp=genimg&idpbck=1&form=BICREC",
  "urlHash": "41c3977b5ac16adbab6df18510f8c76e",
  "download": "https://api.apify.com/v2/key-value-stores/OzaUPNaLqcewZ9Q20/records/41c3977b5ac16adbab6df18510f8c76e.zip"
},
{
  "url": "https://www.bing.com/images/create/portrait-photo-of-a-female-cat-dressed-in-modern-i/1-65812e5e5ffa4ebabe9b3a302e2cb836?id=6usbZ0NtRJD1sArV3Jymug%3d%3d&view=detailv2&idpp=genimg&idpbck=1&form=BICREC",
  "urlHash": "ed4dfd6abd8b7a8b274af2fdb50de5df",
  "download": "https://api.apify.com/v2/key-value-stores/OzaUPNaLqcewZ9Q20/records/ed4dfd6abd8b7a8b274af2fdb50de5df.zip"
},
{
  "url": "https://www.bing.com/images/create/portrait-photo-of-a-female-cat-dressed-in-modern-i/1-65812e44bf294324941ca9f6d71c3ef6?id=6YAo3qa9CC7Gfdx%2fy1l%2bGw%3d%3d&view=detailv2&idpp=genimg&idpbck=1&form=BICREC",
  "urlHash": "0dccea59cf97583238526de280be0eb4",
  "download": "https://api.apify.com/v2/key-value-stores/OzaUPNaLqcewZ9Q20/records/0dccea59cf97583238526de280be0eb4.zip"
},
{
  "url": "https://www.bing.com/images/create/portrait-photo-of-a-female-cat-dressed-in-modern-i/1-65812e5e5ffa4ebabe9b3a302e2cb836?id=8Nnszq6TWqkC28eVBFBdVQ%3d%3d&view=detailv2&idpp=genimg&idpbck=1&form=BICREC",
  "urlHash": "d6d4b8c32b13e975f1778d457e64af53",
  "download": "https://api.apify.com/v2/key-value-stores/OzaUPNaLqcewZ9Q20/records/d6d4b8c32b13e975f1778d457e64af53.zip"
},
{
  "url": "https://www.bing.com/images/create/portrait-photo-of-a-female-cat-dressed-in-modern-i/1-65812e44bf294324941ca9f6d71c3ef6?id=eLqDIVx9ExjQVAkafO155g%3d%3d&view=detailv2&idpp=genimg&idpbck=1&form=BICREC",
  "urlHash": "62bd12ab3ae2f99f562a11f8e08c504b",
  "download": "https://api.apify.com/v2/key-value-stores/OzaUPNaLqcewZ9Q20/records/62bd12ab3ae2f99f562a11f8e08c504b.zip"
},
{
  "url": "https://www.bing.com/images/create/portrait-photo-of-a-female-cat-dressed-in-modern-i/1-65812e5e5ffa4ebabe9b3a302e2cb836?id=6usbZ0NtRJD1sArV3Jymug%3d%3d&view=detailv2&idpp=genimg&idpbck=1&form=BICREC",
  "urlHash": "ed4dfd6abd8b7a8b274af2fdb50de5df",
  "download": "https://api.apify.com/v2/key-value-stores/OzaUPNaLqcewZ9Q20/records/ed4dfd6abd8b7a8b274af2fdb50de5df.zip"
},
{
  "url": "https://www.bing.com/images/create/portrait-photo-of-a-female-cat-dressed-in-modern-i/1-65812e44bf294324941ca9f6d71c3ef6?id=yTfeG61Kzok1XSg3aOBvpA%3d%3d&view=detailv2&idpp=genimg&idpbck=1&form=BICREC",
  "urlHash": "5b8bec6a7c4ee710a6eedc1d1807859d",
  "download": "https://api.apify.com/v2/key-value-stores/OzaUPNaLqcewZ9Q20/records/5b8bec6a7c4ee710a6eedc1d1807859d.zip"
},
{
  "url": "https://www.bing.com/images/create/portrait-photo-of-a-female-cat-dressed-in-modern-i/1-65812e44bf294324941ca9f6d71c3ef6?id=hk7ObU%2fUJ%2bwZlyB7G29uaA%3d%3d&view=detailv2&idpp=genimg&idpbck=1&form=BICREC",
  "urlHash": "21a20acdeb460b17062a1e26942908f5",
  "download": "https://api.apify.com/v2/key-value-stores/OzaUPNaLqcewZ9Q20/records/21a20acdeb460b17062a1e26942908f5.zip"
},
{
  "url": "https://www.bing.com/images/create/portrait-photo-of-a-female-cat-dressed-in-modern-i/1-65812e1874774cb6aed98df4f9a9be5e?id=Tq5juWUiBehkKGQt%2bjAsqA%3d%3d&view=detailv2&idpp=genimg&idpbck=1&form=BICREC",
  "urlHash": "5b16d5aecbe0963ae073a4f22bafafda",
  "download": "https://api.apify.com/v2/key-value-stores/OzaUPNaLqcewZ9Q20/records/5b16d5aecbe0963ae073a4f22bafafda.zip"
},
{
  "url": "https://www.bing.com/images/create/portrait-photo-of-a-female-cat-dressed-in-modern-i/1-65812e1874774cb6aed98df4f9a9be5e?id=xt3v1VcO8NLNDPVzlaIY5w%3d%3d&view=detailv2&idpp=genimg&idpbck=1&form=BICREC",
  "urlHash": "e681658d1c8076effdafbb0895f1a7d7",
  "download": "https://api.apify.com/v2/key-value-stores/OzaUPNaLqcewZ9Q20/records/e681658d1c8076effdafbb0895f1a7d7.zip"
},
{
  "url": "https://www.bing.com/images/create/portrait-photo-of-a-female-cat-dressed-in-modern-i/1-65812e1874774cb6aed98df4f9a9be5e?id=uDFmNN3G8QmNCMQ0X%2bQX%2fg%3d%3d&view=detailv2&idpp=genimg&idpbck=1&form=BICREC",
  "urlHash": "1e3660a9733190d4a8ab75dcbd5c0ea7",
  "download": "https://api.apify.com/v2/key-value-stores/OzaUPNaLqcewZ9Q20/records/1e3660a9733190d4a8ab75dcbd5c0ea7.zip"
},
{
  "url": "https://www.bing.com/images/create/portrait-photo-of-a-female-cat-dressed-in-modern-i/1-65812fd8eb2949b49ae6140cd428d65f?id=zOpyQZWtifujslPlVuw1CA%3d%3d&view=detailv2&idpp=genimg&idpbck=1&form=BICREC",
  "urlHash": "f72a912e232ca13203c5ce1631d27df9",
  "download": "https://api.apify.com/v2/key-value-stores/OzaUPNaLqcewZ9Q20/records/f72a912e232ca13203c5ce1631d27df9.zip"
},
{
  "url": "https://www.bing.com/images/create/portrait-photo-of-a-female-cat-dressed-in-modern-i/1-65812e1874774cb6aed98df4f9a9be5e?id=QMTFswAWnD3rEyZ%2ba9DlAg%3d%3d&view=detailv2&idpp=genimg&idpbck=1&form=BICREC",
  "urlHash": "2a63221baf44422ed5488bb055dfac4d",
  "download": "https://api.apify.com/v2/key-value-stores/OzaUPNaLqcewZ9Q20/records/2a63221baf44422ed5488bb055dfac4d.zip"
},
{
  "url": "https://www.bing.com/images/create/portrait-photo-of-a-female-cat-dressed-in-modern-i/1-65812fd8eb2949b49ae6140cd428d65f?id=%2bn1TQw8Rq6WB5P82WpOhfw%3d%3d&view=detailv2&idpp=genimg&idpbck=1&form=BICREC",
  "urlHash": "28d39b5a3fa020e92d6fcd098421e246",
  "download": "https://api.apify.com/v2/key-value-stores/OzaUPNaLqcewZ9Q20/records/28d39b5a3fa020e92d6fcd098421e246.zip"
},
{
  "url": "https://www.bing.com/images/create/portrait-photo-of-a-female-cat-dressed-in-modern-i/1-65812fd8eb2949b49ae6140cd428d65f?id=SwgGWrk%2bRnDrmFAqMgy2sQ%3d%3d&view=detailv2&idpp=genimg&idpbck=1&form=BICREC",
  "urlHash": "bfc84b021d39498045aef8479e888603",
  "download": "https://api.apify.com/v2/key-value-stores/OzaUPNaLqcewZ9Q20/records/bfc84b021d39498045aef8479e888603.zip"
},
{
  "url": "https://www.bing.com/images/create/portrait-photo-of-a-female-cat-dressed-in-modern-i/1-65812fd8eb2949b49ae6140cd428d65f?id=%2bggWTGNcvnggodTJCWryCA%3d%3d&view=detailv2&idpp=genimg&idpbck=1&form=BICREC",
  "urlHash": "f0d3b5687c5d4aa9a8acd50d6f7acfd4",
  "download": "https://api.apify.com/v2/key-value-stores/OzaUPNaLqcewZ9Q20/records/f0d3b5687c5d4aa9a8acd50d6f7acfd4.zip"
},
{
  "url": "https://www.bing.com/images/create/portrait-photo-of-a-female-cat-dressed-in-modern-i/1-65812f637cad405f9177546dff15ad9a?id=bL3qHxqXI5A2OtNs%2bm%2frxw%3d%3d&view=detailv2&idpp=genimg&idpbck=1&form=BICREC",
  "urlHash": "c5a0993c0829d1df215d1af6948c2a64",
  "download": "https://api.apify.com/v2/key-value-stores/OzaUPNaLqcewZ9Q20/records/c5a0993c0829d1df215d1af6948c2a64.zip"
},
{
  "url": "https://www.bing.com/images/create/portrait-photo-of-a-female-cat-dressed-in-modern-i/1-65812f637cad405f9177546dff15ad9a?id=uRC5a06qJNq7tYwDvY2sPA%3d%3d&view=detailv2&idpp=genimg&idpbck=1&form=BICREC",
  "urlHash": "67811aa0747263b65efd41d53b77edec",
  "download": "https://api.apify.com/v2/key-value-stores/OzaUPNaLqcewZ9Q20/records/67811aa0747263b65efd41d53b77edec.zip"
},
{
  "url": "https://www.bing.com/images/create/portrait-photo-of-a-female-cat-dressed-in-modern-i/1-65812f637cad405f9177546dff15ad9a?id=D1O7%2f1p4unLJGq3WG%2btRFg%3d%3d&view=detailv2&idpp=genimg&idpbck=1&form=BICREC",
  "urlHash": "3fcc69e146dc575fd8ef26624fbdf345",
  "download": "https://api.apify.com/v2/key-value-stores/OzaUPNaLqcewZ9Q20/records/3fcc69e146dc575fd8ef26624fbdf345.zip"
},
{
  "url": "https://www.bing.com/images/create/portrait-photo-of-a-female-cat-dressed-in-modern-i/1-65812f637cad405f9177546dff15ad9a?id=94yllDl%2bz%2f%2fJ8itXOwrEhw%3d%3d&view=detailv2&idpp=genimg&idpbck=1&form=BICREC",
  "urlHash": "ca75c3fd7367bdab63a3510988c6bfed",
  "download": "https://api.apify.com/v2/key-value-stores/OzaUPNaLqcewZ9Q20/records/ca75c3fd7367bdab63a3510988c6bfed.zip"
},
{
  "url": "https://www.bing.com/images/create/portrait-photo-of-a-female-cat-dressed-in-modern-i/1-65812e89a0634f10bba6b2b71fd9992f?id=FB1ikepLfWMXHimYTb5MVg%3d%3d&view=detailv2&idpp=genimg&idpbck=1&form=BICREC",
  "urlHash": "bde0192d84dc18e1887767bd138ee548",
  "download": "https://api.apify.com/v2/key-value-stores/OzaUPNaLqcewZ9Q20/records/bde0192d84dc18e1887767bd138ee548.zip"
},
{
  "url": "https://www.bing.com/images/create/portrait-photo-of-a-female-cat-dressed-in-modern-i/1-65812e89a0634f10bba6b2b71fd9992f?id=A5vkCpduGzFvDmdosCIY5g%3d%3d&view=detailv2&idpp=genimg&idpbck=1&form=BICREC",
  "urlHash": "acfb939da1ac5b04079d1fd13e8894bf",
  "download": "https://api.apify.com/v2/key-value-stores/OzaUPNaLqcewZ9Q20/records/acfb939da1ac5b04079d1fd13e8894bf.zip"
},
{
  "url": "https://www.bing.com/images/create/portrait-photo-of-a-female-cat-dressed-in-modern-i/1-65812e89a0634f10bba6b2b71fd9992f?id=NPf4A3Uo7PUkxg%2bEYrAVaQ%3d%3d&view=detailv2&idpp=genimg&idpbck=1&form=BICREC",
  "urlHash": "49704c9c1d5ebba994e870e5de3f7d91",
  "download": "https://api.apify.com/v2/key-value-stores/OzaUPNaLqcewZ9Q20/records/49704c9c1d5ebba994e870e5de3f7d91.zip"
},
{
  "url": "https://www.bing.com/images/create/portrait-photo-of-a-female-cat-dressed-in-modern-i/1-65812e89a0634f10bba6b2b71fd9992f?id=rNWzoE7uuGEBSCNsU3fxDA%3d%3d&view=detailv2&idpp=genimg&idpbck=1&form=BICREC",
  "urlHash": "bf4a3efa7a1ca73f5d0697b51e67869e",
  "download": "https://api.apify.com/v2/key-value-stores/OzaUPNaLqcewZ9Q20/records/bf4a3efa7a1ca73f5d0697b51e67869e.zip"
},
{
  "url": "https://www.bing.com/images/create/portrait-photo-of-a-female-cat-dressed-in-modern-i/1-658130276a1c41ceb0e867977d7fe97d?id=vKJYcyyUw%2fNqYQsSpI45EQ%3d%3d&view=detailv2&idpp=genimg&idpbck=1&form=BICREC",
  "urlHash": "b4c6da1a474e20a47ae988613a0d5176",
  "download": "https://api.apify.com/v2/key-value-stores/OzaUPNaLqcewZ9Q20/records/b4c6da1a474e20a47ae988613a0d5176.zip"
},
{
  "url": "https://www.bing.com/images/create/portrait-photo-of-a-female-cat-dressed-in-modern-i/1-658130276a1c41ceb0e867977d7fe97d?id=FDZ5kF4yjK9Tef83cHXbqw%3d%3d&view=detailv2&idpp=genimg&idpbck=1&form=BICREC",
  "urlHash": "64a4aa481b50814f5101295a369170de",
  "download": "https://api.apify.com/v2/key-value-stores/OzaUPNaLqcewZ9Q20/records/64a4aa481b50814f5101295a369170de.zip"
},
{
  "url": "https://www.bing.com/images/create/portrait-photo-of-a-female-cat-dressed-in-modern-i/1-658130276a1c41ceb0e867977d7fe97d?id=6sVOW2Fzbmf23NAPQ6lYSw%3d%3d&view=detailv2&idpp=genimg&idpbck=1&form=BICREC",
  "urlHash": "13011b202f450e4e4018ae13ee84e803",
  "download": "https://api.apify.com/v2/key-value-stores/OzaUPNaLqcewZ9Q20/records/13011b202f450e4e4018ae13ee84e803.zip"
},
{
  "url": "https://www.bing.com/images/create/portrait-photo-of-a-female-cat-dressed-in-modern-i/1-658130095d0e4556bca3d8197f113415?id=N%2bTH9T41FFiSfK4WeF46tA%3d%3d&view=detailv2&idpp=genimg&idpbck=1&form=BICREC",
  "urlHash": "2b0810855e4df611fbfe3af506c1e0bd",
  "download": "https://api.apify.com/v2/key-value-stores/OzaUPNaLqcewZ9Q20/records/2b0810855e4df611fbfe3af506c1e0bd.zip"
},
{
  "url": "https://www.bing.com/images/create/portrait-photo-of-a-female-cat-dressed-in-modern-i/1-658130095d0e4556bca3d8197f113415?id=6VVUIAo%2bdqPKBpyfFW%2bp%2bg%3d%3d&view=detailv2&idpp=genimg&idpbck=1&form=BICREC",
  "urlHash": "796e930858376fe08eed5ba083a3be75",
  "download": "https://api.apify.com/v2/key-value-stores/OzaUPNaLqcewZ9Q20/records/796e930858376fe08eed5ba083a3be75.zip"
},
{
  "url": "https://www.bing.com/images/create/portrait-photo-of-a-female-cat-dressed-in-modern-i/1-658130095d0e4556bca3d8197f113415?id=QHel7RbheLS4ikeu33i0PA%3d%3d&view=detailv2&idpp=genimg&idpbck=1&form=BICREC",
  "urlHash": "a533fcc60a33a3ba5adcff879654c514",
  "download": "https://api.apify.com/v2/key-value-stores/OzaUPNaLqcewZ9Q20/records/a533fcc60a33a3ba5adcff879654c514.zip"
},
{
  "url": "https://www.bing.com/images/create/portrait-photo-of-a-female-cat-dressed-in-modern-i/1-658130276a1c41ceb0e867977d7fe97d?id=vKJYcyyUw%2fNqYQsSpI45EQ%3d%3d&view=detailv2&idpp=genimg&idpbck=1&form=BICREC",
  "urlHash": "b4c6da1a474e20a47ae988613a0d5176",
  "download": "https://api.apify.com/v2/key-value-stores/OzaUPNaLqcewZ9Q20/records/b4c6da1a474e20a47ae988613a0d5176.zip"
},
{
  "url": "https://www.bing.com/images/create/portrait-photo-of-a-female-cat-dressed-in-modern-i/1-658130276a1c41ceb0e867977d7fe97d?id=u%2fU5OWMudmBRIVn2A5luDg%3d%3d&view=detailv2&idpp=genimg&idpbck=1&form=BICREC",
  "urlHash": "b274489eafa449057de4ea5684a4588a",
  "download": "https://api.apify.com/v2/key-value-stores/OzaUPNaLqcewZ9Q20/records/b274489eafa449057de4ea5684a4588a.zip"
},
{
  "url": "https://www.bing.com/images/create/portrait-photo-of-a-female-cat-dressed-in-modern-i/1-658130095d0e4556bca3d8197f113415?id=2IqlHtvVaDRXD65hsyvLWA%3d%3d&view=detailv2&idpp=genimg&idpbck=1&form=BICREC",
  "urlHash": "3abd8fa3902b8120d29cf1fad5cf97ce",
  "download": "https://api.apify.com/v2/key-value-stores/OzaUPNaLqcewZ9Q20/records/3abd8fa3902b8120d29cf1fad5cf97ce.zip"
}]