[{
  "url": "https://www.bing.com/images/create/portrait-photo-of-a-female-cat-dressed-in-modern-i/1-65801cb19115490bbbcc2dc7c17d9440?id=HQzD7AwsHg8KPZY1gQockA%3d%3d&view=detailv2&idpp=genimg&idpbck=1&form=BICREC",
  "urlHash": "8e1002aa86776f122480a39136d37525",
  "download": "https://api.apify.com/v2/key-value-stores/4RdxL7XxoibmzPVmb/records/8e1002aa86776f122480a39136d37525.zip"
},
{
  "url": "https://www.bing.com/images/create/portrait-photo-of-a-female-cat-dressed-in-modern-i/1-65801cb19115490bbbcc2dc7c17d9440?id=tgqlt%2fETCDa%2bY1wBb71%2btg%3d%3d&view=detailv2&idpp=genimg&idpbck=1&form=BICREC",
  "urlHash": "9b09cc0b95f5e7cd334046b08bdea518",
  "download": "https://api.apify.com/v2/key-value-stores/4RdxL7XxoibmzPVmb/records/9b09cc0b95f5e7cd334046b08bdea518.zip"
},
{
  "url": "https://www.bing.com/images/create/portrait-photo-of-a-female-cat-dressed-in-modern-i/1-65801cb19115490bbbcc2dc7c17d9440?id=UO3YELIyUKEIvTapbzEj9w%3d%3d&view=detailv2&idpp=genimg&idpbck=1&form=BICREC",
  "urlHash": "f8da91e377dc9a1b23a1d0764941c541",
  "download": "https://api.apify.com/v2/key-value-stores/4RdxL7XxoibmzPVmb/records/f8da91e377dc9a1b23a1d0764941c541.zip"
},
{
  "url": "https://www.bing.com/images/create/portrait-photo-of-a-female-cat-dressed-in-modern-i/1-65801cb19115490bbbcc2dc7c17d9440?id=GZdIukrHqnj%2bMlwHpoUb5Q%3d%3d&view=detailv2&idpp=genimg&idpbck=1&form=BICREC",
  "urlHash": "ebab98cd27e66ac3f1a5a1b0817f3c7a",
  "download": "https://api.apify.com/v2/key-value-stores/4RdxL7XxoibmzPVmb/records/ebab98cd27e66ac3f1a5a1b0817f3c7a.zip"
},
{
  "url": "https://www.bing.com/images/create/portrait-photo-of-a-female-cat-dressed-in-modern-i/1-65801c8ed9e148829df23c93094995a4?id=xm%2bJRj4I6by7U%2bdrsXzODQ%3d%3d&view=detailv2&idpp=genimg&idpbck=1&form=BICREC",
  "urlHash": "5da673a62ec8683dab2200f910df42eb",
  "download": "https://api.apify.com/v2/key-value-stores/4RdxL7XxoibmzPVmb/records/5da673a62ec8683dab2200f910df42eb.zip"
},
{
  "url": "https://www.bing.com/images/create/portrait-photo-of-a-female-cat-dressed-in-modern-i/1-65801c8ed9e148829df23c93094995a4?id=Za42zt2lkjltLSfiFFmxCQ%3d%3d&view=detailv2&idpp=genimg&idpbck=1&form=BICREC",
  "urlHash": "afab0d7be98e1f8f24872f7cf7b63fcd",
  "download": "https://api.apify.com/v2/key-value-stores/4RdxL7XxoibmzPVmb/records/afab0d7be98e1f8f24872f7cf7b63fcd.zip"
},
{
  "url": "https://www.bing.com/images/create/portrait-photo-of-a-female-cat-dressed-in-modern-i/1-65801c8ed9e148829df23c93094995a4?id=xk5JagrcAB09NvKi3RO2FA%3d%3d&view=detailv2&idpp=genimg&idpbck=1&form=BICREC",
  "urlHash": "d0494676e961a194d7da7c52c3ddfc70",
  "download": "https://api.apify.com/v2/key-value-stores/4RdxL7XxoibmzPVmb/records/d0494676e961a194d7da7c52c3ddfc70.zip"
},
{
  "url": "https://www.bing.com/images/create/portrait-photo-of-a-female-cat-dressed-in-modern-i/1-65801c7bfa144ed5a0483a647eb6bf27?id=XA63wpP06jcC81Aog%2brrlw%3d%3d&view=detailv2&idpp=genimg&idpbck=1&form=BICREC",
  "urlHash": "a3452785742978a710142e63a4b2ac73",
  "download": "https://api.apify.com/v2/key-value-stores/4RdxL7XxoibmzPVmb/records/a3452785742978a710142e63a4b2ac73.zip"
},
{
  "url": "https://www.bing.com/images/create/portrait-photo-of-a-female-cat-dressed-in-modern-i/1-65801c8ed9e148829df23c93094995a4?id=R7abcRdw7QrHFiJTLt%2fp2A%3d%3d&view=detailv2&idpp=genimg&idpbck=1&form=BICREC",
  "urlHash": "982d56ddf84c74c31ae6c6a92aca10c4",
  "download": "https://api.apify.com/v2/key-value-stores/4RdxL7XxoibmzPVmb/records/982d56ddf84c74c31ae6c6a92aca10c4.zip"
},
{
  "url": "https://www.bing.com/images/create/portrait-photo-of-a-female-cat-dressed-in-modern-i/1-65801c7bfa144ed5a0483a647eb6bf27?id=7rxvLv3YxjJ42PaQ6xg7Xg%3d%3d&view=detailv2&idpp=genimg&idpbck=1&form=BICREC",
  "urlHash": "cb15f64b7a1eee970b0a7be6bb8b9daa",
  "download": "https://api.apify.com/v2/key-value-stores/4RdxL7XxoibmzPVmb/records/cb15f64b7a1eee970b0a7be6bb8b9daa.zip"
},
{
  "url": "https://www.bing.com/images/create/portrait-photo-of-a-female-cat-dressed-in-modern-i/1-65801c7bfa144ed5a0483a647eb6bf27?id=oMmNf5R5iSlqPZgKfMYDOA%3d%3d&view=detailv2&idpp=genimg&idpbck=1&form=BICREC",
  "urlHash": "808e144394fd8c6b9330b145d9f0134c",
  "download": "https://api.apify.com/v2/key-value-stores/4RdxL7XxoibmzPVmb/records/808e144394fd8c6b9330b145d9f0134c.zip"
},
{
  "url": "https://www.bing.com/images/create/portrait-photo-of-a-female-cat-dressed-in-modern-i/1-65801c5d7c844ca1961c3cd2e2b72b9d?id=Q3zK3zoWVAaw0LdpOnCHvA%3d%3d&view=detailv2&idpp=genimg&idpbck=1&form=BICREC",
  "urlHash": "eecf6b46b4e759c9379978ffe1868c4a",
  "download": "https://api.apify.com/v2/key-value-stores/4RdxL7XxoibmzPVmb/records/eecf6b46b4e759c9379978ffe1868c4a.zip"
},
{
  "url": "https://www.bing.com/images/create/portrait-photo-of-a-female-cat-dressed-in-modern-i/1-65801c5d7c844ca1961c3cd2e2b72b9d?id=rqo4Qdg0KWd%2bW%2bDDXwMV%2bg%3d%3d&view=detailv2&idpp=genimg&idpbck=1&form=BICREC",
  "urlHash": "f79fee546c0eeaef8e76964958e2b832",
  "download": "https://api.apify.com/v2/key-value-stores/4RdxL7XxoibmzPVmb/records/f79fee546c0eeaef8e76964958e2b832.zip"
},
{
  "url": "https://www.bing.com/images/create/portrait-photo-of-a-female-cat-dressed-in-modern-i/1-65801c7bfa144ed5a0483a647eb6bf27?id=eEauzDteKORfyfBy951pAg%3d%3d&view=detailv2&idpp=genimg&idpbck=1&form=BICREC",
  "urlHash": "7a5864d05eb940c2f0b7083571c312fb",
  "download": "https://api.apify.com/v2/key-value-stores/4RdxL7XxoibmzPVmb/records/7a5864d05eb940c2f0b7083571c312fb.zip"
},
{
  "url": "https://www.bing.com/images/create/portrait-photo-of-a-female-cat-dressed-in-modern-i/1-65801c5d7c844ca1961c3cd2e2b72b9d?id=6aNlNyKdejZS0Am3VwupZw%3d%3d&view=detailv2&idpp=genimg&idpbck=1&form=BICREC",
  "urlHash": "bc9655a585bb3339f7d931e946205f73",
  "download": "https://api.apify.com/v2/key-value-stores/4RdxL7XxoibmzPVmb/records/bc9655a585bb3339f7d931e946205f73.zip"
},
{
  "url": "https://www.bing.com/images/create/portrait-photo-of-a-female-cat-dressed-in-modern-i/1-65801db3db01404f9b4b2b03c5025f20?id=Elej%2bZwqqK%2bAfNrdVSVEzw%3d%3d&view=detailv2&idpp=genimg&idpbck=1&form=BICREC",
  "urlHash": "021424854fd0b65ab207cd754c3b7eaa",
  "download": "https://api.apify.com/v2/key-value-stores/4RdxL7XxoibmzPVmb/records/021424854fd0b65ab207cd754c3b7eaa.zip"
},
{
  "url": "https://www.bing.com/images/create/portrait-photo-of-a-female-cat-dressed-in-modern-i/1-65801db3db01404f9b4b2b03c5025f20?id=uKSlOyPf1yk5hWK%2bOubiHw%3d%3d&view=detailv2&idpp=genimg&idpbck=1&form=BICREC",
  "urlHash": "ae344ff68200581d8036a34ae0d286fc",
  "download": "https://api.apify.com/v2/key-value-stores/4RdxL7XxoibmzPVmb/records/ae344ff68200581d8036a34ae0d286fc.zip"
},
{
  "url": "https://www.bing.com/images/create/portrait-photo-of-a-female-cat-dressed-in-modern-i/1-65801c5d7c844ca1961c3cd2e2b72b9d?id=k8WlWaUT5M0ys3D5op1kpw%3d%3d&view=detailv2&idpp=genimg&idpbck=1&form=BICREC",
  "urlHash": "da1e976594380ca8e8406e5677d3202c",
  "download": "https://api.apify.com/v2/key-value-stores/4RdxL7XxoibmzPVmb/records/da1e976594380ca8e8406e5677d3202c.zip"
},
{
  "url": "https://www.bing.com/images/create/portrait-photo-of-a-female-cat-dressed-in-modern-i/1-65801db3db01404f9b4b2b03c5025f20?id=QexZrhCVGFUfooBZMpFAig%3d%3d&view=detailv2&idpp=genimg&idpbck=1&form=BICREC",
  "urlHash": "ab6452011816440471a2e5f88156a3ce",
  "download": "https://api.apify.com/v2/key-value-stores/4RdxL7XxoibmzPVmb/records/ab6452011816440471a2e5f88156a3ce.zip"
},
{
  "url": "https://www.bing.com/images/create/portrait-photo-of-a-female-cat-dressed-in-modern-i/1-65801d9628064a9285d56bc23b37ba2b?id=pHuN3IZ9wOJQQqojO59O7A%3d%3d&view=detailv2&idpp=genimg&idpbck=1&form=BICREC",
  "urlHash": "4d5306c8e1cf203267d16771780d5563",
  "download": "https://api.apify.com/v2/key-value-stores/4RdxL7XxoibmzPVmb/records/4d5306c8e1cf203267d16771780d5563.zip"
},
{
  "url": "https://www.bing.com/images/create/portrait-photo-of-a-female-cat-dressed-in-modern-i/1-65801db3db01404f9b4b2b03c5025f20?id=6uYEnaCmgWM3XKHHix2%2f7A%3d%3d&view=detailv2&idpp=genimg&idpbck=1&form=BICREC",
  "urlHash": "cefa3cf04d186e55f1810f370bfc1ee7",
  "download": "https://api.apify.com/v2/key-value-stores/4RdxL7XxoibmzPVmb/records/cefa3cf04d186e55f1810f370bfc1ee7.zip"
},
{
  "url": "https://www.bing.com/images/create/portrait-photo-of-a-female-cat-dressed-in-modern-i/1-65801d9628064a9285d56bc23b37ba2b?id=qH3C%2bm3vzOVu4tg93bF3jQ%3d%3d&view=detailv2&idpp=genimg&idpbck=1&form=BICREC",
  "urlHash": "1542533928ff16fc8af964eb06752080",
  "download": "https://api.apify.com/v2/key-value-stores/4RdxL7XxoibmzPVmb/records/1542533928ff16fc8af964eb06752080.zip"
},
{
  "url": "https://www.bing.com/images/create/portrait-photo-of-a-female-cat-dressed-in-modern-i/1-65801d9628064a9285d56bc23b37ba2b?id=ibmFx6muWoafjLE7ps1HAg%3d%3d&view=detailv2&idpp=genimg&idpbck=1&form=BICREC",
  "urlHash": "90be78fc6ed4f1984fb75ce345c43a17",
  "download": "https://api.apify.com/v2/key-value-stores/4RdxL7XxoibmzPVmb/records/90be78fc6ed4f1984fb75ce345c43a17.zip"
},
{
  "url": "https://www.bing.com/images/create/portrait-photo-of-a-female-cat-dressed-in-modern-i/1-65801d9628064a9285d56bc23b37ba2b?id=RlcexFgFULDFPV7bH2PdSw%3d%3d&view=detailv2&idpp=genimg&idpbck=1&form=BICREC",
  "urlHash": "175a5022c3a11c37f8680a2a60652629",
  "download": "https://api.apify.com/v2/key-value-stores/4RdxL7XxoibmzPVmb/records/175a5022c3a11c37f8680a2a60652629.zip"
},
{
  "url": "https://www.bing.com/images/create/portrait-photo-of-a-female-cat-dressed-in-modern-i/1-65801d7d7194423eafd39c5628769296?id=3oS8Oh4jQ93n8J76g3pxmg%3d%3d&view=detailv2&idpp=genimg&idpbck=1&form=BICREC",
  "urlHash": "d2d722aedc7109267ad7969c19b5a6fc",
  "download": "https://api.apify.com/v2/key-value-stores/4RdxL7XxoibmzPVmb/records/d2d722aedc7109267ad7969c19b5a6fc.zip"
},
{
  "url": "https://www.bing.com/images/create/portrait-photo-of-a-female-cat-dressed-in-modern-i/1-65801d7d7194423eafd39c5628769296?id=xj2pvXcpon7BGjZh54Jt8Q%3d%3d&view=detailv2&idpp=genimg&idpbck=1&form=BICREC",
  "urlHash": "7afb819fbf786b9f9156374539f2b08c",
  "download": "https://api.apify.com/v2/key-value-stores/4RdxL7XxoibmzPVmb/records/7afb819fbf786b9f9156374539f2b08c.zip"
},
{
  "url": "https://www.bing.com/images/create/portrait-photo-of-a-female-cat-dressed-in-modern-i/1-65801d7d7194423eafd39c5628769296?id=NUO%2bPLF7k27LBYWsePJDAg%3d%3d&view=detailv2&idpp=genimg&idpbck=1&form=BICREC",
  "urlHash": "737e68a70014515ccce1288b9750926b",
  "download": "https://api.apify.com/v2/key-value-stores/4RdxL7XxoibmzPVmb/records/737e68a70014515ccce1288b9750926b.zip"
},
{
  "url": "https://www.bing.com/images/create/portrait-photo-of-a-female-cat-dressed-in-modern-i/1-65801d7d7194423eafd39c5628769296?id=9EogRo6DJ79W0UlaZ2Hfmg%3d%3d&view=detailv2&idpp=genimg&idpbck=1&form=BICREC",
  "urlHash": "80928ef20d504a6266bf2aa76e05fe6b",
  "download": "https://api.apify.com/v2/key-value-stores/4RdxL7XxoibmzPVmb/records/80928ef20d504a6266bf2aa76e05fe6b.zip"
},
{
  "url": "https://www.bing.com/images/create/portrait-photo-of-a-female-cat-dressed-in-modern-i/1-65801d62029443bea200f603066d2b3e?id=gGRY6IONxz0%2fFdsPW9jIUw%3d%3d&view=detailv2&idpp=genimg&idpbck=1&form=BICREC",
  "urlHash": "8e265390aa0654994e8b6d7bad580eee",
  "download": "https://api.apify.com/v2/key-value-stores/4RdxL7XxoibmzPVmb/records/8e265390aa0654994e8b6d7bad580eee.zip"
},
{
  "url": "https://www.bing.com/images/create/portrait-photo-of-a-female-cat-dressed-in-modern-i/1-65801d62029443bea200f603066d2b3e?id=LUPk1Xa%2fmku%2fEyQ46hykSg%3d%3d&view=detailv2&idpp=genimg&idpbck=1&form=BICREC",
  "urlHash": "70f9ed50052ac8d550030ba2f0ee2126",
  "download": "https://api.apify.com/v2/key-value-stores/4RdxL7XxoibmzPVmb/records/70f9ed50052ac8d550030ba2f0ee2126.zip"
},
{
  "url": "https://www.bing.com/images/create/portrait-photo-of-a-female-cat-dressed-in-modern-i/1-65801e43f03741f38629b300d1012cd9?id=6Teqgfb3TjCmJ6JnKGBc2Q%3d%3d&view=detailv2&idpp=genimg&idpbck=1&form=BICREC",
  "urlHash": "4b11438ccf7f400f1320a6a267bfef4f",
  "download": "https://api.apify.com/v2/key-value-stores/4RdxL7XxoibmzPVmb/records/4b11438ccf7f400f1320a6a267bfef4f.zip"
},
{
  "url": "https://www.bing.com/images/create/portrait-photo-of-a-female-cat-dressed-in-modern-i/1-65801d62029443bea200f603066d2b3e?id=X5KbNcmOR3Bl%2ftRShML6MA%3d%3d&view=detailv2&idpp=genimg&idpbck=1&form=BICREC",
  "urlHash": "511f91737667f7ba5c3c2f0a05edd5f2",
  "download": "https://api.apify.com/v2/key-value-stores/4RdxL7XxoibmzPVmb/records/511f91737667f7ba5c3c2f0a05edd5f2.zip"
},
{
  "url": "https://www.bing.com/images/create/portrait-photo-of-a-female-cat-dressed-in-modern-i/1-65801e43f03741f38629b300d1012cd9?id=KwHyU%2b7J5wRK0pQ8qsxJew%3d%3d&view=detailv2&idpp=genimg&idpbck=1&form=BICREC",
  "urlHash": "41572f784236eff9be4e14733e0a989a",
  "download": "https://api.apify.com/v2/key-value-stores/4RdxL7XxoibmzPVmb/records/41572f784236eff9be4e14733e0a989a.zip"
},
{
  "url": "https://www.bing.com/images/create/portrait-photo-of-a-female-cat-dressed-in-modern-i/1-65801d62029443bea200f603066d2b3e?id=oG3htSOu7IXuCWckSidtXw%3d%3d&view=detailv2&idpp=genimg&idpbck=1&form=BICREC",
  "urlHash": "4c8ce62765ea3088bd39b0003f3e115a",
  "download": "https://api.apify.com/v2/key-value-stores/4RdxL7XxoibmzPVmb/records/4c8ce62765ea3088bd39b0003f3e115a.zip"
},
{
  "url": "https://www.bing.com/images/create/portrait-photo-of-a-female-cat-dressed-in-modern-i/1-65801e43f03741f38629b300d1012cd9?id=0DgDyWHCv6Qb%2bfvZhzHLJA%3d%3d&view=detailv2&idpp=genimg&idpbck=1&form=BICREC",
  "urlHash": "d3dfc7c932ba3fcc09a599ae81231610",
  "download": "https://api.apify.com/v2/key-value-stores/4RdxL7XxoibmzPVmb/records/d3dfc7c932ba3fcc09a599ae81231610.zip"
},
{
  "url": "https://www.bing.com/images/create/portrait-photo-of-a-female-cat-dressed-in-modern-i/1-65801e2d8fbb4ff19286936f46fbde96?id=nVAx6tC%2f19XaIHYKLLcNbg%3d%3d&view=detailv2&idpp=genimg&idpbck=1&form=BICREC",
  "urlHash": "9910c11982a465eaf6ae067b039a1c85",
  "download": "https://api.apify.com/v2/key-value-stores/4RdxL7XxoibmzPVmb/records/9910c11982a465eaf6ae067b039a1c85.zip"
},
{
  "url": "https://www.bing.com/images/create/portrait-photo-of-a-female-cat-dressed-in-modern-i/1-65801e43f03741f38629b300d1012cd9?id=xqo2T6TwjCy%2fJ8eVYMvDPA%3d%3d&view=detailv2&idpp=genimg&idpbck=1&form=BICREC",
  "urlHash": "b8ad584eefdd2bb702817f79c148e50b",
  "download": "https://api.apify.com/v2/key-value-stores/4RdxL7XxoibmzPVmb/records/b8ad584eefdd2bb702817f79c148e50b.zip"
},
{
  "url": "https://www.bing.com/images/create/portrait-photo-of-a-female-cat-dressed-in-modern-i/1-65801e2d8fbb4ff19286936f46fbde96?id=PREg9%2bzPPAogVHoM%2ffCh%2fA%3d%3d&view=detailv2&idpp=genimg&idpbck=1&form=BICREC",
  "urlHash": "eceeb7baad1a63c029f21f8d0396a56b",
  "download": "https://api.apify.com/v2/key-value-stores/4RdxL7XxoibmzPVmb/records/eceeb7baad1a63c029f21f8d0396a56b.zip"
},
{
  "url": "https://www.bing.com/images/create/portrait-photo-of-a-female-cat-dressed-in-modern-i/1-65801e2d8fbb4ff19286936f46fbde96?id=2Jku2rybOS274z0KE3B9XA%3d%3d&view=detailv2&idpp=genimg&idpbck=1&form=BICREC",
  "urlHash": "e8ac1b631a1f55295e0cb55cbc788e65",
  "download": "https://api.apify.com/v2/key-value-stores/4RdxL7XxoibmzPVmb/records/e8ac1b631a1f55295e0cb55cbc788e65.zip"
},
{
  "url": "https://www.bing.com/images/create/portrait-photo-of-a-female-cat-dressed-in-modern-i/1-65801e2d8fbb4ff19286936f46fbde96?id=DDpOf9qKdoYOGUwdxsRM4w%3d%3d&view=detailv2&idpp=genimg&idpbck=1&form=BICREC",
  "urlHash": "10180dace11a590ca91ded787d530e93",
  "download": "https://api.apify.com/v2/key-value-stores/4RdxL7XxoibmzPVmb/records/10180dace11a590ca91ded787d530e93.zip"
},
{
  "url": "https://www.bing.com/images/create/portrait-photo-of-a-female-cat-dressed-in-modern-i/1-65801e0a7e584c2baf1494e879a9ff7f?id=4BgeEA1fw7GYOLCZ74G6PQ%3d%3d&view=detailv2&idpp=genimg&idpbck=1&form=BICREC",
  "urlHash": "1e13a19bf90b4460282564bab3ab3659",
  "download": "https://api.apify.com/v2/key-value-stores/4RdxL7XxoibmzPVmb/records/1e13a19bf90b4460282564bab3ab3659.zip"
},
{
  "url": "https://www.bing.com/images/create/portrait-photo-of-a-female-cat-dressed-in-modern-i/1-65801e0a7e584c2baf1494e879a9ff7f?id=%2fdhUlIC6qQpTR%2fG8U%2fpKAw%3d%3d&view=detailv2&idpp=genimg&idpbck=1&form=BICREC",
  "urlHash": "0850158159822bc282361b4eb18dce0e",
  "download": "https://api.apify.com/v2/key-value-stores/4RdxL7XxoibmzPVmb/records/0850158159822bc282361b4eb18dce0e.zip"
},
{
  "url": "https://www.bing.com/images/create/portrait-photo-of-a-female-cat-dressed-in-modern-i/1-65801e0a7e584c2baf1494e879a9ff7f?id=2fkBK5OlBv9JYNd9ats8YA%3d%3d&view=detailv2&idpp=genimg&idpbck=1&form=BICREC",
  "urlHash": "e4c6b95c91af931a42f317a31c126aea",
  "download": "https://api.apify.com/v2/key-value-stores/4RdxL7XxoibmzPVmb/records/e4c6b95c91af931a42f317a31c126aea.zip"
},
{
  "url": "https://www.bing.com/images/create/portrait-photo-of-a-female-cat-dressed-in-modern-i/1-65801dcfd5d34de0a960cef7358310bf?id=N2I%2feUKyOb09%2fuDamHOQzg%3d%3d&view=detailv2&idpp=genimg&idpbck=1&form=BICREC",
  "urlHash": "33b84e771f8b0aef71b299e10b06b219",
  "download": "https://api.apify.com/v2/key-value-stores/4RdxL7XxoibmzPVmb/records/33b84e771f8b0aef71b299e10b06b219.zip"
},
{
  "url": "https://www.bing.com/images/create/portrait-photo-of-a-female-cat-dressed-in-modern-i/1-65801e0a7e584c2baf1494e879a9ff7f?id=2W1inN3C056QhMBOM9jZQQ%3d%3d&view=detailv2&idpp=genimg&idpbck=1&form=BICREC",
  "urlHash": "176797c4003d0afa3c9507ab0b93d58e",
  "download": "https://api.apify.com/v2/key-value-stores/4RdxL7XxoibmzPVmb/records/176797c4003d0afa3c9507ab0b93d58e.zip"
},
{
  "url": "https://www.bing.com/images/create/portrait-photo-of-a-female-cat-dressed-in-modern-i/1-65801dcfd5d34de0a960cef7358310bf?id=wqeXHhH2rOJDoZnGuwZskQ%3d%3d&view=detailv2&idpp=genimg&idpbck=1&form=BICREC",
  "urlHash": "8b9c390a505f10e66c155561d13d585f",
  "download": "https://api.apify.com/v2/key-value-stores/4RdxL7XxoibmzPVmb/records/8b9c390a505f10e66c155561d13d585f.zip"
},
{
  "url": "https://www.bing.com/images/create/portrait-photo-of-a-female-cat-dressed-in-modern-i/1-65801dcfd5d34de0a960cef7358310bf?id=3x4ByPmfcuaFhRiDxL4S2w%3d%3d&view=detailv2&idpp=genimg&idpbck=1&form=BICREC",
  "urlHash": "e36e06d9bd33b2011124201293a38493",
  "download": "https://api.apify.com/v2/key-value-stores/4RdxL7XxoibmzPVmb/records/e36e06d9bd33b2011124201293a38493.zip"
},
{
  "url": "https://www.bing.com/images/create/portrait-photo-of-a-female-cat-dressed-in-modern-i/1-65801dcfd5d34de0a960cef7358310bf?id=GT7K5Ilhn0V%2fNZJUcouYZw%3d%3d&view=detailv2&idpp=genimg&idpbck=1&form=BICREC",
  "urlHash": "9975a3357c92773d8e39c778d02f9baf",
  "download": "https://api.apify.com/v2/key-value-stores/4RdxL7XxoibmzPVmb/records/9975a3357c92773d8e39c778d02f9baf.zip"
},
{
  "url": "https://www.bing.com/images/create/portrait-photo-of-a-female-cat-dressed-in-modern-i/1-65801c39f72e40d3a99dab00a2fa568d?id=ebTX%2fljlLy%2b3xbWqdkdr1g%3d%3d&view=detailv2&idpp=genimg&idpbck=1&form=BICREC",
  "urlHash": "54a899db0b973dc172fad104720f088d",
  "download": "https://api.apify.com/v2/key-value-stores/4RdxL7XxoibmzPVmb/records/54a899db0b973dc172fad104720f088d.zip"
},
{
  "url": "https://www.bing.com/images/create/portrait-photo-of-a-female-cat-dressed-in-modern-i/1-65801c39f72e40d3a99dab00a2fa568d?id=i%2fKbyOZblC1EJimjim3q3A%3d%3d&view=detailv2&idpp=genimg&idpbck=1&form=BICREC",
  "urlHash": "4ffb2d814521a91c7222f61367082962",
  "download": "https://api.apify.com/v2/key-value-stores/4RdxL7XxoibmzPVmb/records/4ffb2d814521a91c7222f61367082962.zip"
},
{
  "url": "https://www.bing.com/images/create/portrait-photo-of-a-female-cat-dressed-in-modern-i/1-65801c39f72e40d3a99dab00a2fa568d?id=e1la%2bP38s%2ftR%2fD36fToGHQ%3d%3d&view=detailv2&idpp=genimg&idpbck=1&form=BICREC",
  "urlHash": "87004489393b64495c8310f5aa78f91e",
  "download": "https://api.apify.com/v2/key-value-stores/4RdxL7XxoibmzPVmb/records/87004489393b64495c8310f5aa78f91e.zip"
},
{
  "url": "https://www.bing.com/images/create/portrait-photo-of-a-female-cat-dressed-in-modern-i/1-65801c39f72e40d3a99dab00a2fa568d?id=Sh9jx7SLBH7JqYMosHK%2bEA%3d%3d&view=detailv2&idpp=genimg&idpbck=1&form=BICREC",
  "urlHash": "9b2e0a7d6e639d9d06c62367a6c7d9b8",
  "download": "https://api.apify.com/v2/key-value-stores/4RdxL7XxoibmzPVmb/records/9b2e0a7d6e639d9d06c62367a6c7d9b8.zip"
},
{
  "url": "https://www.bing.com/images/create/portrait-photo-of-a-female-cat-dressed-in-modern-i/1-65801c0a9b3b4950aa5e4bfe1ad9aff9?id=Rqr9wf%2fespnu6TVCmcIdWw%3d%3d&view=detailv2&idpp=genimg&idpbck=1&form=BICREC",
  "urlHash": "9a855aa5bfdb53693f9204c4f8e85f01",
  "download": "https://api.apify.com/v2/key-value-stores/4RdxL7XxoibmzPVmb/records/9a855aa5bfdb53693f9204c4f8e85f01.zip"
},
{
  "url": "https://www.bing.com/images/create/portrait-photo-of-a-female-cat-dressed-in-modern-i/1-65801c0a9b3b4950aa5e4bfe1ad9aff9?id=ITHC3D3IvpgeiNRZlU2aXg%3d%3d&view=detailv2&idpp=genimg&idpbck=1&form=BICREC",
  "urlHash": "8c53c951ad7b24347d921b94a05596af",
  "download": "https://api.apify.com/v2/key-value-stores/4RdxL7XxoibmzPVmb/records/8c53c951ad7b24347d921b94a05596af.zip"
},
{
  "url": "https://www.bing.com/images/create/portrait-photo-of-a-female-cat-dressed-in-modern-i/1-65801c0a9b3b4950aa5e4bfe1ad9aff9?id=fsJr2X4R%2fc1kcHzRxcXErA%3d%3d&view=detailv2&idpp=genimg&idpbck=1&form=BICREC",
  "urlHash": "51b647ba07b79d874ace1421c473b9af",
  "download": "https://api.apify.com/v2/key-value-stores/4RdxL7XxoibmzPVmb/records/51b647ba07b79d874ace1421c473b9af.zip"
},
{
  "url": "https://www.bing.com/images/create/portrait-photo-of-a-female-cat-dressed-in-modern-i/1-65801becb3fc44e5b4652a15095587dc?id=9FkZWeP4luCNb6YQElS5aA%3d%3d&view=detailv2&idpp=genimg&idpbck=1&form=BICREC",
  "urlHash": "97ca87f9faafc179ac2b2822952eba12",
  "download": "https://api.apify.com/v2/key-value-stores/4RdxL7XxoibmzPVmb/records/97ca87f9faafc179ac2b2822952eba12.zip"
},
{
  "url": "https://www.bing.com/images/create/portrait-photo-of-a-female-cat-dressed-in-modern-i/1-65801becb3fc44e5b4652a15095587dc?id=InpDvC6WbdxtEEy0WpMjqQ%3d%3d&view=detailv2&idpp=genimg&idpbck=1&form=BICREC",
  "urlHash": "d8559484fdffd8774528011ff6092e93",
  "download": "https://api.apify.com/v2/key-value-stores/4RdxL7XxoibmzPVmb/records/d8559484fdffd8774528011ff6092e93.zip"
},
{
  "url": "https://www.bing.com/images/create/portrait-photo-of-a-female-cat-dressed-in-modern-i/1-65801c0a9b3b4950aa5e4bfe1ad9aff9?id=RXwVrfLAc2kbdbgqAd83SA%3d%3d&view=detailv2&idpp=genimg&idpbck=1&form=BICREC",
  "urlHash": "27ba1d77175ec6cad76ad1a5dab5f85b",
  "download": "https://api.apify.com/v2/key-value-stores/4RdxL7XxoibmzPVmb/records/27ba1d77175ec6cad76ad1a5dab5f85b.zip"
},
{
  "url": "https://www.bing.com/images/create/portrait-photo-of-a-female-cat-dressed-in-modern-i/1-65801becb3fc44e5b4652a15095587dc?id=Yfp4vtI3ABTD5S0Zl94hcw%3d%3d&view=detailv2&idpp=genimg&idpbck=1&form=BICREC",
  "urlHash": "13d257a205b3274c111eaef10f075fd0",
  "download": "https://api.apify.com/v2/key-value-stores/4RdxL7XxoibmzPVmb/records/13d257a205b3274c111eaef10f075fd0.zip"
},
{
  "url": "https://www.bing.com/images/create/portrait-photo-of-a-female-cat-dressed-in-modern-i/1-65801becb3fc44e5b4652a15095587dc?id=T08fNMmshiyYn%2fiX63XVRA%3d%3d&view=detailv2&idpp=genimg&idpbck=1&form=BICREC",
  "urlHash": "8404de26168447d8c4ca27bdcbb9d46c",
  "download": "https://api.apify.com/v2/key-value-stores/4RdxL7XxoibmzPVmb/records/8404de26168447d8c4ca27bdcbb9d46c.zip"
},
{
  "url": "https://www.bing.com/images/create/portrait-photo-of-a-female-cat-dressed-in-modern-i/1-65801bcaaf08423480568cdcdc70c5cd?id=SRFmCMcawm7%2brhY%2fX4AdYw%3d%3d&view=detailv2&idpp=genimg&idpbck=1&form=BICREC",
  "urlHash": "75ab80a7ec74f587ed309d07e76825c7",
  "download": "https://api.apify.com/v2/key-value-stores/4RdxL7XxoibmzPVmb/records/75ab80a7ec74f587ed309d07e76825c7.zip"
},
{
  "url": "https://www.bing.com/images/create/portrait-photo-of-a-female-cat-dressed-in-modern-i/1-65801bcaaf08423480568cdcdc70c5cd?id=g9XYxLwXHSk%2f6UB7Vd5scQ%3d%3d&view=detailv2&idpp=genimg&idpbck=1&form=BICREC",
  "urlHash": "980951020fd9cd385f8e2f515b17a371",
  "download": "https://api.apify.com/v2/key-value-stores/4RdxL7XxoibmzPVmb/records/980951020fd9cd385f8e2f515b17a371.zip"
},
{
  "url": "https://www.bing.com/images/create/portrait-photo-of-a-female-cat-dressed-in-modern-i/1-65801d415f044988bc0f844fedbc5a43?id=%2bmaiAzLTdlYfZ0OYBZy2qA%3d%3d&view=detailv2&idpp=genimg&idpbck=1&form=BICREC",
  "urlHash": "52e2da58af4b0cca5ea3c3b1e845549c",
  "download": "https://api.apify.com/v2/key-value-stores/4RdxL7XxoibmzPVmb/records/52e2da58af4b0cca5ea3c3b1e845549c.zip"
},
{
  "url": "https://www.bing.com/images/create/portrait-photo-of-a-female-cat-dressed-in-modern-i/1-65801d415f044988bc0f844fedbc5a43?id=HwmKpLkVTWJ2bu0Fw0rKTQ%3d%3d&view=detailv2&idpp=genimg&idpbck=1&form=BICREC",
  "urlHash": "aaebbeb635e6c45881296141805752d8",
  "download": "https://api.apify.com/v2/key-value-stores/4RdxL7XxoibmzPVmb/records/aaebbeb635e6c45881296141805752d8.zip"
},
{
  "url": "https://www.bing.com/images/create/portrait-photo-of-a-female-cat-dressed-in-modern-i/1-65801bcaaf08423480568cdcdc70c5cd?id=ioY4x5VKfhziGizqekSrKg%3d%3d&view=detailv2&idpp=genimg&idpbck=1&form=BICREC",
  "urlHash": "c8c31c011c81ac7b99abc9caeea1361b",
  "download": "https://api.apify.com/v2/key-value-stores/4RdxL7XxoibmzPVmb/records/c8c31c011c81ac7b99abc9caeea1361b.zip"
},
{
  "url": "https://www.bing.com/images/create/portrait-photo-of-a-female-cat-dressed-in-modern-i/1-65801bcaaf08423480568cdcdc70c5cd?id=jjTLUpR5KNZBUyNgQIybTg%3d%3d&view=detailv2&idpp=genimg&idpbck=1&form=BICREC",
  "urlHash": "6a7ecd5c9c5e3cfc30e103b6f2f2516f",
  "download": "https://api.apify.com/v2/key-value-stores/4RdxL7XxoibmzPVmb/records/6a7ecd5c9c5e3cfc30e103b6f2f2516f.zip"
},
{
  "url": "https://www.bing.com/images/create/portrait-photo-of-a-female-cat-dressed-in-modern-i/1-65801d415f044988bc0f844fedbc5a43?id=OBGb%2bD0rWGeCZSoRwRAhLQ%3d%3d&view=detailv2&idpp=genimg&idpbck=1&form=BICREC",
  "urlHash": "2f38cb3d096ada572f51d2bb782c5701",
  "download": "https://api.apify.com/v2/key-value-stores/4RdxL7XxoibmzPVmb/records/2f38cb3d096ada572f51d2bb782c5701.zip"
},
{
  "url": "https://www.bing.com/images/create/portrait-photo-of-a-female-cat-dressed-in-modern-i/1-65801d415f044988bc0f844fedbc5a43?id=kRbiXl%2b1WYR%2bTLyXV4k6iw%3d%3d&view=detailv2&idpp=genimg&idpbck=1&form=BICREC",
  "urlHash": "855eb8360ea4ba50503392f12cb24c05",
  "download": "https://api.apify.com/v2/key-value-stores/4RdxL7XxoibmzPVmb/records/855eb8360ea4ba50503392f12cb24c05.zip"
},
{
  "url": "https://www.bing.com/images/create/portrait-photo-of-a-female-cat-dressed-in-modern-i/1-65801d1a3f2f4dc2829a388c9ff29f8e?id=Y%2fJDGLGylF%2bbYuWQBU8mDQ%3d%3d&view=detailv2&idpp=genimg&idpbck=1&form=BICREC",
  "urlHash": "9550b1ad503e275a7ca49254966f313e",
  "download": "https://api.apify.com/v2/key-value-stores/4RdxL7XxoibmzPVmb/records/9550b1ad503e275a7ca49254966f313e.zip"
},
{
  "url": "https://www.bing.com/images/create/portrait-photo-of-a-female-cat-dressed-in-modern-i/1-65801d1a3f2f4dc2829a388c9ff29f8e?id=I7kRwfS1HiPUaRk%2f0Ub1YA%3d%3d&view=detailv2&idpp=genimg&idpbck=1&form=BICREC",
  "urlHash": "9ea2abcca048a75e95e4fba2b14d7c85",
  "download": "https://api.apify.com/v2/key-value-stores/4RdxL7XxoibmzPVmb/records/9ea2abcca048a75e95e4fba2b14d7c85.zip"
},
{
  "url": "https://www.bing.com/images/create/portrait-photo-of-a-female-cat-dressed-in-modern-i/1-65801d1a3f2f4dc2829a388c9ff29f8e?id=7aJ56WHCW8K18%2frE8tfcFA%3d%3d&view=detailv2&idpp=genimg&idpbck=1&form=BICREC",
  "urlHash": "42e0b1d7055c04b426effc3021f1a14e",
  "download": "https://api.apify.com/v2/key-value-stores/4RdxL7XxoibmzPVmb/records/42e0b1d7055c04b426effc3021f1a14e.zip"
},
{
  "url": "https://www.bing.com/images/create/portrait-photo-of-a-female-cat-dressed-in-modern-i/1-65801d0241f5474887f2535e143fac02?id=kD8sKp%2fNs1PsDaPHCsZSzQ%3d%3d&view=detailv2&idpp=genimg&idpbck=1&form=BICREC",
  "urlHash": "b08cd4619cc6d64944930a40c83f9f42",
  "download": "https://api.apify.com/v2/key-value-stores/4RdxL7XxoibmzPVmb/records/b08cd4619cc6d64944930a40c83f9f42.zip"
},
{
  "url": "https://www.bing.com/images/create/portrait-photo-of-a-female-cat-dressed-in-modern-i/1-65801d0241f5474887f2535e143fac02?id=1L97INbefiplVbIaQaHb1g%3d%3d&view=detailv2&idpp=genimg&idpbck=1&form=BICREC",
  "urlHash": "1baeef4bbee3a854ffa90d2f7d562823",
  "download": "https://api.apify.com/v2/key-value-stores/4RdxL7XxoibmzPVmb/records/1baeef4bbee3a854ffa90d2f7d562823.zip"
},
{
  "url": "https://www.bing.com/images/create/portrait-photo-of-a-female-cat-dressed-in-modern-i/1-65801d0241f5474887f2535e143fac02?id=H979SWTJ5LmtJ6UXofhFuw%3d%3d&view=detailv2&idpp=genimg&idpbck=1&form=BICREC",
  "urlHash": "fada6c2b64ed1d8736343d8736f28c7a",
  "download": "https://api.apify.com/v2/key-value-stores/4RdxL7XxoibmzPVmb/records/fada6c2b64ed1d8736343d8736f28c7a.zip"
},
{
  "url": "https://www.bing.com/images/create/portrait-photo-of-a-female-cat-dressed-in-modern-i/1-65801d1a3f2f4dc2829a388c9ff29f8e?id=oqx5O3cZo5F0TptWzuZjXg%3d%3d&view=detailv2&idpp=genimg&idpbck=1&form=BICREC",
  "urlHash": "e27d2cc536c6fc209a644badacf07ee6",
  "download": "https://api.apify.com/v2/key-value-stores/4RdxL7XxoibmzPVmb/records/e27d2cc536c6fc209a644badacf07ee6.zip"
},
{
  "url": "https://www.bing.com/images/create/portrait-photo-of-a-female-cat-dressed-in-modern-i/1-65801d0241f5474887f2535e143fac02?id=menpVfPUaR8wqZ6ctg7lhA%3d%3d&view=detailv2&idpp=genimg&idpbck=1&form=BICREC",
  "urlHash": "d8e459ead189be3a4f9f805ffad29f41",
  "download": "https://api.apify.com/v2/key-value-stores/4RdxL7XxoibmzPVmb/records/d8e459ead189be3a4f9f805ffad29f41.zip"
},
{
  "url": "https://www.bing.com/images/create/portrait-photo-of-a-female-cat-dressed-in-modern-i/1-65801cdfaee74947abba4891abf425c8?id=EVOBiYp7LbwdBDQkwcHcWQ%3d%3d&view=detailv2&idpp=genimg&idpbck=1&form=BICREC",
  "urlHash": "7c39f13ba7d0a70df92cce7515ba2ca2",
  "download": "https://api.apify.com/v2/key-value-stores/4RdxL7XxoibmzPVmb/records/7c39f13ba7d0a70df92cce7515ba2ca2.zip"
},
{
  "url": "https://www.bing.com/images/create/portrait-photo-of-a-female-cat-dressed-in-modern-i/1-65801cdfaee74947abba4891abf425c8?id=%2bBRE%2fw96ljugCi3yO46uVA%3d%3d&view=detailv2&idpp=genimg&idpbck=1&form=BICREC",
  "urlHash": "1f315caa967fabfea7142fd5d63d7d16",
  "download": "https://api.apify.com/v2/key-value-stores/4RdxL7XxoibmzPVmb/records/1f315caa967fabfea7142fd5d63d7d16.zip"
},
{
  "url": "https://www.bing.com/images/create/portrait-photo-of-a-female-cat-dressed-in-modern-i/1-65801cdfaee74947abba4891abf425c8?id=3IibjoCzd5S6RV6T8Xx5ew%3d%3d&view=detailv2&idpp=genimg&idpbck=1&form=BICREC",
  "urlHash": "71ae884696881351ec83a8a72384fee3",
  "download": "https://api.apify.com/v2/key-value-stores/4RdxL7XxoibmzPVmb/records/71ae884696881351ec83a8a72384fee3.zip"
},
{
  "url": "https://www.bing.com/images/create/portrait-photo-of-a-female-cat-dressed-in-modern-i/1-65801cdfaee74947abba4891abf425c8?id=ec6RAHIvCksnWNBsKrUrxg%3d%3d&view=detailv2&idpp=genimg&idpbck=1&form=BICREC",
  "urlHash": "3bb05bc97465183afa30ec39b31b2c92",
  "download": "https://api.apify.com/v2/key-value-stores/4RdxL7XxoibmzPVmb/records/3bb05bc97465183afa30ec39b31b2c92.zip"
},
{
  "url": "https://www.bing.com/images/create/portrait-photo-of-a-female-dog-dressed-in-modern-i/1-657d44713a31450cb97e374bf8aa80c9?id=uYjNQgK2QQh%2f0vgKpDmiEg%3d%3d&view=detailv2&idpp=genimg&idpbck=1&form=BICREC",
  "urlHash": "0ca8195a4393d59f889daf85db4955d1",
  "download": "https://api.apify.com/v2/key-value-stores/4RdxL7XxoibmzPVmb/records/0ca8195a4393d59f889daf85db4955d1.zip"
},
{
  "url": "https://www.bing.com/images/create/portrait-photo-of-a-female-dog-dressed-in-modern-i/1-657d44713a31450cb97e374bf8aa80c9?id=9T5yqLK2WMWxkbR5HgnM6w%3d%3d&view=detailv2&idpp=genimg&idpbck=1&form=BICREC",
  "urlHash": "4a9c3c1f378fef2bade66b985e055a08",
  "download": "https://api.apify.com/v2/key-value-stores/4RdxL7XxoibmzPVmb/records/4a9c3c1f378fef2bade66b985e055a08.zip"
},
{
  "url": "https://www.bing.com/images/create/portrait-photo-of-a-female-dog-dressed-in-modern-i/1-657d44713a31450cb97e374bf8aa80c9?id=E6AOvwjBQ%2bljxZ6J%2bhuG7A%3d%3d&view=detailv2&idpp=genimg&idpbck=1&form=BICREC",
  "urlHash": "35b66fe3c036c253b4872dc4db5f7d79",
  "download": "https://api.apify.com/v2/key-value-stores/4RdxL7XxoibmzPVmb/records/35b66fe3c036c253b4872dc4db5f7d79.zip"
},
{
  "url": "https://www.bing.com/images/create/portrait-photo-of-a-female-dog-dressed-in-modern-i/1-657d44713a31450cb97e374bf8aa80c9?id=T8JVBBfO8TUWeqI9qYlLNQ%3d%3d&view=detailv2&idpp=genimg&idpbck=1&form=BICREC",
  "urlHash": "0911341454fa02c39981e424ddf10d9a",
  "download": "https://api.apify.com/v2/key-value-stores/4RdxL7XxoibmzPVmb/records/0911341454fa02c39981e424ddf10d9a.zip"
},
{
  "url": "https://www.bing.com/images/create/portrait-photo-of-a-female-dog-dressed-in-modern-i/1-657d4456ea354a5ab60a197d401dae95?id=mFhTeEuOj%2fTcSjni%2bR4fCw%3d%3d&view=detailv2&idpp=genimg&idpbck=1&form=BICREC",
  "urlHash": "18c1d8e3e6f94c0297dc1f416f1c1583",
  "download": "https://api.apify.com/v2/key-value-stores/4RdxL7XxoibmzPVmb/records/18c1d8e3e6f94c0297dc1f416f1c1583.zip"
},
{
  "url": "https://www.bing.com/images/create/portrait-photo-of-a-female-dog-dressed-in-modern-i/1-657d4456ea354a5ab60a197d401dae95?id=8CTKjHnuLjAAuRNC7kmxtQ%3d%3d&view=detailv2&idpp=genimg&idpbck=1&form=BICREC",
  "urlHash": "60acca94c0e2cd32b4194a16af289e47",
  "download": "https://api.apify.com/v2/key-value-stores/4RdxL7XxoibmzPVmb/records/60acca94c0e2cd32b4194a16af289e47.zip"
},
{
  "url": "https://www.bing.com/images/create/portrait-photo-of-a-female-dog-dressed-in-modern-i/1-657d4456ea354a5ab60a197d401dae95?id=2ymjlC%2fGId%2bnJLDlluPaNw%3d%3d&view=detailv2&idpp=genimg&idpbck=1&form=BICREC",
  "urlHash": "22b4cf47f04e1614f2517c895355963e",
  "download": "https://api.apify.com/v2/key-value-stores/4RdxL7XxoibmzPVmb/records/22b4cf47f04e1614f2517c895355963e.zip"
},
{
  "url": "https://www.bing.com/images/create/portrait-photo-of-a-female-dog-dressed-in-modern-i/1-657d4456ea354a5ab60a197d401dae95?id=02QTGmCNobZPWLYqDr%2bFHw%3d%3d&view=detailv2&idpp=genimg&idpbck=1&form=BICREC",
  "urlHash": "98ba9fb9321e165ce6797f35c6155c8e",
  "download": "https://api.apify.com/v2/key-value-stores/4RdxL7XxoibmzPVmb/records/98ba9fb9321e165ce6797f35c6155c8e.zip"
},
{
  "url": "https://www.bing.com/images/create/portrait-photo-of-a-female-dog-dressed-in-modern-i/1-657d44124be74acab3277e28ef65737c?id=H%2fWkNtGmLIlgIdxJ%2fdFRRQ%3d%3d&view=detailv2&idpp=genimg&idpbck=1&form=BICREC",
  "urlHash": "ae791b26deef0bcd3deef2643f38665e",
  "download": "https://api.apify.com/v2/key-value-stores/4RdxL7XxoibmzPVmb/records/ae791b26deef0bcd3deef2643f38665e.zip"
},
{
  "url": "https://www.bing.com/images/create/portrait-photo-of-a-female-dog-dressed-in-modern-i/1-657d44124be74acab3277e28ef65737c?id=X%2bdUfyIdAwS7bCz3mlRjMQ%3d%3d&view=detailv2&idpp=genimg&idpbck=1&form=BICREC",
  "urlHash": "4b2fbd7d47ada72b23430df2c0ab41a3",
  "download": "https://api.apify.com/v2/key-value-stores/4RdxL7XxoibmzPVmb/records/4b2fbd7d47ada72b23430df2c0ab41a3.zip"
},
{
  "url": "https://www.bing.com/images/create/portrait-photo-of-a-female-dog-dressed-in-modern-i/1-657d44124be74acab3277e28ef65737c?id=HvBtl0a%2fzIZIZG0Si5d62Q%3d%3d&view=detailv2&idpp=genimg&idpbck=1&form=BICREC",
  "urlHash": "5f0eb28a6a6c7e732ad6fb345d98e2b8",
  "download": "https://api.apify.com/v2/key-value-stores/4RdxL7XxoibmzPVmb/records/5f0eb28a6a6c7e732ad6fb345d98e2b8.zip"
},
{
  "url": "https://www.bing.com/images/create/portrait-photo-of-a-female-dog-dressed-in-modern-i/1-657d44124be74acab3277e28ef65737c?id=zR2pij801QO4LmYtU0C3JQ%3d%3d&view=detailv2&idpp=genimg&idpbck=1&form=BICREC",
  "urlHash": "de1e6cca06033b75765bcf94099ca85c",
  "download": "https://api.apify.com/v2/key-value-stores/4RdxL7XxoibmzPVmb/records/de1e6cca06033b75765bcf94099ca85c.zip"
},
{
  "url": "https://www.bing.com/images/create/portrait-photo-of-a-female-dog-dressed-in-modern-i/1-657d43faa984471aa0e8ba6bbdc0fafb?id=Ipgn84LRVTrFG6FFEdAV%2bQ%3d%3d&view=detailv2&idpp=genimg&idpbck=1&form=BICREC",
  "urlHash": "5447c5981f003a7999342fdaec75fce0",
  "download": "https://api.apify.com/v2/key-value-stores/4RdxL7XxoibmzPVmb/records/5447c5981f003a7999342fdaec75fce0.zip"
},
{
  "url": "https://www.bing.com/images/create/portrait-photo-of-a-female-dog-dressed-in-modern-i/1-657d43faa984471aa0e8ba6bbdc0fafb?id=x3PotuJ0C5gjfkGU0WTutg%3d%3d&view=detailv2&idpp=genimg&idpbck=1&form=BICREC",
  "urlHash": "e0b729f31b86aa4cede6f6a199466ca9",
  "download": "https://api.apify.com/v2/key-value-stores/4RdxL7XxoibmzPVmb/records/e0b729f31b86aa4cede6f6a199466ca9.zip"
},
{
  "url": "https://www.bing.com/images/create/portrait-photo-of-a-female-dog-dressed-in-modern-i/1-657d43faa984471aa0e8ba6bbdc0fafb?id=6kbi3S14mum%2boBrWYQaChw%3d%3d&view=detailv2&idpp=genimg&idpbck=1&form=BICREC",
  "urlHash": "442b5bc2c1fe1f96aad51f5fd70c37af",
  "download": "https://api.apify.com/v2/key-value-stores/4RdxL7XxoibmzPVmb/records/442b5bc2c1fe1f96aad51f5fd70c37af.zip"
},
{
  "url": "https://www.bing.com/images/create/portrait-photo-of-a-female-dog-dressed-in-modern-i/1-657d43faa984471aa0e8ba6bbdc0fafb?id=HDF1Yf3hJFIUrCjKHV1zlQ%3d%3d&view=detailv2&idpp=genimg&idpbck=1&form=BICREC",
  "urlHash": "b2534cecfcf1cfdd4d8c0e76ad7fb30b",
  "download": "https://api.apify.com/v2/key-value-stores/4RdxL7XxoibmzPVmb/records/b2534cecfcf1cfdd4d8c0e76ad7fb30b.zip"
},
{
  "url": "https://www.bing.com/images/create/portrait-photo-of-a-female-dog-dressed-in-modern-i/1-657d433d9a4e482aadb1769b9d1a63ef?id=%2bkTh3cwczq4d2Byi2H87hQ%3d%3d&view=detailv2&idpp=genimg&idpbck=1&form=BICREC",
  "urlHash": "2ebc914dd072a74fca45bf81ded0d4b5",
  "download": "https://api.apify.com/v2/key-value-stores/4RdxL7XxoibmzPVmb/records/2ebc914dd072a74fca45bf81ded0d4b5.zip"
},
{
  "url": "https://www.bing.com/images/create/portrait-photo-of-a-female-dog-dressed-in-modern-i/1-657d433d9a4e482aadb1769b9d1a63ef?id=Q9LzSu1%2bZFPEaa6eOo%2b75g%3d%3d&view=detailv2&idpp=genimg&idpbck=1&form=BICREC",
  "urlHash": "72fa87716113830085e533e58d96ef7b",
  "download": "https://api.apify.com/v2/key-value-stores/4RdxL7XxoibmzPVmb/records/72fa87716113830085e533e58d96ef7b.zip"
},
{
  "url": "https://www.bing.com/images/create/portrait-photo-of-a-female-dog-dressed-in-modern-i/1-657d433d9a4e482aadb1769b9d1a63ef?id=Qu8Cs539Nxv%2bVO7udWQq8A%3d%3d&view=detailv2&idpp=genimg&idpbck=1&form=BICREC",
  "urlHash": "f9c9a1d0a7adf9bb96df665580d904dd",
  "download": "https://api.apify.com/v2/key-value-stores/4RdxL7XxoibmzPVmb/records/f9c9a1d0a7adf9bb96df665580d904dd.zip"
},
{
  "url": "https://www.bing.com/images/create/portrait-photo-of-a-female-dog-dressed-in-modern-i/1-657d433d9a4e482aadb1769b9d1a63ef?id=5I8Fwi0Ou6%2fT3F15VL2V9A%3d%3d&view=detailv2&idpp=genimg&idpbck=1&form=BICREC",
  "urlHash": "e80408f2d95b38ca7b1061adef584dc4",
  "download": "https://api.apify.com/v2/key-value-stores/4RdxL7XxoibmzPVmb/records/e80408f2d95b38ca7b1061adef584dc4.zip"
},
{
  "url": "https://www.bing.com/images/create/portrait-photo-of-a-female-dog-dressed-in-modern-i/1-657d4321203c49bc85ad2c4ba6c7ca80?id=wJZXx9XfrbP3V2Dwa0gXaA%3d%3d&view=detailv2&idpp=genimg&idpbck=1&form=BICREC",
  "urlHash": "510d70224cb2dd7061a2c7e245ae8949",
  "download": "https://api.apify.com/v2/key-value-stores/4RdxL7XxoibmzPVmb/records/510d70224cb2dd7061a2c7e245ae8949.zip"
},
{
  "url": "https://www.bing.com/images/create/portrait-photo-of-a-female-dog-dressed-in-modern-i/1-657d4321203c49bc85ad2c4ba6c7ca80?id=QloPNyAKGUhd%2fTBV9nBIhw%3d%3d&view=detailv2&idpp=genimg&idpbck=1&form=BICREC",
  "urlHash": "991c01c54f843f602807904d7ee88c35",
  "download": "https://api.apify.com/v2/key-value-stores/4RdxL7XxoibmzPVmb/records/991c01c54f843f602807904d7ee88c35.zip"
},
{
  "url": "https://www.bing.com/images/create/portrait-photo-of-a-female-dog-dressed-in-modern-i/1-657d4321203c49bc85ad2c4ba6c7ca80?id=%2bUPSzSkPnzAtyVVFhpRpeQ%3d%3d&view=detailv2&idpp=genimg&idpbck=1&form=BICREC",
  "urlHash": "50ec66ed2560b1da6a70424747aa0ba3",
  "download": "https://api.apify.com/v2/key-value-stores/4RdxL7XxoibmzPVmb/records/50ec66ed2560b1da6a70424747aa0ba3.zip"
},
{
  "url": "https://www.bing.com/images/create/portrait-photo-of-a-female-dog-dressed-in-modern-i/1-657d4321203c49bc85ad2c4ba6c7ca80?id=0Ntf1MykaC3B84HMJgO7Bw%3d%3d&view=detailv2&idpp=genimg&idpbck=1&form=BICREC",
  "urlHash": "cf0872a573e04c3b1598f81bc213488c",
  "download": "https://api.apify.com/v2/key-value-stores/4RdxL7XxoibmzPVmb/records/cf0872a573e04c3b1598f81bc213488c.zip"
},
{
  "url": "https://www.bing.com/images/create/portrait-photo-of-a-female-dog-dressed-in-modern-i/1-657d4304b21e49c2abf32f1f6227d412?id=nGnktQVRFpHebtIchFgA%2fw%3d%3d&view=detailv2&idpp=genimg&idpbck=1&form=BICREC",
  "urlHash": "3978fc7ccf1f1aa14104150ed5d9782f",
  "download": "https://api.apify.com/v2/key-value-stores/4RdxL7XxoibmzPVmb/records/3978fc7ccf1f1aa14104150ed5d9782f.zip"
},
{
  "url": "https://www.bing.com/images/create/portrait-photo-of-a-female-dog-dressed-in-modern-i/1-657d4304b21e49c2abf32f1f6227d412?id=5xbAFadItMpHZvtFoj%2fGpg%3d%3d&view=detailv2&idpp=genimg&idpbck=1&form=BICREC",
  "urlHash": "9293166b7d2e50aeddb6550236fcb368",
  "download": "https://api.apify.com/v2/key-value-stores/4RdxL7XxoibmzPVmb/records/9293166b7d2e50aeddb6550236fcb368.zip"
},
{
  "url": "https://www.bing.com/images/create/portrait-photo-of-a-female-dog-dressed-in-modern-i/1-657d4304b21e49c2abf32f1f6227d412?id=cOrHceeVi0oef7Kpi%2bcozA%3d%3d&view=detailv2&idpp=genimg&idpbck=1&form=BICREC",
  "urlHash": "b77fa7e267abd47c4ce57262da556e07",
  "download": "https://api.apify.com/v2/key-value-stores/4RdxL7XxoibmzPVmb/records/b77fa7e267abd47c4ce57262da556e07.zip"
},
{
  "url": "https://www.bing.com/images/create/portrait-photo-of-a-female-dog-dressed-in-modern-i/1-657d4304b21e49c2abf32f1f6227d412?id=qCMTYoqdRny1WHY5qpv79A%3d%3d&view=detailv2&idpp=genimg&idpbck=1&form=BICREC",
  "urlHash": "68a95fac80073a44a548ab6b16a16afb",
  "download": "https://api.apify.com/v2/key-value-stores/4RdxL7XxoibmzPVmb/records/68a95fac80073a44a548ab6b16a16afb.zip"
},
{
  "url": "https://www.bing.com/images/create/portrait-photo-of-a-female-dog-dressed-in-modern-i/1-657d42b05d4247dc8fb8112af321202b?id=461QXNdoY10cVV6PKEfu5A%3d%3d&view=detailv2&idpp=genimg&idpbck=1&form=BICREC",
  "urlHash": "19b0ef63f56f8ad48c14f769adb2ba0d",
  "download": "https://api.apify.com/v2/key-value-stores/4RdxL7XxoibmzPVmb/records/19b0ef63f56f8ad48c14f769adb2ba0d.zip"
},
{
  "url": "https://www.bing.com/images/create/portrait-photo-of-a-female-dog-dressed-in-modern-i/1-657d42daffb7401dbe8630ebbad7d150?id=DSKvnbygJy%2f0Og0XqDHW3g%3d%3d&view=detailv2&idpp=genimg&idpbck=1&form=BICREC",
  "urlHash": "bb3c810f710ebf2f972f3359df668a63",
  "download": "https://api.apify.com/v2/key-value-stores/4RdxL7XxoibmzPVmb/records/bb3c810f710ebf2f972f3359df668a63.zip"
},
{
  "url": "https://www.bing.com/images/create/portrait-photo-of-a-female-dog-dressed-in-modern-i/1-657d42daffb7401dbe8630ebbad7d150?id=%2fuKk0I54Ys3r%2friSITa2KQ%3d%3d&view=detailv2&idpp=genimg&idpbck=1&form=BICREC",
  "urlHash": "7e02b274fa748abbc10fee7c37850590",
  "download": "https://api.apify.com/v2/key-value-stores/4RdxL7XxoibmzPVmb/records/7e02b274fa748abbc10fee7c37850590.zip"
},
{
  "url": "https://www.bing.com/images/create/portrait-photo-of-a-female-dog-dressed-in-modern-i/1-657d42daffb7401dbe8630ebbad7d150?id=1SPOFOIw%2foXmGfb2eUebgA%3d%3d&view=detailv2&idpp=genimg&idpbck=1&form=BICREC",
  "urlHash": "2f91f23b2a746480ab69ea90a49d63b0",
  "download": "https://api.apify.com/v2/key-value-stores/4RdxL7XxoibmzPVmb/records/2f91f23b2a746480ab69ea90a49d63b0.zip"
},
{
  "url": "https://www.bing.com/images/create/portrait-photo-of-a-female-dog-dressed-in-modern-i/1-657d42daffb7401dbe8630ebbad7d150?id=3adzMHcUgYri%2ffSPrM7cqg%3d%3d&view=detailv2&idpp=genimg&idpbck=1&form=BICREC",
  "urlHash": "3c15f850202282214e082989be6a583d",
  "download": "https://api.apify.com/v2/key-value-stores/4RdxL7XxoibmzPVmb/records/3c15f850202282214e082989be6a583d.zip"
},
{
  "url": "https://www.bing.com/images/create/portrait-photo-of-a-female-dog-dressed-in-modern-i/1-657d4298ec5047d686bf3a56f866ffeb?id=z6MOYIOVyvTMDhPdZFwBrg%3d%3d&view=detailv2&idpp=genimg&idpbck=1&form=BICREC",
  "urlHash": "04ecee9eab49b0e106eb7acc6537993c",
  "download": "https://api.apify.com/v2/key-value-stores/4RdxL7XxoibmzPVmb/records/04ecee9eab49b0e106eb7acc6537993c.zip"
},
{
  "url": "https://www.bing.com/images/create/portrait-photo-of-a-female-dog-dressed-in-modern-i/1-657d42b05d4247dc8fb8112af321202b?id=sgws9cAl0dThYghWLsdrhA%3d%3d&view=detailv2&idpp=genimg&idpbck=1&form=BICREC",
  "urlHash": "31949dc8b7f2f99bc464f7c5de2da52f",
  "download": "https://api.apify.com/v2/key-value-stores/4RdxL7XxoibmzPVmb/records/31949dc8b7f2f99bc464f7c5de2da52f.zip"
},
{
  "url": "https://www.bing.com/images/create/portrait-photo-of-a-female-dog-dressed-in-modern-i/1-657d42b05d4247dc8fb8112af321202b?id=HiBQZSOe73gs0V4zNKdsmQ%3d%3d&view=detailv2&idpp=genimg&idpbck=1&form=BICREC",
  "urlHash": "40fc254af8d3371f3aea2dfff736a76e",
  "download": "https://api.apify.com/v2/key-value-stores/4RdxL7XxoibmzPVmb/records/40fc254af8d3371f3aea2dfff736a76e.zip"
},
{
  "url": "https://www.bing.com/images/create/portrait-photo-of-a-female-dog-dressed-in-modern-i/1-657d4298ec5047d686bf3a56f866ffeb?id=9OU5uLn8vZzmAZ4Slv%2b2Wg%3d%3d&view=detailv2&idpp=genimg&idpbck=1&form=BICREC",
  "urlHash": "a302c6b4947960ebc5b192da9f76df0a",
  "download": "https://api.apify.com/v2/key-value-stores/4RdxL7XxoibmzPVmb/records/a302c6b4947960ebc5b192da9f76df0a.zip"
},
{
  "url": "https://www.bing.com/images/create/portrait-photo-of-a-female-dog-dressed-in-modern-i/1-657d4298ec5047d686bf3a56f866ffeb?id=LRQOhiP%2bDA6hImrJLto3sQ%3d%3d&view=detailv2&idpp=genimg&idpbck=1&form=BICREC",
  "urlHash": "167213fa9a9e9fb0c790547009c13e59",
  "download": "https://api.apify.com/v2/key-value-stores/4RdxL7XxoibmzPVmb/records/167213fa9a9e9fb0c790547009c13e59.zip"
},
{
  "url": "https://www.bing.com/images/create/portrait-photo-of-a-female-dog-dressed-in-modern-i/1-657d4298ec5047d686bf3a56f866ffeb?id=0hnmyciKmtG8APoRYtej6Q%3d%3d&view=detailv2&idpp=genimg&idpbck=1&form=BICREC",
  "urlHash": "523da5f924f3ece454b64e6002c2bb6a",
  "download": "https://api.apify.com/v2/key-value-stores/4RdxL7XxoibmzPVmb/records/523da5f924f3ece454b64e6002c2bb6a.zip"
},
{
  "url": "https://www.bing.com/images/create/portrait-photo-of-a-female-dog-dressed-in-modern-i/1-657d427be6734a209a8706bdde4c30da?id=SzWwnPi9gJpC0hdIb2Zu8w%3d%3d&view=detailv2&idpp=genimg&idpbck=1&form=BICREC",
  "urlHash": "5783554698ad6f0b288c82dfde6eb8ed",
  "download": "https://api.apify.com/v2/key-value-stores/4RdxL7XxoibmzPVmb/records/5783554698ad6f0b288c82dfde6eb8ed.zip"
},
{
  "url": "https://www.bing.com/images/create/portrait-photo-of-a-female-dog-dressed-in-modern-i/1-657d427be6734a209a8706bdde4c30da?id=JXDPOUc7RijGLK5Z3Qr%2fxQ%3d%3d&view=detailv2&idpp=genimg&idpbck=1&form=BICREC",
  "urlHash": "607dc83c1023b24c4c74011ebe9891c2",
  "download": "https://api.apify.com/v2/key-value-stores/4RdxL7XxoibmzPVmb/records/607dc83c1023b24c4c74011ebe9891c2.zip"
},
{
  "url": "https://www.bing.com/images/create/portrait-photo-of-a-female-dog-dressed-in-modern-i/1-657d427be6734a209a8706bdde4c30da?id=b1FywzNCd83fVeDow4Zxgw%3d%3d&view=detailv2&idpp=genimg&idpbck=1&form=BICREC",
  "urlHash": "eef58f5a160df3713efa3da564fe52dd",
  "download": "https://api.apify.com/v2/key-value-stores/4RdxL7XxoibmzPVmb/records/eef58f5a160df3713efa3da564fe52dd.zip"
},
{
  "url": "https://www.bing.com/images/create/portrait-photo-of-a-female-dog-dressed-in-modern-i/1-657d424dce954346b0b401a45380ebda?id=JzAyr0DudW3hsJ4CHhg2mA%3d%3d&view=detailv2&idpp=genimg&idpbck=1&form=BICREC",
  "urlHash": "ea78ee46f78424ab06cefa807631a5ee",
  "download": "https://api.apify.com/v2/key-value-stores/4RdxL7XxoibmzPVmb/records/ea78ee46f78424ab06cefa807631a5ee.zip"
},
{
  "url": "https://www.bing.com/images/create/portrait-photo-of-a-female-dog-dressed-in-modern-i/1-657d424dce954346b0b401a45380ebda?id=IeDz%2fB5SllRsJFQ2NWHCpA%3d%3d&view=detailv2&idpp=genimg&idpbck=1&form=BICREC",
  "urlHash": "6a0b1be75110077188661df0a7db4ffe",
  "download": "https://api.apify.com/v2/key-value-stores/4RdxL7XxoibmzPVmb/records/6a0b1be75110077188661df0a7db4ffe.zip"
},
{
  "url": "https://www.bing.com/images/create/portrait-photo-of-a-female-dog-dressed-in-modern-i/1-657d424dce954346b0b401a45380ebda?id=WYC%2bUAex%2fNbz%2fw2tAhTzXQ%3d%3d&view=detailv2&idpp=genimg&idpbck=1&form=BICREC",
  "urlHash": "197df70370caf9a39d27e509fa49d457",
  "download": "https://api.apify.com/v2/key-value-stores/4RdxL7XxoibmzPVmb/records/197df70370caf9a39d27e509fa49d457.zip"
},
{
  "url": "https://www.bing.com/images/create/portrait-photo-of-a-female-dog-dressed-in-modern-i/1-657d44f1fd42481693ac6392bb017eb0?id=RqcxvEGezx%2f6mDlikwd0Xg%3d%3d&view=detailv2&idpp=genimg&idpbck=1&form=BICREC",
  "urlHash": "a5b0d9fa18d48b92931a45ddbdb1d09a",
  "download": "https://api.apify.com/v2/key-value-stores/4RdxL7XxoibmzPVmb/records/a5b0d9fa18d48b92931a45ddbdb1d09a.zip"
},
{
  "url": "https://www.bing.com/images/create/portrait-photo-of-a-female-dog-dressed-in-modern-i/1-657d44f1fd42481693ac6392bb017eb0?id=ECSxEnDc3NdojcwjCPsEUg%3d%3d&view=detailv2&idpp=genimg&idpbck=1&form=BICREC",
  "urlHash": "718e760c70ed635e6772d15ec1624d81",
  "download": "https://api.apify.com/v2/key-value-stores/4RdxL7XxoibmzPVmb/records/718e760c70ed635e6772d15ec1624d81.zip"
},
{
  "url": "https://www.bing.com/images/create/portrait-photo-of-a-female-dog-dressed-in-modern-i/1-657d44db827545a88ae1fb037b9c4c74?id=AlQ4%2foDU79mMQxc1KB8BEg%3d%3d&view=detailv2&idpp=genimg&idpbck=1&form=BICREC",
  "urlHash": "b6c3a14c5fe014424a9160f3fa9518ca",
  "download": "https://api.apify.com/v2/key-value-stores/4RdxL7XxoibmzPVmb/records/b6c3a14c5fe014424a9160f3fa9518ca.zip"
},
{
  "url": "https://www.bing.com/images/create/portrait-photo-of-a-female-dog-dressed-in-modern-i/1-657d44db827545a88ae1fb037b9c4c74?id=drDyAZpgXFiebaBPj8ngsQ%3d%3d&view=detailv2&idpp=genimg&idpbck=1&form=BICREC",
  "urlHash": "36343f65ab2cc39983d4da339b62f276",
  "download": "https://api.apify.com/v2/key-value-stores/4RdxL7XxoibmzPVmb/records/36343f65ab2cc39983d4da339b62f276.zip"
},
{
  "url": "https://www.bing.com/images/create/portrait-photo-of-a-female-dog-dressed-in-modern-i/1-657d44c29d4542deb1aa9c367ecfbd37?id=o2%2fZQPcIMP7wPa5t%2bu6YmA%3d%3d&view=detailv2&idpp=genimg&idpbck=1&form=BICREC",
  "urlHash": "1b6488d6fb16306fafaf5b4e48738b8c",
  "download": "https://api.apify.com/v2/key-value-stores/4RdxL7XxoibmzPVmb/records/1b6488d6fb16306fafaf5b4e48738b8c.zip"
},
{
  "url": "https://www.bing.com/images/create/portrait-photo-of-a-female-dog-dressed-in-modern-i/1-657d44c29d4542deb1aa9c367ecfbd37?id=NpBh4fWKL80zt%2fSyJnI71w%3d%3d&view=detailv2&idpp=genimg&idpbck=1&form=BICREC",
  "urlHash": "ad595813b8b90b62872c4438ac92ec51",
  "download": "https://api.apify.com/v2/key-value-stores/4RdxL7XxoibmzPVmb/records/ad595813b8b90b62872c4438ac92ec51.zip"
},
{
  "url": "https://www.bing.com/images/create/portrait-photo-of-a-female-dog-dressed-in-modern-i/1-657d44c29d4542deb1aa9c367ecfbd37?id=W5OnE8wKAhHgFO0xfNnsuQ%3d%3d&view=detailv2&idpp=genimg&idpbck=1&form=BICREC",
  "urlHash": "9497d9e33f29e72a0a23cff10b6f2602",
  "download": "https://api.apify.com/v2/key-value-stores/4RdxL7XxoibmzPVmb/records/9497d9e33f29e72a0a23cff10b6f2602.zip"
},
{
  "url": "https://www.bing.com/images/create/portrait-photo-of-a-female-dog-dressed-in-modern-i/1-657d449e1fd14d2f857274f16d0f622b?id=tQ9QROhwddWk4KnQBjo3wg%3d%3d&view=detailv2&idpp=genimg&idpbck=1&form=BICREC",
  "urlHash": "1b3f36e8b7dfa6369e2bc950b67ecd31",
  "download": "https://api.apify.com/v2/key-value-stores/4RdxL7XxoibmzPVmb/records/1b3f36e8b7dfa6369e2bc950b67ecd31.zip"
},
{
  "url": "https://www.bing.com/images/create/portrait-photo-of-a-female-dog-dressed-in-modern-i/1-657d449e1fd14d2f857274f16d0f622b?id=6NaDd0u53I6LoiW4d2V0Sg%3d%3d&view=detailv2&idpp=genimg&idpbck=1&form=BICREC",
  "urlHash": "7ea01b3890935476f2283a0f9b61a88c",
  "download": "https://api.apify.com/v2/key-value-stores/4RdxL7XxoibmzPVmb/records/7ea01b3890935476f2283a0f9b61a88c.zip"
},
{
  "url": "https://www.bing.com/images/create/portrait-photo-of-a-female-dog-dressed-in-modern-i/1-657d43d80d7440cab402ae047e868423?id=WZ3R841KQznJlyFqbOcLzg%3d%3d&view=detailv2&idpp=genimg&idpbck=1&form=BICREC",
  "urlHash": "7c22e4997fc4834a4d7904093910909a",
  "download": "https://api.apify.com/v2/key-value-stores/4RdxL7XxoibmzPVmb/records/7c22e4997fc4834a4d7904093910909a.zip"
},
{
  "url": "https://www.bing.com/images/create/portrait-photo-of-a-female-dog-dressed-in-modern-i/1-657d449e1fd14d2f857274f16d0f622b?id=RiFAyQWI0ESGeKbyWMyXeA%3d%3d&view=detailv2&idpp=genimg&idpbck=1&form=BICREC",
  "urlHash": "2d6f6ced059778c2e8d3cddb379b4391",
  "download": "https://api.apify.com/v2/key-value-stores/4RdxL7XxoibmzPVmb/records/2d6f6ced059778c2e8d3cddb379b4391.zip"
},
{
  "url": "https://www.bing.com/images/create/portrait-photo-of-a-female-dog-dressed-in-modern-i/1-657d43d80d7440cab402ae047e868423?id=JpmrGjFdZVphX6S0iWygBQ%3d%3d&view=detailv2&idpp=genimg&idpbck=1&form=BICREC",
  "urlHash": "06630e8f9b58972266139300b7b385db",
  "download": "https://api.apify.com/v2/key-value-stores/4RdxL7XxoibmzPVmb/records/06630e8f9b58972266139300b7b385db.zip"
},
{
  "url": "https://www.bing.com/images/create/portrait-photo-of-a-female-dog-dressed-in-modern-i/1-657d43d80d7440cab402ae047e868423?id=3i0aa%2bSlkCw7SeMWW15f7A%3d%3d&view=detailv2&idpp=genimg&idpbck=1&form=BICREC",
  "urlHash": "3727fb26a2185f9fefb410df90007b44",
  "download": "https://api.apify.com/v2/key-value-stores/4RdxL7XxoibmzPVmb/records/3727fb26a2185f9fefb410df90007b44.zip"
},
{
  "url": "https://www.bing.com/images/create/portrait-photo-of-a-female-dog-dressed-in-modern-i/1-657d43d80d7440cab402ae047e868423?id=uzi%2fusK9nT3DbXPVJwfjmA%3d%3d&view=detailv2&idpp=genimg&idpbck=1&form=BICREC",
  "urlHash": "da5e0338c44eac004171c088439f61b5",
  "download": "https://api.apify.com/v2/key-value-stores/4RdxL7XxoibmzPVmb/records/da5e0338c44eac004171c088439f61b5.zip"
},
{
  "url": "https://www.bing.com/images/create/portrait-photo-of-a-female-dog-dressed-in-modern-i/1-657d449e1fd14d2f857274f16d0f622b?id=JftTv9krB0YH6C5qHi2mxA%3d%3d&view=detailv2&idpp=genimg&idpbck=1&form=BICREC",
  "urlHash": "3c206cd4c5ba51de49c9de9b8ec8a22d",
  "download": "https://api.apify.com/v2/key-value-stores/4RdxL7XxoibmzPVmb/records/3c206cd4c5ba51de49c9de9b8ec8a22d.zip"
},
{
  "url": "https://www.bing.com/images/create/portrait-photo-of-a-female-dog-dressed-in-modern-i/1-657d43bc0e824cb6aaa3590282608110?id=8JcnJpFxxA3DONWQ3C8zxQ%3d%3d&view=detailv2&idpp=genimg&idpbck=1&form=BICREC",
  "urlHash": "e657b99ee43a87e849fb6098a3cb9e96",
  "download": "https://api.apify.com/v2/key-value-stores/4RdxL7XxoibmzPVmb/records/e657b99ee43a87e849fb6098a3cb9e96.zip"
},
{
  "url": "https://www.bing.com/images/create/portrait-photo-of-a-female-dog-dressed-in-modern-i/1-657d43bc0e824cb6aaa3590282608110?id=fFfkip5jn9KzT0fieRLMQg%3d%3d&view=detailv2&idpp=genimg&idpbck=1&form=BICREC",
  "urlHash": "61e6ee4cd4cfbff6fb96560b8e09953e",
  "download": "https://api.apify.com/v2/key-value-stores/4RdxL7XxoibmzPVmb/records/61e6ee4cd4cfbff6fb96560b8e09953e.zip"
},
{
  "url": "https://www.bing.com/images/create/portrait-photo-of-a-female-dog-dressed-in-modern-i/1-657d43a34fdb43408e05a01a6503a294?id=QYJTyB8Fi90uj50zgdAZlg%3d%3d&view=detailv2&idpp=genimg&idpbck=1&form=BICREC",
  "urlHash": "ff14e4b577401b77e9585129ebf6f640",
  "download": "https://api.apify.com/v2/key-value-stores/4RdxL7XxoibmzPVmb/records/ff14e4b577401b77e9585129ebf6f640.zip"
},
{
  "url": "https://www.bing.com/images/create/portrait-photo-of-a-female-dog-dressed-in-modern-i/1-657d43a34fdb43408e05a01a6503a294?id=9IKACM3z%2bJ5YMcCwQ3Mshw%3d%3d&view=detailv2&idpp=genimg&idpbck=1&form=BICREC",
  "urlHash": "03b7adb5dede4ea2fcb08ecab8d3e621",
  "download": "https://api.apify.com/v2/key-value-stores/4RdxL7XxoibmzPVmb/records/03b7adb5dede4ea2fcb08ecab8d3e621.zip"
},
{
  "url": "https://www.bing.com/images/create/portrait-photo-of-a-female-dog-dressed-in-modern-i/1-657d43a34fdb43408e05a01a6503a294?id=HPwO5Auw61NBMHVSKi3bHg%3d%3d&view=detailv2&idpp=genimg&idpbck=1&form=BICREC",
  "urlHash": "896cad48cb8c4da79238fe4143d04c87",
  "download": "https://api.apify.com/v2/key-value-stores/4RdxL7XxoibmzPVmb/records/896cad48cb8c4da79238fe4143d04c87.zip"
},
{
  "url": "https://www.bing.com/images/create/portrait-photo-of-a-female-dog-dressed-in-modern-i/1-657d43a34fdb43408e05a01a6503a294?id=Bn3cAoiwcGLEns07KMP8ow%3d%3d&view=detailv2&idpp=genimg&idpbck=1&form=BICREC",
  "urlHash": "cc7ef6ca1022ab3679859c8fd8d99f3c",
  "download": "https://api.apify.com/v2/key-value-stores/4RdxL7XxoibmzPVmb/records/cc7ef6ca1022ab3679859c8fd8d99f3c.zip"
},
{
  "url": "https://www.bing.com/images/create/portrait-photo-of-a-female-dog-dressed-in-modern-i/1-657d436e77294d059736af35a48a914b?id=THxzN4eUDVLJchQ4udND%2bg%3d%3d&view=detailv2&idpp=genimg&idpbck=1&form=BICREC",
  "urlHash": "3a63ffb031b06a0e7c0d02d4d50f1093",
  "download": "https://api.apify.com/v2/key-value-stores/4RdxL7XxoibmzPVmb/records/3a63ffb031b06a0e7c0d02d4d50f1093.zip"
},
{
  "url": "https://www.bing.com/images/create/portrait-photo-of-a-female-dog-dressed-in-modern-i/1-657d436e77294d059736af35a48a914b?id=nhvF8m9ETsuWgV9YJha8Gg%3d%3d&view=detailv2&idpp=genimg&idpbck=1&form=BICREC",
  "urlHash": "6973dc9765ea2a563ced2161c2bb661a",
  "download": "https://api.apify.com/v2/key-value-stores/4RdxL7XxoibmzPVmb/records/6973dc9765ea2a563ced2161c2bb661a.zip"
},
{
  "url": "https://www.bing.com/images/create/portrait-photo-of-a-female-dog-dressed-in-modern-i/1-657d43bc0e824cb6aaa3590282608110?id=7ENCPSYCoDk%2b%2f5dR3AcjCw%3d%3d&view=detailv2&idpp=genimg&idpbck=1&form=BICREC",
  "urlHash": "393936afedd2ddb1b558d0a12201c81a",
  "download": "https://api.apify.com/v2/key-value-stores/4RdxL7XxoibmzPVmb/records/393936afedd2ddb1b558d0a12201c81a.zip"
},
{
  "url": "https://www.bing.com/images/create/portrait-photo-of-a-female-dog-dressed-in-modern-i/1-657d436e77294d059736af35a48a914b?id=32dQQaNRiUeJ73SVrZ1Vuw%3d%3d&view=detailv2&idpp=genimg&idpbck=1&form=BICREC",
  "urlHash": "309550ccc99e9dc1a0cfb15c25ac6672",
  "download": "https://api.apify.com/v2/key-value-stores/4RdxL7XxoibmzPVmb/records/309550ccc99e9dc1a0cfb15c25ac6672.zip"
},
{
  "url": "https://www.bing.com/images/create/portrait-photo-of-a-female-dog-dressed-in-modern-i/1-657d44f1fd42481693ac6392bb017eb0?id=hgARCh2ybx2e6RAkgmTDbg%3d%3d&view=detailv2&idpp=genimg&idpbck=1&form=BICREC",
  "urlHash": "cb7c8495cd06ceb5d82fcc3662f2ca26",
  "download": "https://api.apify.com/v2/key-value-stores/4RdxL7XxoibmzPVmb/records/cb7c8495cd06ceb5d82fcc3662f2ca26.zip"
},
{
  "url": "https://www.bing.com/images/create/portrait-photo-of-a-female-dog-dressed-in-modern-i/1-657d42b05d4247dc8fb8112af321202b?id=UxiKtROHKAhKqieflihEiA%3d%3d&view=detailv2&idpp=genimg&idpbck=1&form=BICREC",
  "urlHash": "78a8d844a568edc329fe74883c382d5d",
  "download": "https://api.apify.com/v2/key-value-stores/4RdxL7XxoibmzPVmb/records/78a8d844a568edc329fe74883c382d5d.zip"
},
{
  "url": "https://www.bing.com/images/create/portrait-photo-of-a-female-dog-dressed-in-modern-i/1-657d427be6734a209a8706bdde4c30da?id=AYHNNdPjum0o0YEpiJB2EA%3d%3d&view=detailv2&idpp=genimg&idpbck=1&form=BICREC",
  "urlHash": "c4c665011639d6d3b68d12ce9fd48c15",
  "download": "https://api.apify.com/v2/key-value-stores/4RdxL7XxoibmzPVmb/records/c4c665011639d6d3b68d12ce9fd48c15.zip"
},
{
  "url": "https://www.bing.com/images/create/portrait-photo-of-a-female-dog-dressed-in-modern-i/1-657d424dce954346b0b401a45380ebda?id=N%2bEVyjCY3Ut567yXdDLAEg%3d%3d&view=detailv2&idpp=genimg&idpbck=1&form=BICREC",
  "urlHash": "fd31dfe797b16728270246f1990d8616",
  "download": "https://api.apify.com/v2/key-value-stores/4RdxL7XxoibmzPVmb/records/fd31dfe797b16728270246f1990d8616.zip"
},
{
  "url": "https://www.bing.com/images/create/portrait-photo-of-a-female-dog-dressed-in-modern-i/1-657d44f1fd42481693ac6392bb017eb0?id=HRoevpSyo8Xv%2f03yBxY1ng%3d%3d&view=detailv2&idpp=genimg&idpbck=1&form=BICREC",
  "urlHash": "6f0f2955de603f19d0d469802be60b8e",
  "download": "https://api.apify.com/v2/key-value-stores/4RdxL7XxoibmzPVmb/records/6f0f2955de603f19d0d469802be60b8e.zip"
},
{
  "url": "https://www.bing.com/images/create/portrait-photo-of-a-female-dog-dressed-in-modern-i/1-657d44db827545a88ae1fb037b9c4c74?id=LOKNLkoHMkVL9DNrNvMlLw%3d%3d&view=detailv2&idpp=genimg&idpbck=1&form=BICREC",
  "urlHash": "af179c5927142354246c752cdf20ba0b",
  "download": "https://api.apify.com/v2/key-value-stores/4RdxL7XxoibmzPVmb/records/af179c5927142354246c752cdf20ba0b.zip"
},
{
  "url": "https://www.bing.com/images/create/portrait-photo-of-a-female-dog-dressed-in-modern-i/1-657d44c29d4542deb1aa9c367ecfbd37?id=hREK1fTgN1vAuR4Cjr%2fMzQ%3d%3d&view=detailv2&idpp=genimg&idpbck=1&form=BICREC",
  "urlHash": "cc7b62477fb86e174f36d02e4bda25b4",
  "download": "https://api.apify.com/v2/key-value-stores/4RdxL7XxoibmzPVmb/records/cc7b62477fb86e174f36d02e4bda25b4.zip"
},
{
  "url": "https://www.bing.com/images/create/portrait-photo-of-a-female-dog-dressed-in-modern-i/1-657d44db827545a88ae1fb037b9c4c74?id=JpEFoViOXln0Jh%2fe3cGMNw%3d%3d&view=detailv2&idpp=genimg&idpbck=1&form=BICREC",
  "urlHash": "06d43453e51ab649813f5a96212160ef",
  "download": "https://api.apify.com/v2/key-value-stores/4RdxL7XxoibmzPVmb/records/06d43453e51ab649813f5a96212160ef.zip"
},
{
  "url": "https://www.bing.com/images/create/portrait-photo-of-a-female-dog-dressed-in-modern-i/1-657d43bc0e824cb6aaa3590282608110?id=opUxf7vsO2VsVWTafCCV3Q%3d%3d&view=detailv2&idpp=genimg&idpbck=1&form=BICREC",
  "urlHash": "e86dfd00aa60c089848235b82a4534f7",
  "download": "https://api.apify.com/v2/key-value-stores/4RdxL7XxoibmzPVmb/records/e86dfd00aa60c089848235b82a4534f7.zip"
},
{
  "url": "https://www.bing.com/images/create/portrait-photo-of-a-female-dog-dressed-in-modern-i/1-657d436e77294d059736af35a48a914b?id=8GkOw%2fBNzwDD8h%2bZE7A4cw%3d%3d&view=detailv2&idpp=genimg&idpbck=1&form=BICREC",
  "urlHash": "cc2e909868e71f9501ddbe299550d1af",
  "download": "https://api.apify.com/v2/key-value-stores/4RdxL7XxoibmzPVmb/records/cc2e909868e71f9501ddbe299550d1af.zip"
}]